ISO-10303-21;
HEADER;
FILE_DESCRIPTION(('Open CASCADE Model'),'2;1');
FILE_NAME('Open CASCADE Shape Model','2026-10-03T04:53:59',('Author'),(
    'Open CASCADE'),'Open CASCADE STEP processor 8.0','build123d',
  'Unknown');
FILE_SCHEMA(('AUTOMOTIVE_DESIGN { 1 0 10303 214 1 1 1 1 }'));
ENDSEC;
DATA;
#1 = APPLICATION_PROTOCOL_DEFINITION('international standard',
  'automotive_design',2000,#2);
#2 = APPLICATION_CONTEXT(
  'core data for automotive mechanical design processes');
#3 = SHAPE_DEFINITION_REPRESENTATION(#4,#10);
#4 = PRODUCT_DEFINITION_SHAPE('','',#5);
#5 = PRODUCT_DEFINITION('design','',#6,#9);
#6 = PRODUCT_DEFINITION_FORMATION('','',#7);
#7 = PRODUCT('COMPOUND','COMPOUND','',(#8));
#8 = PRODUCT_CONTEXT('',#2,'mechanical');
#9 = PRODUCT_DEFINITION_CONTEXT('part definition',#2,'design');
#10 = ADVANCED_BREP_SHAPE_REPRESENTATION('',(#11,#15),#3783);
#11 = AXIS2_PLACEMENT_3D('',#12,#13,#14);
#12 = CARTESIAN_POINT('',(0.,0.,0.));
#13 = DIRECTION('',(0.,0.,1.));
#14 = DIRECTION('',(1.,0.,-0.));
#15 = MANIFOLD_SOLID_BREP('',#16);
#16 = CLOSED_SHELL('',(#17,#135,#207,#279,#349,#425,#497,#569,#639,#715,
    #787,#859,#929,#1005,#1077,#1149,#1219,#1295,#1367,#1439,#1509,#1585
    ,#1657,#1729,#1799,#1875,#1947,#2019,#2089,#2165,#2237,#2309,#2379,
    #2455,#2527,#2599,#2669,#2745,#2817,#2889,#2959,#3035,#3107,#3179,
    #3249,#3325,#3397,#3464,#3564,#3619,#3654,#3704,#3729));
#17 = ADVANCED_FACE('',(#18),#33,.T.);
#18 = FACE_BOUND('',#19,.T.);
#19 = EDGE_LOOP('',(#20,#56,#82,#111));
#20 = ORIENTED_EDGE('',*,*,#21,.F.);
#21 = EDGE_CURVE('',#22,#24,#26,.T.);
#22 = VERTEX_POINT('',#23);
#23 = CARTESIAN_POINT('',(-40.16375825803,-205.,606.));
#24 = VERTEX_POINT('',#25);
#25 = CARTESIAN_POINT('',(-51.87902439524,-205.,649.72196844827));
#26 = SURFACE_CURVE('',#27,(#32,#44),.PCURVE_S1.);
#27 = CIRCLE('',#28,110.);
#28 = AXIS2_PLACEMENT_3D('',#29,#30,#31);
#29 = CARTESIAN_POINT('',(-150.,-205.,600.));
#30 = DIRECTION('',(0.,-1.,2.22044604925E-16));
#31 = DIRECTION('',(1.,0.,0.));
#32 = PCURVE('',#33,#38);
#33 = CYLINDRICAL_SURFACE('',#34,110.);
#34 = AXIS2_PLACEMENT_3D('',#35,#36,#37);
#35 = CARTESIAN_POINT('',(-150.,-195.,600.));
#36 = DIRECTION('',(0.,-1.,2.22044604925E-16));
#37 = DIRECTION('',(1.,0.,0.));
#38 = DEFINITIONAL_REPRESENTATION('',(#39),#43);
#39 = LINE('',#40,#41);
#40 = CARTESIAN_POINT('',(0.,10.));
#41 = VECTOR('',#42,1.);
#42 = DIRECTION('',(1.,0.));
#43 = ( GEOMETRIC_REPRESENTATION_CONTEXT(2) 
PARAMETRIC_REPRESENTATION_CONTEXT() REPRESENTATION_CONTEXT('2D SPACE',''
  ) );
#44 = PCURVE('',#45,#50);
#45 = PLANE('',#46);
#46 = AXIS2_PLACEMENT_3D('',#47,#48,#49);
#47 = CARTESIAN_POINT('',(-150.,-205.,600.));
#48 = DIRECTION('',(0.,-1.,2.22044604925E-16));
#49 = DIRECTION('',(1.,0.,0.));
#50 = DEFINITIONAL_REPRESENTATION('',(#51),#55);
#51 = CIRCLE('',#52,110.);
#52 = AXIS2_PLACEMENT_2D('',#53,#54);
#53 = CARTESIAN_POINT('',(0.,0.));
#54 = DIRECTION('',(1.,0.));
#55 = ( GEOMETRIC_REPRESENTATION_CONTEXT(2) 
PARAMETRIC_REPRESENTATION_CONTEXT() REPRESENTATION_CONTEXT('2D SPACE',''
  ) );
#56 = ORIENTED_EDGE('',*,*,#57,.F.);
#57 = EDGE_CURVE('',#58,#22,#60,.T.);
#58 = VERTEX_POINT('',#59);
#59 = CARTESIAN_POINT('',(-40.16375825803,-195.,606.));
#60 = SURFACE_CURVE('',#61,(#65,#71),.PCURVE_S1.);
#61 = LINE('',#62,#63);
#62 = CARTESIAN_POINT('',(-40.16375825803,-195.,606.));
#63 = VECTOR('',#64,1.);
#64 = DIRECTION('',(0.,-1.,2.22044604925E-16));
#65 = PCURVE('',#33,#66);
#66 = DEFINITIONAL_REPRESENTATION('',(#67),#70);
#67 = B_SPLINE_CURVE_WITH_KNOTS('',1,(#68,#69),.UNSPECIFIED.,.F.,.F.,(2,
    2),(-5.999999928008E-07,10.0000006),.PIECEWISE_BEZIER_KNOTS.);
#68 = CARTESIAN_POINT('',(5.457253815468E-02,-5.999999914685E-07));
#69 = CARTESIAN_POINT('',(5.457253815468E-02,10.0000006));
#70 = ( GEOMETRIC_REPRESENTATION_CONTEXT(2) 
PARAMETRIC_REPRESENTATION_CONTEXT() REPRESENTATION_CONTEXT('2D SPACE',''
  ) );
#71 = PCURVE('',#72,#77);
#72 = PLANE('',#73);
#73 = AXIS2_PLACEMENT_3D('',#74,#75,#76);
#74 = CARTESIAN_POINT('',(-54.,-207.,606.));
#75 = DIRECTION('',(0.,0.,1.));
#76 = DIRECTION('',(1.,0.,0.));
#77 = DEFINITIONAL_REPRESENTATION('',(#78),#81);
#78 = B_SPLINE_CURVE_WITH_KNOTS('',1,(#79,#80),.UNSPECIFIED.,.F.,.F.,(2,
    2),(-5.999999928008E-07,10.0000006),.PIECEWISE_BEZIER_KNOTS.);
#79 = CARTESIAN_POINT('',(13.836241741968,12.0000006));
#80 = CARTESIAN_POINT('',(13.836241741968,1.9999994));
#81 = ( GEOMETRIC_REPRESENTATION_CONTEXT(2) 
PARAMETRIC_REPRESENTATION_CONTEXT() REPRESENTATION_CONTEXT('2D SPACE',''
  ) );
#82 = ORIENTED_EDGE('',*,*,#83,.T.);
#83 = EDGE_CURVE('',#58,#84,#86,.T.);
#84 = VERTEX_POINT('',#85);
#85 = CARTESIAN_POINT('',(-51.87902439524,-195.,649.72196844827));
#86 = SURFACE_CURVE('',#87,(#92,#99),.PCURVE_S1.);
#87 = CIRCLE('',#88,110.);
#88 = AXIS2_PLACEMENT_3D('',#89,#90,#91);
#89 = CARTESIAN_POINT('',(-150.,-195.,600.));
#90 = DIRECTION('',(0.,-1.,2.22044604925E-16));
#91 = DIRECTION('',(1.,0.,0.));
#92 = PCURVE('',#33,#93);
#93 = DEFINITIONAL_REPRESENTATION('',(#94),#98);
#94 = LINE('',#95,#96);
#95 = CARTESIAN_POINT('',(0.,0.));
#96 = VECTOR('',#97,1.);
#97 = DIRECTION('',(1.,0.));
#98 = ( GEOMETRIC_REPRESENTATION_CONTEXT(2) 
PARAMETRIC_REPRESENTATION_CONTEXT() REPRESENTATION_CONTEXT('2D SPACE',''
  ) );
#99 = PCURVE('',#100,#105);
#100 = PLANE('',#101);
#101 = AXIS2_PLACEMENT_3D('',#102,#103,#104);
#102 = CARTESIAN_POINT('',(-150.,-195.,600.));
#103 = DIRECTION('',(0.,-1.,2.22044604925E-16));
#104 = DIRECTION('',(1.,0.,0.));
#105 = DEFINITIONAL_REPRESENTATION('',(#106),#110);
#106 = CIRCLE('',#107,110.);
#107 = AXIS2_PLACEMENT_2D('',#108,#109);
#108 = CARTESIAN_POINT('',(0.,0.));
#109 = DIRECTION('',(1.,0.));
#110 = ( GEOMETRIC_REPRESENTATION_CONTEXT(2) 
PARAMETRIC_REPRESENTATION_CONTEXT() REPRESENTATION_CONTEXT('2D SPACE',''
  ) );
#111 = ORIENTED_EDGE('',*,*,#112,.T.);
#112 = EDGE_CURVE('',#84,#24,#113,.T.);
#113 = SURFACE_CURVE('',#114,(#118,#124),.PCURVE_S1.);
#114 = LINE('',#115,#116);
#115 = CARTESIAN_POINT('',(-51.87902439524,-195.,649.72196844827));
#116 = VECTOR('',#117,1.);
#117 = DIRECTION('',(0.,-1.,2.22044604925E-16));
#118 = PCURVE('',#33,#119);
#119 = DEFINITIONAL_REPRESENTATION('',(#120),#123);
#120 = B_SPLINE_CURVE_WITH_KNOTS('',1,(#121,#122),.UNSPECIFIED.,.F.,.F.,
  (2,2),(-6.000000212225E-07,10.0000006),.PIECEWISE_BEZIER_KNOTS.);
#121 = CARTESIAN_POINT('',(0.469026237444,-6.00000010182E-07));
#122 = CARTESIAN_POINT('',(0.469026237444,10.0000006));
#123 = ( GEOMETRIC_REPRESENTATION_CONTEXT(2) 
PARAMETRIC_REPRESENTATION_CONTEXT() REPRESENTATION_CONTEXT('2D SPACE',''
  ) );
#124 = PCURVE('',#125,#130);
#125 = PLANE('',#126);
#126 = AXIS2_PLACEMENT_3D('',#127,#128,#129);
#127 = CARTESIAN_POINT('',(-63.86156123669,-207.,642.80384757729));
#128 = DIRECTION('',(-0.5,0.,0.866025403784));
#129 = DIRECTION('',(0.866025403784,0.,0.5));
#130 = DEFINITIONAL_REPRESENTATION('',(#131),#134);
#131 = B_SPLINE_CURVE_WITH_KNOTS('',1,(#132,#133),.UNSPECIFIED.,.F.,.F.,
  (2,2),(-6.000000212225E-07,10.0000006),.PIECEWISE_BEZIER_KNOTS.);
#132 = CARTESIAN_POINT('',(13.836241741968,12.0000006));
#133 = CARTESIAN_POINT('',(13.836241741968,1.9999994));
#134 = ( GEOMETRIC_REPRESENTATION_CONTEXT(2) 
PARAMETRIC_REPRESENTATION_CONTEXT() REPRESENTATION_CONTEXT('2D SPACE',''
  ) );
#135 = ADVANCED_FACE('',(#136),#72,.F.);
#136 = FACE_BOUND('',#137,.F.);
#137 = EDGE_LOOP('',(#138,#168,#187,#188));
#138 = ORIENTED_EDGE('',*,*,#139,.F.);
#139 = EDGE_CURVE('',#140,#142,#144,.T.);
#140 = VERTEX_POINT('',#141);
#141 = CARTESIAN_POINT('',(-54.,-205.,606.));
#142 = VERTEX_POINT('',#143);
#143 = CARTESIAN_POINT('',(-54.,-195.,606.));
#144 = SURFACE_CURVE('',#145,(#149,#156),.PCURVE_S1.);
#145 = LINE('',#146,#147);
#146 = CARTESIAN_POINT('',(-54.,-207.,606.));
#147 = VECTOR('',#148,1.);
#148 = DIRECTION('',(0.,1.,0.));
#149 = PCURVE('',#72,#150);
#150 = DEFINITIONAL_REPRESENTATION('',(#151),#155);
#151 = LINE('',#152,#153);
#152 = CARTESIAN_POINT('',(0.,0.));
#153 = VECTOR('',#154,1.);
#154 = DIRECTION('',(0.,1.));
#155 = ( GEOMETRIC_REPRESENTATION_CONTEXT(2) 
PARAMETRIC_REPRESENTATION_CONTEXT() REPRESENTATION_CONTEXT('2D SPACE',''
  ) );
#156 = PCURVE('',#157,#162);
#157 = PLANE('',#158);
#158 = AXIS2_PLACEMENT_3D('',#159,#160,#161);
#159 = CARTESIAN_POINT('',(-54.,-207.,594.));
#160 = DIRECTION('',(1.,0.,0.));
#161 = DIRECTION('',(0.,0.,1.));
#162 = DEFINITIONAL_REPRESENTATION('',(#163),#167);
#163 = LINE('',#164,#165);
#164 = CARTESIAN_POINT('',(12.,0.));
#165 = VECTOR('',#166,1.);
#166 = DIRECTION('',(0.,-1.));
#167 = ( GEOMETRIC_REPRESENTATION_CONTEXT(2) 
PARAMETRIC_REPRESENTATION_CONTEXT() REPRESENTATION_CONTEXT('2D SPACE',''
  ) );
#168 = ORIENTED_EDGE('',*,*,#169,.F.);
#169 = EDGE_CURVE('',#22,#140,#170,.T.);
#170 = SURFACE_CURVE('',#171,(#175,#181),.PCURVE_S1.);
#171 = LINE('',#172,#173);
#172 = CARTESIAN_POINT('',(-102.,-205.,606.));
#173 = VECTOR('',#174,1.);
#174 = DIRECTION('',(-1.,0.,0.));
#175 = PCURVE('',#72,#176);
#176 = DEFINITIONAL_REPRESENTATION('',(#177),#180);
#177 = B_SPLINE_CURVE_WITH_KNOTS('',1,(#178,#179),.UNSPECIFIED.,.F.,.F.,
  (2,2),(-62.,-48.),.PIECEWISE_BEZIER_KNOTS.);
#178 = CARTESIAN_POINT('',(14.,2.));
#179 = CARTESIAN_POINT('',(0.,2.));
#180 = ( GEOMETRIC_REPRESENTATION_CONTEXT(2) 
PARAMETRIC_REPRESENTATION_CONTEXT() REPRESENTATION_CONTEXT('2D SPACE',''
  ) );
#181 = PCURVE('',#45,#182);
#182 = DEFINITIONAL_REPRESENTATION('',(#183),#186);
#183 = B_SPLINE_CURVE_WITH_KNOTS('',1,(#184,#185),.UNSPECIFIED.,.F.,.F.,
  (2,2),(-62.,-48.),.PIECEWISE_BEZIER_KNOTS.);
#184 = CARTESIAN_POINT('',(110.,6.));
#185 = CARTESIAN_POINT('',(96.,6.));
#186 = ( GEOMETRIC_REPRESENTATION_CONTEXT(2) 
PARAMETRIC_REPRESENTATION_CONTEXT() REPRESENTATION_CONTEXT('2D SPACE',''
  ) );
#187 = ORIENTED_EDGE('',*,*,#57,.F.);
#188 = ORIENTED_EDGE('',*,*,#189,.T.);
#189 = EDGE_CURVE('',#58,#142,#190,.T.);
#190 = SURFACE_CURVE('',#191,(#195,#201),.PCURVE_S1.);
#191 = LINE('',#192,#193);
#192 = CARTESIAN_POINT('',(-102.,-195.,606.));
#193 = VECTOR('',#194,1.);
#194 = DIRECTION('',(-1.,0.,0.));
#195 = PCURVE('',#72,#196);
#196 = DEFINITIONAL_REPRESENTATION('',(#197),#200);
#197 = B_SPLINE_CURVE_WITH_KNOTS('',1,(#198,#199),.UNSPECIFIED.,.F.,.F.,
  (2,2),(-62.,-48.),.PIECEWISE_BEZIER_KNOTS.);
#198 = CARTESIAN_POINT('',(14.,12.));
#199 = CARTESIAN_POINT('',(0.,12.));
#200 = ( GEOMETRIC_REPRESENTATION_CONTEXT(2) 
PARAMETRIC_REPRESENTATION_CONTEXT() REPRESENTATION_CONTEXT('2D SPACE',''
  ) );
#201 = PCURVE('',#100,#202);
#202 = DEFINITIONAL_REPRESENTATION('',(#203),#206);
#203 = B_SPLINE_CURVE_WITH_KNOTS('',1,(#204,#205),.UNSPECIFIED.,.F.,.F.,
  (2,2),(-62.,-48.),.PIECEWISE_BEZIER_KNOTS.);
#204 = CARTESIAN_POINT('',(110.,6.));
#205 = CARTESIAN_POINT('',(96.,6.));
#206 = ( GEOMETRIC_REPRESENTATION_CONTEXT(2) 
PARAMETRIC_REPRESENTATION_CONTEXT() REPRESENTATION_CONTEXT('2D SPACE',''
  ) );
#207 = ADVANCED_FACE('',(#208),#157,.T.);
#208 = FACE_BOUND('',#209,.T.);
#209 = EDGE_LOOP('',(#210,#211,#232,#260));
#210 = ORIENTED_EDGE('',*,*,#139,.F.);
#211 = ORIENTED_EDGE('',*,*,#212,.F.);
#212 = EDGE_CURVE('',#213,#140,#215,.T.);
#213 = VERTEX_POINT('',#214);
#214 = CARTESIAN_POINT('',(-54.,-205.,594.));
#215 = SURFACE_CURVE('',#216,(#220,#226),.PCURVE_S1.);
#216 = LINE('',#217,#218);
#217 = CARTESIAN_POINT('',(-54.,-205.,597.));
#218 = VECTOR('',#219,1.);
#219 = DIRECTION('',(-0.,2.22044604925E-16,1.));
#220 = PCURVE('',#157,#221);
#221 = DEFINITIONAL_REPRESENTATION('',(#222),#225);
#222 = B_SPLINE_CURVE_WITH_KNOTS('',1,(#223,#224),.UNSPECIFIED.,.F.,.F.,
  (2,2),(-3.,9.),.PIECEWISE_BEZIER_KNOTS.);
#223 = CARTESIAN_POINT('',(0.,-2.));
#224 = CARTESIAN_POINT('',(12.,-2.));
#225 = ( GEOMETRIC_REPRESENTATION_CONTEXT(2) 
PARAMETRIC_REPRESENTATION_CONTEXT() REPRESENTATION_CONTEXT('2D SPACE',''
  ) );
#226 = PCURVE('',#45,#227);
#227 = DEFINITIONAL_REPRESENTATION('',(#228),#231);
#228 = B_SPLINE_CURVE_WITH_KNOTS('',1,(#229,#230),.UNSPECIFIED.,.F.,.F.,
  (2,2),(-3.,9.),.PIECEWISE_BEZIER_KNOTS.);
#229 = CARTESIAN_POINT('',(96.,-6.));
#230 = CARTESIAN_POINT('',(96.,6.));
#231 = ( GEOMETRIC_REPRESENTATION_CONTEXT(2) 
PARAMETRIC_REPRESENTATION_CONTEXT() REPRESENTATION_CONTEXT('2D SPACE',''
  ) );
#232 = ORIENTED_EDGE('',*,*,#233,.T.);
#233 = EDGE_CURVE('',#213,#234,#236,.T.);
#234 = VERTEX_POINT('',#235);
#235 = CARTESIAN_POINT('',(-54.,-195.,594.));
#236 = SURFACE_CURVE('',#237,(#241,#248),.PCURVE_S1.);
#237 = LINE('',#238,#239);
#238 = CARTESIAN_POINT('',(-54.,-207.,594.));
#239 = VECTOR('',#240,1.);
#240 = DIRECTION('',(0.,1.,0.));
#241 = PCURVE('',#157,#242);
#242 = DEFINITIONAL_REPRESENTATION('',(#243),#247);
#243 = LINE('',#244,#245);
#244 = CARTESIAN_POINT('',(0.,0.));
#245 = VECTOR('',#246,1.);
#246 = DIRECTION('',(0.,-1.));
#247 = ( GEOMETRIC_REPRESENTATION_CONTEXT(2) 
PARAMETRIC_REPRESENTATION_CONTEXT() REPRESENTATION_CONTEXT('2D SPACE',''
  ) );
#248 = PCURVE('',#249,#254);
#249 = PLANE('',#250);
#250 = AXIS2_PLACEMENT_3D('',#251,#252,#253);
#251 = CARTESIAN_POINT('',(-54.,-207.,594.));
#252 = DIRECTION('',(0.,0.,1.));
#253 = DIRECTION('',(1.,0.,0.));
#254 = DEFINITIONAL_REPRESENTATION('',(#255),#259);
#255 = LINE('',#256,#257);
#256 = CARTESIAN_POINT('',(0.,0.));
#257 = VECTOR('',#258,1.);
#258 = DIRECTION('',(0.,1.));
#259 = ( GEOMETRIC_REPRESENTATION_CONTEXT(2) 
PARAMETRIC_REPRESENTATION_CONTEXT() REPRESENTATION_CONTEXT('2D SPACE',''
  ) );
#260 = ORIENTED_EDGE('',*,*,#261,.T.);
#261 = EDGE_CURVE('',#234,#142,#262,.T.);
#262 = SURFACE_CURVE('',#263,(#267,#273),.PCURVE_S1.);
#263 = LINE('',#264,#265);
#264 = CARTESIAN_POINT('',(-54.,-195.,597.));
#265 = VECTOR('',#266,1.);
#266 = DIRECTION('',(-0.,2.22044604925E-16,1.));
#267 = PCURVE('',#157,#268);
#268 = DEFINITIONAL_REPRESENTATION('',(#269),#272);
#269 = B_SPLINE_CURVE_WITH_KNOTS('',1,(#270,#271),.UNSPECIFIED.,.F.,.F.,
  (2,2),(-3.,9.),.PIECEWISE_BEZIER_KNOTS.);
#270 = CARTESIAN_POINT('',(0.,-12.));
#271 = CARTESIAN_POINT('',(12.,-12.));
#272 = ( GEOMETRIC_REPRESENTATION_CONTEXT(2) 
PARAMETRIC_REPRESENTATION_CONTEXT() REPRESENTATION_CONTEXT('2D SPACE',''
  ) );
#273 = PCURVE('',#100,#274);
#274 = DEFINITIONAL_REPRESENTATION('',(#275),#278);
#275 = B_SPLINE_CURVE_WITH_KNOTS('',1,(#276,#277),.UNSPECIFIED.,.F.,.F.,
  (2,2),(-3.,9.),.PIECEWISE_BEZIER_KNOTS.);
#276 = CARTESIAN_POINT('',(96.,-6.));
#277 = CARTESIAN_POINT('',(96.,6.));
#278 = ( GEOMETRIC_REPRESENTATION_CONTEXT(2) 
PARAMETRIC_REPRESENTATION_CONTEXT() REPRESENTATION_CONTEXT('2D SPACE',''
  ) );
#279 = ADVANCED_FACE('',(#280),#249,.T.);
#280 = FACE_BOUND('',#281,.T.);
#281 = EDGE_LOOP('',(#282,#283,#304,#330));
#282 = ORIENTED_EDGE('',*,*,#233,.F.);
#283 = ORIENTED_EDGE('',*,*,#284,.F.);
#284 = EDGE_CURVE('',#285,#213,#287,.T.);
#285 = VERTEX_POINT('',#286);
#286 = CARTESIAN_POINT('',(-40.16375825803,-205.,594.));
#287 = SURFACE_CURVE('',#288,(#292,#298),.PCURVE_S1.);
#288 = LINE('',#289,#290);
#289 = CARTESIAN_POINT('',(-102.,-205.,594.));
#290 = VECTOR('',#291,1.);
#291 = DIRECTION('',(-1.,0.,0.));
#292 = PCURVE('',#249,#293);
#293 = DEFINITIONAL_REPRESENTATION('',(#294),#297);
#294 = B_SPLINE_CURVE_WITH_KNOTS('',1,(#295,#296),.UNSPECIFIED.,.F.,.F.,
  (2,2),(-62.,-48.),.PIECEWISE_BEZIER_KNOTS.);
#295 = CARTESIAN_POINT('',(14.,2.));
#296 = CARTESIAN_POINT('',(0.,2.));
#297 = ( GEOMETRIC_REPRESENTATION_CONTEXT(2) 
PARAMETRIC_REPRESENTATION_CONTEXT() REPRESENTATION_CONTEXT('2D SPACE',''
  ) );
#298 = PCURVE('',#45,#299);
#299 = DEFINITIONAL_REPRESENTATION('',(#300),#303);
#300 = B_SPLINE_CURVE_WITH_KNOTS('',1,(#301,#302),.UNSPECIFIED.,.F.,.F.,
  (2,2),(-62.,-48.),.PIECEWISE_BEZIER_KNOTS.);
#301 = CARTESIAN_POINT('',(110.,-6.));
#302 = CARTESIAN_POINT('',(96.,-6.));
#303 = ( GEOMETRIC_REPRESENTATION_CONTEXT(2) 
PARAMETRIC_REPRESENTATION_CONTEXT() REPRESENTATION_CONTEXT('2D SPACE',''
  ) );
#304 = ORIENTED_EDGE('',*,*,#305,.F.);
#305 = EDGE_CURVE('',#306,#285,#308,.T.);
#306 = VERTEX_POINT('',#307);
#307 = CARTESIAN_POINT('',(-40.16375825803,-195.,594.));
#308 = SURFACE_CURVE('',#309,(#313,#319),.PCURVE_S1.);
#309 = LINE('',#310,#311);
#310 = CARTESIAN_POINT('',(-40.16375825803,-195.,594.));
#311 = VECTOR('',#312,1.);
#312 = DIRECTION('',(0.,-1.,2.22044604925E-16));
#313 = PCURVE('',#249,#314);
#314 = DEFINITIONAL_REPRESENTATION('',(#315),#318);
#315 = B_SPLINE_CURVE_WITH_KNOTS('',1,(#316,#317),.UNSPECIFIED.,.F.,.F.,
  (2,2),(-5.999999928008E-07,10.0000006),.PIECEWISE_BEZIER_KNOTS.);
#316 = CARTESIAN_POINT('',(13.836241741968,12.0000006));
#317 = CARTESIAN_POINT('',(13.836241741968,1.9999994));
#318 = ( GEOMETRIC_REPRESENTATION_CONTEXT(2) 
PARAMETRIC_REPRESENTATION_CONTEXT() REPRESENTATION_CONTEXT('2D SPACE',''
  ) );
#319 = PCURVE('',#320,#325);
#320 = CYLINDRICAL_SURFACE('',#321,110.);
#321 = AXIS2_PLACEMENT_3D('',#322,#323,#324);
#322 = CARTESIAN_POINT('',(-150.,-195.,600.));
#323 = DIRECTION('',(0.,-1.,2.22044604925E-16));
#324 = DIRECTION('',(1.,0.,0.));
#325 = DEFINITIONAL_REPRESENTATION('',(#326),#329);
#326 = B_SPLINE_CURVE_WITH_KNOTS('',1,(#327,#328),.UNSPECIFIED.,.F.,.F.,
  (2,2),(-5.999999928008E-07,10.0000006),.PIECEWISE_BEZIER_KNOTS.);
#327 = CARTESIAN_POINT('',(6.228612769025,-5.999999941331E-07));
#328 = CARTESIAN_POINT('',(6.228612769025,10.0000006));
#329 = ( GEOMETRIC_REPRESENTATION_CONTEXT(2) 
PARAMETRIC_REPRESENTATION_CONTEXT() REPRESENTATION_CONTEXT('2D SPACE',''
  ) );
#330 = ORIENTED_EDGE('',*,*,#331,.T.);
#331 = EDGE_CURVE('',#306,#234,#332,.T.);
#332 = SURFACE_CURVE('',#333,(#337,#343),.PCURVE_S1.);
#333 = LINE('',#334,#335);
#334 = CARTESIAN_POINT('',(-102.,-195.,594.));
#335 = VECTOR('',#336,1.);
#336 = DIRECTION('',(-1.,0.,0.));
#337 = PCURVE('',#249,#338);
#338 = DEFINITIONAL_REPRESENTATION('',(#339),#342);
#339 = B_SPLINE_CURVE_WITH_KNOTS('',1,(#340,#341),.UNSPECIFIED.,.F.,.F.,
  (2,2),(-62.,-48.),.PIECEWISE_BEZIER_KNOTS.);
#340 = CARTESIAN_POINT('',(14.,12.));
#341 = CARTESIAN_POINT('',(0.,12.));
#342 = ( GEOMETRIC_REPRESENTATION_CONTEXT(2) 
PARAMETRIC_REPRESENTATION_CONTEXT() REPRESENTATION_CONTEXT('2D SPACE',''
  ) );
#343 = PCURVE('',#100,#344);
#344 = DEFINITIONAL_REPRESENTATION('',(#345),#348);
#345 = B_SPLINE_CURVE_WITH_KNOTS('',1,(#346,#347),.UNSPECIFIED.,.F.,.F.,
  (2,2),(-62.,-48.),.PIECEWISE_BEZIER_KNOTS.);
#346 = CARTESIAN_POINT('',(110.,-6.));
#347 = CARTESIAN_POINT('',(96.,-6.));
#348 = ( GEOMETRIC_REPRESENTATION_CONTEXT(2) 
PARAMETRIC_REPRESENTATION_CONTEXT() REPRESENTATION_CONTEXT('2D SPACE',''
  ) );
#349 = ADVANCED_FACE('',(#350),#320,.T.);
#350 = FACE_BOUND('',#351,.T.);
#351 = EDGE_LOOP('',(#352,#376,#402,#424));
#352 = ORIENTED_EDGE('',*,*,#353,.F.);
#353 = EDGE_CURVE('',#354,#285,#356,.T.);
#354 = VERTEX_POINT('',#355);
#355 = CARTESIAN_POINT('',(-51.87902439524,-205.,550.27803155172));
#356 = SURFACE_CURVE('',#357,(#362,#369),.PCURVE_S1.);
#357 = CIRCLE('',#358,110.);
#358 = AXIS2_PLACEMENT_3D('',#359,#360,#361);
#359 = CARTESIAN_POINT('',(-150.,-205.,600.));
#360 = DIRECTION('',(0.,-1.,2.22044604925E-16));
#361 = DIRECTION('',(1.,0.,0.));
#362 = PCURVE('',#320,#363);
#363 = DEFINITIONAL_REPRESENTATION('',(#364),#368);
#364 = LINE('',#365,#366);
#365 = CARTESIAN_POINT('',(0.,10.));
#366 = VECTOR('',#367,1.);
#367 = DIRECTION('',(1.,0.));
#368 = ( GEOMETRIC_REPRESENTATION_CONTEXT(2) 
PARAMETRIC_REPRESENTATION_CONTEXT() REPRESENTATION_CONTEXT('2D SPACE',''
  ) );
#369 = PCURVE('',#45,#370);
#370 = DEFINITIONAL_REPRESENTATION('',(#371),#375);
#371 = CIRCLE('',#372,110.);
#372 = AXIS2_PLACEMENT_2D('',#373,#374);
#373 = CARTESIAN_POINT('',(0.,0.));
#374 = DIRECTION('',(1.,0.));
#375 = ( GEOMETRIC_REPRESENTATION_CONTEXT(2) 
PARAMETRIC_REPRESENTATION_CONTEXT() REPRESENTATION_CONTEXT('2D SPACE',''
  ) );
#376 = ORIENTED_EDGE('',*,*,#377,.F.);
#377 = EDGE_CURVE('',#378,#354,#380,.T.);
#378 = VERTEX_POINT('',#379);
#379 = CARTESIAN_POINT('',(-51.87902439524,-195.,550.27803155172));
#380 = SURFACE_CURVE('',#381,(#385,#391),.PCURVE_S1.);
#381 = LINE('',#382,#383);
#382 = CARTESIAN_POINT('',(-51.87902439524,-195.,550.27803155172));
#383 = VECTOR('',#384,1.);
#384 = DIRECTION('',(0.,-1.,2.22044604925E-16));
#385 = PCURVE('',#320,#386);
#386 = DEFINITIONAL_REPRESENTATION('',(#387),#390);
#387 = B_SPLINE_CURVE_WITH_KNOTS('',1,(#388,#389),.UNSPECIFIED.,.F.,.F.,
  (2,2),(-5.999999928008E-07,10.0000006),.PIECEWISE_BEZIER_KNOTS.);
#388 = CARTESIAN_POINT('',(5.814159069736,-6.000000038413E-07));
#389 = CARTESIAN_POINT('',(5.814159069736,10.0000006));
#390 = ( GEOMETRIC_REPRESENTATION_CONTEXT(2) 
PARAMETRIC_REPRESENTATION_CONTEXT() REPRESENTATION_CONTEXT('2D SPACE',''
  ) );
#391 = PCURVE('',#392,#397);
#392 = PLANE('',#393);
#393 = AXIS2_PLACEMENT_3D('',#394,#395,#396);
#394 = CARTESIAN_POINT('',(-63.86156123669,-207.,557.1961524227));
#395 = DIRECTION('',(0.5,0.,0.866025403784));
#396 = DIRECTION('',(0.866025403784,0.,-0.5));
#397 = DEFINITIONAL_REPRESENTATION('',(#398),#401);
#398 = B_SPLINE_CURVE_WITH_KNOTS('',1,(#399,#400),.UNSPECIFIED.,.F.,.F.,
  (2,2),(-5.999999928008E-07,10.0000006),.PIECEWISE_BEZIER_KNOTS.);
#399 = CARTESIAN_POINT('',(13.836241741968,12.0000006));
#400 = CARTESIAN_POINT('',(13.836241741968,1.9999994));
#401 = ( GEOMETRIC_REPRESENTATION_CONTEXT(2) 
PARAMETRIC_REPRESENTATION_CONTEXT() REPRESENTATION_CONTEXT('2D SPACE',''
  ) );
#402 = ORIENTED_EDGE('',*,*,#403,.T.);
#403 = EDGE_CURVE('',#378,#306,#404,.T.);
#404 = SURFACE_CURVE('',#405,(#410,#417),.PCURVE_S1.);
#405 = CIRCLE('',#406,110.);
#406 = AXIS2_PLACEMENT_3D('',#407,#408,#409);
#407 = CARTESIAN_POINT('',(-150.,-195.,600.));
#408 = DIRECTION('',(0.,-1.,2.22044604925E-16));
#409 = DIRECTION('',(1.,0.,0.));
#410 = PCURVE('',#320,#411);
#411 = DEFINITIONAL_REPRESENTATION('',(#412),#416);
#412 = LINE('',#413,#414);
#413 = CARTESIAN_POINT('',(0.,0.));
#414 = VECTOR('',#415,1.);
#415 = DIRECTION('',(1.,0.));
#416 = ( GEOMETRIC_REPRESENTATION_CONTEXT(2) 
PARAMETRIC_REPRESENTATION_CONTEXT() REPRESENTATION_CONTEXT('2D SPACE',''
  ) );
#417 = PCURVE('',#100,#418);
#418 = DEFINITIONAL_REPRESENTATION('',(#419),#423);
#419 = CIRCLE('',#420,110.);
#420 = AXIS2_PLACEMENT_2D('',#421,#422);
#421 = CARTESIAN_POINT('',(0.,0.));
#422 = DIRECTION('',(1.,0.));
#423 = ( GEOMETRIC_REPRESENTATION_CONTEXT(2) 
PARAMETRIC_REPRESENTATION_CONTEXT() REPRESENTATION_CONTEXT('2D SPACE',''
  ) );
#424 = ORIENTED_EDGE('',*,*,#305,.T.);
#425 = ADVANCED_FACE('',(#426),#392,.F.);
#426 = FACE_BOUND('',#427,.F.);
#427 = EDGE_LOOP('',(#428,#458,#477,#478));
#428 = ORIENTED_EDGE('',*,*,#429,.F.);
#429 = EDGE_CURVE('',#430,#432,#434,.T.);
#430 = VERTEX_POINT('',#431);
#431 = CARTESIAN_POINT('',(-63.86156123669,-205.,557.1961524227));
#432 = VERTEX_POINT('',#433);
#433 = CARTESIAN_POINT('',(-63.86156123669,-195.,557.1961524227));
#434 = SURFACE_CURVE('',#435,(#439,#446),.PCURVE_S1.);
#435 = LINE('',#436,#437);
#436 = CARTESIAN_POINT('',(-63.86156123669,-207.,557.1961524227));
#437 = VECTOR('',#438,1.);
#438 = DIRECTION('',(0.,1.,0.));
#439 = PCURVE('',#392,#440);
#440 = DEFINITIONAL_REPRESENTATION('',(#441),#445);
#441 = LINE('',#442,#443);
#442 = CARTESIAN_POINT('',(0.,0.));
#443 = VECTOR('',#444,1.);
#444 = DIRECTION('',(0.,1.));
#445 = ( GEOMETRIC_REPRESENTATION_CONTEXT(2) 
PARAMETRIC_REPRESENTATION_CONTEXT() REPRESENTATION_CONTEXT('2D SPACE',''
  ) );
#446 = PCURVE('',#447,#452);
#447 = PLANE('',#448);
#448 = AXIS2_PLACEMENT_3D('',#449,#450,#451);
#449 = CARTESIAN_POINT('',(-69.86156123669,-207.,546.80384757729));
#450 = DIRECTION('',(0.866025403784,0.,-0.5));
#451 = DIRECTION('',(0.5,0.,0.866025403784));
#452 = DEFINITIONAL_REPRESENTATION('',(#453),#457);
#453 = LINE('',#454,#455);
#454 = CARTESIAN_POINT('',(12.,0.));
#455 = VECTOR('',#456,1.);
#456 = DIRECTION('',(0.,-1.));
#457 = ( GEOMETRIC_REPRESENTATION_CONTEXT(2) 
PARAMETRIC_REPRESENTATION_CONTEXT() REPRESENTATION_CONTEXT('2D SPACE',''
  ) );
#458 = ORIENTED_EDGE('',*,*,#459,.F.);
#459 = EDGE_CURVE('',#354,#430,#460,.T.);
#460 = SURFACE_CURVE('',#461,(#465,#471),.PCURVE_S1.);
#461 = LINE('',#462,#463);
#462 = CARTESIAN_POINT('',(-105.4307806183,-205.,581.1961524227));
#463 = VECTOR('',#464,1.);
#464 = DIRECTION('',(-0.866025403784,1.110223024625E-16,0.5));
#465 = PCURVE('',#392,#466);
#466 = DEFINITIONAL_REPRESENTATION('',(#467),#470);
#467 = B_SPLINE_CURVE_WITH_KNOTS('',1,(#468,#469),.UNSPECIFIED.,.F.,.F.,
  (2,2),(-64.,-48.),.PIECEWISE_BEZIER_KNOTS.);
#468 = CARTESIAN_POINT('',(16.,2.));
#469 = CARTESIAN_POINT('',(0.,2.));
#470 = ( GEOMETRIC_REPRESENTATION_CONTEXT(2) 
PARAMETRIC_REPRESENTATION_CONTEXT() REPRESENTATION_CONTEXT('2D SPACE',''
  ) );
#471 = PCURVE('',#45,#472);
#472 = DEFINITIONAL_REPRESENTATION('',(#473),#476);
#473 = B_SPLINE_CURVE_WITH_KNOTS('',1,(#474,#475),.UNSPECIFIED.,.F.,.F.,
  (2,2),(-64.,-48.),.PIECEWISE_BEZIER_KNOTS.);
#474 = CARTESIAN_POINT('',(99.994845223857,-50.80384757729));
#475 = CARTESIAN_POINT('',(86.138438763306,-42.80384757729));
#476 = ( GEOMETRIC_REPRESENTATION_CONTEXT(2) 
PARAMETRIC_REPRESENTATION_CONTEXT() REPRESENTATION_CONTEXT('2D SPACE',''
  ) );
#477 = ORIENTED_EDGE('',*,*,#377,.F.);
#478 = ORIENTED_EDGE('',*,*,#479,.T.);
#479 = EDGE_CURVE('',#378,#432,#480,.T.);
#480 = SURFACE_CURVE('',#481,(#485,#491),.PCURVE_S1.);
#481 = LINE('',#482,#483);
#482 = CARTESIAN_POINT('',(-105.4307806183,-195.,581.1961524227));
#483 = VECTOR('',#484,1.);
#484 = DIRECTION('',(-0.866025403784,1.110223024625E-16,0.5));
#485 = PCURVE('',#392,#486);
#486 = DEFINITIONAL_REPRESENTATION('',(#487),#490);
#487 = B_SPLINE_CURVE_WITH_KNOTS('',1,(#488,#489),.UNSPECIFIED.,.F.,.F.,
  (2,2),(-64.,-48.),.PIECEWISE_BEZIER_KNOTS.);
#488 = CARTESIAN_POINT('',(16.,12.));
#489 = CARTESIAN_POINT('',(0.,12.));
#490 = ( GEOMETRIC_REPRESENTATION_CONTEXT(2) 
PARAMETRIC_REPRESENTATION_CONTEXT() REPRESENTATION_CONTEXT('2D SPACE',''
  ) );
#491 = PCURVE('',#100,#492);
#492 = DEFINITIONAL_REPRESENTATION('',(#493),#496);
#493 = B_SPLINE_CURVE_WITH_KNOTS('',1,(#494,#495),.UNSPECIFIED.,.F.,.F.,
  (2,2),(-64.,-48.),.PIECEWISE_BEZIER_KNOTS.);
#494 = CARTESIAN_POINT('',(99.994845223857,-50.80384757729));
#495 = CARTESIAN_POINT('',(86.138438763306,-42.80384757729));
#496 = ( GEOMETRIC_REPRESENTATION_CONTEXT(2) 
PARAMETRIC_REPRESENTATION_CONTEXT() REPRESENTATION_CONTEXT('2D SPACE',''
  ) );
#497 = ADVANCED_FACE('',(#498),#447,.T.);
#498 = FACE_BOUND('',#499,.T.);
#499 = EDGE_LOOP('',(#500,#501,#522,#550));
#500 = ORIENTED_EDGE('',*,*,#429,.F.);
#501 = ORIENTED_EDGE('',*,*,#502,.F.);
#502 = EDGE_CURVE('',#503,#430,#505,.T.);
#503 = VERTEX_POINT('',#504);
#504 = CARTESIAN_POINT('',(-69.86156123669,-205.,546.80384757729));
#505 = SURFACE_CURVE('',#506,(#510,#516),.PCURVE_S1.);
#506 = LINE('',#507,#508);
#507 = CARTESIAN_POINT('',(-68.36156123669,-205.,549.40192378864));
#508 = VECTOR('',#509,1.);
#509 = DIRECTION('',(0.5,1.922962686384E-16,0.866025403784));
#510 = PCURVE('',#447,#511);
#511 = DEFINITIONAL_REPRESENTATION('',(#512),#515);
#512 = B_SPLINE_CURVE_WITH_KNOTS('',1,(#513,#514),.UNSPECIFIED.,.F.,.F.,
  (2,2),(-3.,9.),.PIECEWISE_BEZIER_KNOTS.);
#513 = CARTESIAN_POINT('',(0.,-2.));
#514 = CARTESIAN_POINT('',(12.,-2.));
#515 = ( GEOMETRIC_REPRESENTATION_CONTEXT(2) 
PARAMETRIC_REPRESENTATION_CONTEXT() REPRESENTATION_CONTEXT('2D SPACE',''
  ) );
#516 = PCURVE('',#45,#517);
#517 = DEFINITIONAL_REPRESENTATION('',(#518),#521);
#518 = B_SPLINE_CURVE_WITH_KNOTS('',1,(#519,#520),.UNSPECIFIED.,.F.,.F.,
  (2,2),(-3.,9.),.PIECEWISE_BEZIER_KNOTS.);
#519 = CARTESIAN_POINT('',(80.138438763306,-53.1961524227));
#520 = CARTESIAN_POINT('',(86.138438763306,-42.80384757729));
#521 = ( GEOMETRIC_REPRESENTATION_CONTEXT(2) 
PARAMETRIC_REPRESENTATION_CONTEXT() REPRESENTATION_CONTEXT('2D SPACE',''
  ) );
#522 = ORIENTED_EDGE('',*,*,#523,.T.);
#523 = EDGE_CURVE('',#503,#524,#526,.T.);
#524 = VERTEX_POINT('',#525);
#525 = CARTESIAN_POINT('',(-69.86156123669,-195.,546.80384757729));
#526 = SURFACE_CURVE('',#527,(#531,#538),.PCURVE_S1.);
#527 = LINE('',#528,#529);
#528 = CARTESIAN_POINT('',(-69.86156123669,-207.,546.80384757729));
#529 = VECTOR('',#530,1.);
#530 = DIRECTION('',(0.,1.,0.));
#531 = PCURVE('',#447,#532);
#532 = DEFINITIONAL_REPRESENTATION('',(#533),#537);
#533 = LINE('',#534,#535);
#534 = CARTESIAN_POINT('',(0.,0.));
#535 = VECTOR('',#536,1.);
#536 = DIRECTION('',(0.,-1.));
#537 = ( GEOMETRIC_REPRESENTATION_CONTEXT(2) 
PARAMETRIC_REPRESENTATION_CONTEXT() REPRESENTATION_CONTEXT('2D SPACE',''
  ) );
#538 = PCURVE('',#539,#544);
#539 = PLANE('',#540);
#540 = AXIS2_PLACEMENT_3D('',#541,#542,#543);
#541 = CARTESIAN_POINT('',(-69.86156123669,-207.,546.80384757729));
#542 = DIRECTION('',(0.5,0.,0.866025403784));
#543 = DIRECTION('',(0.866025403784,0.,-0.5));
#544 = DEFINITIONAL_REPRESENTATION('',(#545),#549);
#545 = LINE('',#546,#547);
#546 = CARTESIAN_POINT('',(0.,0.));
#547 = VECTOR('',#548,1.);
#548 = DIRECTION('',(0.,1.));
#549 = ( GEOMETRIC_REPRESENTATION_CONTEXT(2) 
PARAMETRIC_REPRESENTATION_CONTEXT() REPRESENTATION_CONTEXT('2D SPACE',''
  ) );
#550 = ORIENTED_EDGE('',*,*,#551,.T.);
#551 = EDGE_CURVE('',#524,#432,#552,.T.);
#552 = SURFACE_CURVE('',#553,(#557,#563),.PCURVE_S1.);
#553 = LINE('',#554,#555);
#554 = CARTESIAN_POINT('',(-68.36156123669,-195.,549.40192378864));
#555 = VECTOR('',#556,1.);
#556 = DIRECTION('',(0.5,1.922962686384E-16,0.866025403784));
#557 = PCURVE('',#447,#558);
#558 = DEFINITIONAL_REPRESENTATION('',(#559),#562);
#559 = B_SPLINE_CURVE_WITH_KNOTS('',1,(#560,#561),.UNSPECIFIED.,.F.,.F.,
  (2,2),(-3.,9.),.PIECEWISE_BEZIER_KNOTS.);
#560 = CARTESIAN_POINT('',(0.,-12.));
#561 = CARTESIAN_POINT('',(12.,-12.));
#562 = ( GEOMETRIC_REPRESENTATION_CONTEXT(2) 
PARAMETRIC_REPRESENTATION_CONTEXT() REPRESENTATION_CONTEXT('2D SPACE',''
  ) );
#563 = PCURVE('',#100,#564);
#564 = DEFINITIONAL_REPRESENTATION('',(#565),#568);
#565 = B_SPLINE_CURVE_WITH_KNOTS('',1,(#566,#567),.UNSPECIFIED.,.F.,.F.,
  (2,2),(-3.,9.),.PIECEWISE_BEZIER_KNOTS.);
#566 = CARTESIAN_POINT('',(80.138438763306,-53.1961524227));
#567 = CARTESIAN_POINT('',(86.138438763306,-42.80384757729));
#568 = ( GEOMETRIC_REPRESENTATION_CONTEXT(2) 
PARAMETRIC_REPRESENTATION_CONTEXT() REPRESENTATION_CONTEXT('2D SPACE',''
  ) );
#569 = ADVANCED_FACE('',(#570),#539,.T.);
#570 = FACE_BOUND('',#571,.T.);
#571 = EDGE_LOOP('',(#572,#573,#594,#620));
#572 = ORIENTED_EDGE('',*,*,#523,.F.);
#573 = ORIENTED_EDGE('',*,*,#574,.F.);
#574 = EDGE_CURVE('',#575,#503,#577,.T.);
#575 = VERTEX_POINT('',#576);
#576 = CARTESIAN_POINT('',(-57.87902439524,-205.,539.8857267063));
#577 = SURFACE_CURVE('',#578,(#582,#588),.PCURVE_S1.);
#578 = LINE('',#579,#580);
#579 = CARTESIAN_POINT('',(-111.4307806183,-205.,570.80384757729));
#580 = VECTOR('',#581,1.);
#581 = DIRECTION('',(-0.866025403784,1.110223024625E-16,0.5));
#582 = PCURVE('',#539,#583);
#583 = DEFINITIONAL_REPRESENTATION('',(#584),#587);
#584 = B_SPLINE_CURVE_WITH_KNOTS('',1,(#585,#586),.UNSPECIFIED.,.F.,.F.,
  (2,2),(-64.,-48.),.PIECEWISE_BEZIER_KNOTS.);
#585 = CARTESIAN_POINT('',(16.,2.));
#586 = CARTESIAN_POINT('',(0.,2.));
#587 = ( GEOMETRIC_REPRESENTATION_CONTEXT(2) 
PARAMETRIC_REPRESENTATION_CONTEXT() REPRESENTATION_CONTEXT('2D SPACE',''
  ) );
#588 = PCURVE('',#45,#589);
#589 = DEFINITIONAL_REPRESENTATION('',(#590),#593);
#590 = B_SPLINE_CURVE_WITH_KNOTS('',1,(#591,#592),.UNSPECIFIED.,.F.,.F.,
  (2,2),(-64.,-48.),.PIECEWISE_BEZIER_KNOTS.);
#591 = CARTESIAN_POINT('',(93.994845223857,-61.1961524227));
#592 = CARTESIAN_POINT('',(80.138438763306,-53.1961524227));
#593 = ( GEOMETRIC_REPRESENTATION_CONTEXT(2) 
PARAMETRIC_REPRESENTATION_CONTEXT() REPRESENTATION_CONTEXT('2D SPACE',''
  ) );
#594 = ORIENTED_EDGE('',*,*,#595,.F.);
#595 = EDGE_CURVE('',#596,#575,#598,.T.);
#596 = VERTEX_POINT('',#597);
#597 = CARTESIAN_POINT('',(-57.87902439524,-195.,539.8857267063));
#598 = SURFACE_CURVE('',#599,(#603,#609),.PCURVE_S1.);
#599 = LINE('',#600,#601);
#600 = CARTESIAN_POINT('',(-57.87902439524,-195.,539.8857267063));
#601 = VECTOR('',#602,1.);
#602 = DIRECTION('',(0.,-1.,2.22044604925E-16));
#603 = PCURVE('',#539,#604);
#604 = DEFINITIONAL_REPRESENTATION('',(#605),#608);
#605 = B_SPLINE_CURVE_WITH_KNOTS('',1,(#606,#607),.UNSPECIFIED.,.F.,.F.,
  (2,2),(-5.999999928008E-07,10.0000006),.PIECEWISE_BEZIER_KNOTS.);
#606 = CARTESIAN_POINT('',(13.836241741968,12.0000006));
#607 = CARTESIAN_POINT('',(13.836241741968,1.9999994));
#608 = ( GEOMETRIC_REPRESENTATION_CONTEXT(2) 
PARAMETRIC_REPRESENTATION_CONTEXT() REPRESENTATION_CONTEXT('2D SPACE',''
  ) );
#609 = PCURVE('',#610,#615);
#610 = CYLINDRICAL_SURFACE('',#611,110.);
#611 = AXIS2_PLACEMENT_3D('',#612,#613,#614);
#612 = CARTESIAN_POINT('',(-150.,-195.,600.));
#613 = DIRECTION('',(0.,-1.,2.22044604925E-16));
#614 = DIRECTION('',(1.,0.,0.));
#615 = DEFINITIONAL_REPRESENTATION('',(#616),#619);
#616 = B_SPLINE_CURVE_WITH_KNOTS('',1,(#617,#618),.UNSPECIFIED.,.F.,.F.,
  (2,2),(-5.999999928008E-07,10.0000006),.PIECEWISE_BEZIER_KNOTS.);
#617 = CARTESIAN_POINT('',(5.705013993427,-6.000000061489E-07));
#618 = CARTESIAN_POINT('',(5.705013993427,10.0000006));
#619 = ( GEOMETRIC_REPRESENTATION_CONTEXT(2) 
PARAMETRIC_REPRESENTATION_CONTEXT() REPRESENTATION_CONTEXT('2D SPACE',''
  ) );
#620 = ORIENTED_EDGE('',*,*,#621,.T.);
#621 = EDGE_CURVE('',#596,#524,#622,.T.);
#622 = SURFACE_CURVE('',#623,(#627,#633),.PCURVE_S1.);
#623 = LINE('',#624,#625);
#624 = CARTESIAN_POINT('',(-111.4307806183,-195.,570.80384757729));
#625 = VECTOR('',#626,1.);
#626 = DIRECTION('',(-0.866025403784,1.110223024625E-16,0.5));
#627 = PCURVE('',#539,#628);
#628 = DEFINITIONAL_REPRESENTATION('',(#629),#632);
#629 = B_SPLINE_CURVE_WITH_KNOTS('',1,(#630,#631),.UNSPECIFIED.,.F.,.F.,
  (2,2),(-64.,-48.),.PIECEWISE_BEZIER_KNOTS.);
#630 = CARTESIAN_POINT('',(16.,12.));
#631 = CARTESIAN_POINT('',(0.,12.));
#632 = ( GEOMETRIC_REPRESENTATION_CONTEXT(2) 
PARAMETRIC_REPRESENTATION_CONTEXT() REPRESENTATION_CONTEXT('2D SPACE',''
  ) );
#633 = PCURVE('',#100,#634);
#634 = DEFINITIONAL_REPRESENTATION('',(#635),#638);
#635 = B_SPLINE_CURVE_WITH_KNOTS('',1,(#636,#637),.UNSPECIFIED.,.F.,.F.,
  (2,2),(-64.,-48.),.PIECEWISE_BEZIER_KNOTS.);
#636 = CARTESIAN_POINT('',(93.994845223857,-61.1961524227));
#637 = CARTESIAN_POINT('',(80.138438763306,-53.1961524227));
#638 = ( GEOMETRIC_REPRESENTATION_CONTEXT(2) 
PARAMETRIC_REPRESENTATION_CONTEXT() REPRESENTATION_CONTEXT('2D SPACE',''
  ) );
#639 = ADVANCED_FACE('',(#640),#610,.T.);
#640 = FACE_BOUND('',#641,.T.);
#641 = EDGE_LOOP('',(#642,#666,#692,#714));
#642 = ORIENTED_EDGE('',*,*,#643,.F.);
#643 = EDGE_CURVE('',#644,#575,#646,.T.);
#644 = VERTEX_POINT('',#645);
#645 = CARTESIAN_POINT('',(-89.8857267063,-205.,507.87902439524));
#646 = SURFACE_CURVE('',#647,(#652,#659),.PCURVE_S1.);
#647 = CIRCLE('',#648,110.);
#648 = AXIS2_PLACEMENT_3D('',#649,#650,#651);
#649 = CARTESIAN_POINT('',(-150.,-205.,600.));
#650 = DIRECTION('',(0.,-1.,2.22044604925E-16));
#651 = DIRECTION('',(1.,0.,0.));
#652 = PCURVE('',#610,#653);
#653 = DEFINITIONAL_REPRESENTATION('',(#654),#658);
#654 = LINE('',#655,#656);
#655 = CARTESIAN_POINT('',(0.,10.));
#656 = VECTOR('',#657,1.);
#657 = DIRECTION('',(1.,0.));
#658 = ( GEOMETRIC_REPRESENTATION_CONTEXT(2) 
PARAMETRIC_REPRESENTATION_CONTEXT() REPRESENTATION_CONTEXT('2D SPACE',''
  ) );
#659 = PCURVE('',#45,#660);
#660 = DEFINITIONAL_REPRESENTATION('',(#661),#665);
#661 = CIRCLE('',#662,110.);
#662 = AXIS2_PLACEMENT_2D('',#663,#664);
#663 = CARTESIAN_POINT('',(0.,0.));
#664 = DIRECTION('',(1.,0.));
#665 = ( GEOMETRIC_REPRESENTATION_CONTEXT(2) 
PARAMETRIC_REPRESENTATION_CONTEXT() REPRESENTATION_CONTEXT('2D SPACE',''
  ) );
#666 = ORIENTED_EDGE('',*,*,#667,.F.);
#667 = EDGE_CURVE('',#668,#644,#670,.T.);
#668 = VERTEX_POINT('',#669);
#669 = CARTESIAN_POINT('',(-89.8857267063,-195.,507.87902439524));
#670 = SURFACE_CURVE('',#671,(#675,#681),.PCURVE_S1.);
#671 = LINE('',#672,#673);
#672 = CARTESIAN_POINT('',(-89.8857267063,-195.,507.87902439524));
#673 = VECTOR('',#674,1.);
#674 = DIRECTION('',(0.,-1.,2.22044604925E-16));
#675 = PCURVE('',#610,#676);
#676 = DEFINITIONAL_REPRESENTATION('',(#677),#680);
#677 = B_SPLINE_CURVE_WITH_KNOTS('',1,(#678,#679),.UNSPECIFIED.,.F.,.F.,
  (2,2),(-6.000000212225E-07,10.0000006),.PIECEWISE_BEZIER_KNOTS.);
#678 = CARTESIAN_POINT('',(5.290560294138,-6.000000132558E-07));
#679 = CARTESIAN_POINT('',(5.290560294138,10.0000006));
#680 = ( GEOMETRIC_REPRESENTATION_CONTEXT(2) 
PARAMETRIC_REPRESENTATION_CONTEXT() REPRESENTATION_CONTEXT('2D SPACE',''
  ) );
#681 = PCURVE('',#682,#687);
#682 = PLANE('',#683);
#683 = AXIS2_PLACEMENT_3D('',#684,#685,#686);
#684 = CARTESIAN_POINT('',(-96.80384757729,-207.,519.86156123669));
#685 = DIRECTION('',(0.866025403784,0.,0.5));
#686 = DIRECTION('',(0.5,0.,-0.866025403784));
#687 = DEFINITIONAL_REPRESENTATION('',(#688),#691);
#688 = B_SPLINE_CURVE_WITH_KNOTS('',1,(#689,#690),.UNSPECIFIED.,.F.,.F.,
  (2,2),(-6.000000212225E-07,10.0000006),.PIECEWISE_BEZIER_KNOTS.);
#689 = CARTESIAN_POINT('',(13.836241741968,12.0000006));
#690 = CARTESIAN_POINT('',(13.836241741968,1.9999994));
#691 = ( GEOMETRIC_REPRESENTATION_CONTEXT(2) 
PARAMETRIC_REPRESENTATION_CONTEXT() REPRESENTATION_CONTEXT('2D SPACE',''
  ) );
#692 = ORIENTED_EDGE('',*,*,#693,.T.);
#693 = EDGE_CURVE('',#668,#596,#694,.T.);
#694 = SURFACE_CURVE('',#695,(#700,#707),.PCURVE_S1.);
#695 = CIRCLE('',#696,110.);
#696 = AXIS2_PLACEMENT_3D('',#697,#698,#699);
#697 = CARTESIAN_POINT('',(-150.,-195.,600.));
#698 = DIRECTION('',(0.,-1.,2.22044604925E-16));
#699 = DIRECTION('',(1.,0.,0.));
#700 = PCURVE('',#610,#701);
#701 = DEFINITIONAL_REPRESENTATION('',(#702),#706);
#702 = LINE('',#703,#704);
#703 = CARTESIAN_POINT('',(0.,0.));
#704 = VECTOR('',#705,1.);
#705 = DIRECTION('',(1.,0.));
#706 = ( GEOMETRIC_REPRESENTATION_CONTEXT(2) 
PARAMETRIC_REPRESENTATION_CONTEXT() REPRESENTATION_CONTEXT('2D SPACE',''
  ) );
#707 = PCURVE('',#100,#708);
#708 = DEFINITIONAL_REPRESENTATION('',(#709),#713);
#709 = CIRCLE('',#710,110.);
#710 = AXIS2_PLACEMENT_2D('',#711,#712);
#711 = CARTESIAN_POINT('',(0.,0.));
#712 = DIRECTION('',(1.,0.));
#713 = ( GEOMETRIC_REPRESENTATION_CONTEXT(2) 
PARAMETRIC_REPRESENTATION_CONTEXT() REPRESENTATION_CONTEXT('2D SPACE',''
  ) );
#714 = ORIENTED_EDGE('',*,*,#595,.T.);
#715 = ADVANCED_FACE('',(#716),#682,.F.);
#716 = FACE_BOUND('',#717,.F.);
#717 = EDGE_LOOP('',(#718,#748,#767,#768));
#718 = ORIENTED_EDGE('',*,*,#719,.F.);
#719 = EDGE_CURVE('',#720,#722,#724,.T.);
#720 = VERTEX_POINT('',#721);
#721 = CARTESIAN_POINT('',(-96.80384757729,-205.,519.86156123669));
#722 = VERTEX_POINT('',#723);
#723 = CARTESIAN_POINT('',(-96.80384757729,-195.,519.86156123669));
#724 = SURFACE_CURVE('',#725,(#729,#736),.PCURVE_S1.);
#725 = LINE('',#726,#727);
#726 = CARTESIAN_POINT('',(-96.80384757729,-207.,519.86156123669));
#727 = VECTOR('',#728,1.);
#728 = DIRECTION('',(0.,1.,0.));
#729 = PCURVE('',#682,#730);
#730 = DEFINITIONAL_REPRESENTATION('',(#731),#735);
#731 = LINE('',#732,#733);
#732 = CARTESIAN_POINT('',(0.,0.));
#733 = VECTOR('',#734,1.);
#734 = DIRECTION('',(0.,1.));
#735 = ( GEOMETRIC_REPRESENTATION_CONTEXT(2) 
PARAMETRIC_REPRESENTATION_CONTEXT() REPRESENTATION_CONTEXT('2D SPACE',''
  ) );
#736 = PCURVE('',#737,#742);
#737 = PLANE('',#738);
#738 = AXIS2_PLACEMENT_3D('',#739,#740,#741);
#739 = CARTESIAN_POINT('',(-107.1961524227,-207.,513.86156123669));
#740 = DIRECTION('',(0.5,0.,-0.866025403784));
#741 = DIRECTION('',(0.866025403784,0.,0.5));
#742 = DEFINITIONAL_REPRESENTATION('',(#743),#747);
#743 = LINE('',#744,#745);
#744 = CARTESIAN_POINT('',(12.,0.));
#745 = VECTOR('',#746,1.);
#746 = DIRECTION('',(0.,-1.));
#747 = ( GEOMETRIC_REPRESENTATION_CONTEXT(2) 
PARAMETRIC_REPRESENTATION_CONTEXT() REPRESENTATION_CONTEXT('2D SPACE',''
  ) );
#748 = ORIENTED_EDGE('',*,*,#749,.F.);
#749 = EDGE_CURVE('',#644,#720,#750,.T.);
#750 = SURFACE_CURVE('',#751,(#755,#761),.PCURVE_S1.);
#751 = LINE('',#752,#753);
#752 = CARTESIAN_POINT('',(-120.8038475772,-205.,561.43078061834));
#753 = VECTOR('',#754,1.);
#754 = DIRECTION('',(-0.5,1.922962686384E-16,0.866025403784));
#755 = PCURVE('',#682,#756);
#756 = DEFINITIONAL_REPRESENTATION('',(#757),#760);
#757 = B_SPLINE_CURVE_WITH_KNOTS('',1,(#758,#759),.UNSPECIFIED.,.F.,.F.,
  (2,2),(-64.,-48.),.PIECEWISE_BEZIER_KNOTS.);
#758 = CARTESIAN_POINT('',(16.,2.));
#759 = CARTESIAN_POINT('',(0.,2.));
#760 = ( GEOMETRIC_REPRESENTATION_CONTEXT(2) 
PARAMETRIC_REPRESENTATION_CONTEXT() REPRESENTATION_CONTEXT('2D SPACE',''
  ) );
#761 = PCURVE('',#45,#762);
#762 = DEFINITIONAL_REPRESENTATION('',(#763),#766);
#763 = B_SPLINE_CURVE_WITH_KNOTS('',1,(#764,#765),.UNSPECIFIED.,.F.,.F.,
  (2,2),(-64.,-48.),.PIECEWISE_BEZIER_KNOTS.);
#764 = CARTESIAN_POINT('',(61.196152422707,-93.99484522385));
#765 = CARTESIAN_POINT('',(53.196152422707,-80.1384387633));
#766 = ( GEOMETRIC_REPRESENTATION_CONTEXT(2) 
PARAMETRIC_REPRESENTATION_CONTEXT() REPRESENTATION_CONTEXT('2D SPACE',''
  ) );
#767 = ORIENTED_EDGE('',*,*,#667,.F.);
#768 = ORIENTED_EDGE('',*,*,#769,.T.);
#769 = EDGE_CURVE('',#668,#722,#770,.T.);
#770 = SURFACE_CURVE('',#771,(#775,#781),.PCURVE_S1.);
#771 = LINE('',#772,#773);
#772 = CARTESIAN_POINT('',(-120.8038475772,-195.,561.43078061834));
#773 = VECTOR('',#774,1.);
#774 = DIRECTION('',(-0.5,1.922962686384E-16,0.866025403784));
#775 = PCURVE('',#682,#776);
#776 = DEFINITIONAL_REPRESENTATION('',(#777),#780);
#777 = B_SPLINE_CURVE_WITH_KNOTS('',1,(#778,#779),.UNSPECIFIED.,.F.,.F.,
  (2,2),(-64.,-48.),.PIECEWISE_BEZIER_KNOTS.);
#778 = CARTESIAN_POINT('',(16.,12.));
#779 = CARTESIAN_POINT('',(0.,12.));
#780 = ( GEOMETRIC_REPRESENTATION_CONTEXT(2) 
PARAMETRIC_REPRESENTATION_CONTEXT() REPRESENTATION_CONTEXT('2D SPACE',''
  ) );
#781 = PCURVE('',#100,#782);
#782 = DEFINITIONAL_REPRESENTATION('',(#783),#786);
#783 = B_SPLINE_CURVE_WITH_KNOTS('',1,(#784,#785),.UNSPECIFIED.,.F.,.F.,
  (2,2),(-64.,-48.),.PIECEWISE_BEZIER_KNOTS.);
#784 = CARTESIAN_POINT('',(61.196152422707,-93.99484522385));
#785 = CARTESIAN_POINT('',(53.196152422707,-80.1384387633));
#786 = ( GEOMETRIC_REPRESENTATION_CONTEXT(2) 
PARAMETRIC_REPRESENTATION_CONTEXT() REPRESENTATION_CONTEXT('2D SPACE',''
  ) );
#787 = ADVANCED_FACE('',(#788),#737,.T.);
#788 = FACE_BOUND('',#789,.T.);
#789 = EDGE_LOOP('',(#790,#791,#812,#840));
#790 = ORIENTED_EDGE('',*,*,#719,.F.);
#791 = ORIENTED_EDGE('',*,*,#792,.F.);
#792 = EDGE_CURVE('',#793,#720,#795,.T.);
#793 = VERTEX_POINT('',#794);
#794 = CARTESIAN_POINT('',(-107.1961524227,-205.,513.86156123669));
#795 = SURFACE_CURVE('',#796,(#800,#806),.PCURVE_S1.);
#796 = LINE('',#797,#798);
#797 = CARTESIAN_POINT('',(-104.5980762113,-205.,515.36156123669));
#798 = VECTOR('',#799,1.);
#799 = DIRECTION('',(0.866025403784,1.110223024625E-16,0.5));
#800 = PCURVE('',#737,#801);
#801 = DEFINITIONAL_REPRESENTATION('',(#802),#805);
#802 = B_SPLINE_CURVE_WITH_KNOTS('',1,(#803,#804),.UNSPECIFIED.,.F.,.F.,
  (2,2),(-3.,9.),.PIECEWISE_BEZIER_KNOTS.);
#803 = CARTESIAN_POINT('',(0.,-2.));
#804 = CARTESIAN_POINT('',(12.,-2.));
#805 = ( GEOMETRIC_REPRESENTATION_CONTEXT(2) 
PARAMETRIC_REPRESENTATION_CONTEXT() REPRESENTATION_CONTEXT('2D SPACE',''
  ) );
#806 = PCURVE('',#45,#807);
#807 = DEFINITIONAL_REPRESENTATION('',(#808),#811);
#808 = B_SPLINE_CURVE_WITH_KNOTS('',1,(#809,#810),.UNSPECIFIED.,.F.,.F.,
  (2,2),(-3.,9.),.PIECEWISE_BEZIER_KNOTS.);
#809 = CARTESIAN_POINT('',(42.803847577293,-86.1384387633));
#810 = CARTESIAN_POINT('',(53.196152422707,-80.1384387633));
#811 = ( GEOMETRIC_REPRESENTATION_CONTEXT(2) 
PARAMETRIC_REPRESENTATION_CONTEXT() REPRESENTATION_CONTEXT('2D SPACE',''
  ) );
#812 = ORIENTED_EDGE('',*,*,#813,.T.);
#813 = EDGE_CURVE('',#793,#814,#816,.T.);
#814 = VERTEX_POINT('',#815);
#815 = CARTESIAN_POINT('',(-107.1961524227,-195.,513.86156123669));
#816 = SURFACE_CURVE('',#817,(#821,#828),.PCURVE_S1.);
#817 = LINE('',#818,#819);
#818 = CARTESIAN_POINT('',(-107.1961524227,-207.,513.86156123669));
#819 = VECTOR('',#820,1.);
#820 = DIRECTION('',(0.,1.,0.));
#821 = PCURVE('',#737,#822);
#822 = DEFINITIONAL_REPRESENTATION('',(#823),#827);
#823 = LINE('',#824,#825);
#824 = CARTESIAN_POINT('',(0.,0.));
#825 = VECTOR('',#826,1.);
#826 = DIRECTION('',(0.,-1.));
#827 = ( GEOMETRIC_REPRESENTATION_CONTEXT(2) 
PARAMETRIC_REPRESENTATION_CONTEXT() REPRESENTATION_CONTEXT('2D SPACE',''
  ) );
#828 = PCURVE('',#829,#834);
#829 = PLANE('',#830);
#830 = AXIS2_PLACEMENT_3D('',#831,#832,#833);
#831 = CARTESIAN_POINT('',(-107.1961524227,-207.,513.86156123669));
#832 = DIRECTION('',(0.866025403784,0.,0.5));
#833 = DIRECTION('',(0.5,0.,-0.866025403784));
#834 = DEFINITIONAL_REPRESENTATION('',(#835),#839);
#835 = LINE('',#836,#837);
#836 = CARTESIAN_POINT('',(0.,0.));
#837 = VECTOR('',#838,1.);
#838 = DIRECTION('',(0.,1.));
#839 = ( GEOMETRIC_REPRESENTATION_CONTEXT(2) 
PARAMETRIC_REPRESENTATION_CONTEXT() REPRESENTATION_CONTEXT('2D SPACE',''
  ) );
#840 = ORIENTED_EDGE('',*,*,#841,.T.);
#841 = EDGE_CURVE('',#814,#722,#842,.T.);
#842 = SURFACE_CURVE('',#843,(#847,#853),.PCURVE_S1.);
#843 = LINE('',#844,#845);
#844 = CARTESIAN_POINT('',(-104.5980762113,-195.,515.36156123669));
#845 = VECTOR('',#846,1.);
#846 = DIRECTION('',(0.866025403784,1.110223024625E-16,0.5));
#847 = PCURVE('',#737,#848);
#848 = DEFINITIONAL_REPRESENTATION('',(#849),#852);
#849 = B_SPLINE_CURVE_WITH_KNOTS('',1,(#850,#851),.UNSPECIFIED.,.F.,.F.,
  (2,2),(-3.,9.),.PIECEWISE_BEZIER_KNOTS.);
#850 = CARTESIAN_POINT('',(0.,-12.));
#851 = CARTESIAN_POINT('',(12.,-12.));
#852 = ( GEOMETRIC_REPRESENTATION_CONTEXT(2) 
PARAMETRIC_REPRESENTATION_CONTEXT() REPRESENTATION_CONTEXT('2D SPACE',''
  ) );
#853 = PCURVE('',#100,#854);
#854 = DEFINITIONAL_REPRESENTATION('',(#855),#858);
#855 = B_SPLINE_CURVE_WITH_KNOTS('',1,(#856,#857),.UNSPECIFIED.,.F.,.F.,
  (2,2),(-3.,9.),.PIECEWISE_BEZIER_KNOTS.);
#856 = CARTESIAN_POINT('',(42.803847577293,-86.1384387633));
#857 = CARTESIAN_POINT('',(53.196152422707,-80.1384387633));
#858 = ( GEOMETRIC_REPRESENTATION_CONTEXT(2) 
PARAMETRIC_REPRESENTATION_CONTEXT() REPRESENTATION_CONTEXT('2D SPACE',''
  ) );
#859 = ADVANCED_FACE('',(#860),#829,.T.);
#860 = FACE_BOUND('',#861,.T.);
#861 = EDGE_LOOP('',(#862,#863,#884,#910));
#862 = ORIENTED_EDGE('',*,*,#813,.F.);
#863 = ORIENTED_EDGE('',*,*,#864,.F.);
#864 = EDGE_CURVE('',#865,#793,#867,.T.);
#865 = VERTEX_POINT('',#866);
#866 = CARTESIAN_POINT('',(-100.2780315517,-205.,501.87902439524));
#867 = SURFACE_CURVE('',#868,(#872,#878),.PCURVE_S1.);
#868 = LINE('',#869,#870);
#869 = CARTESIAN_POINT('',(-131.1961524227,-205.,555.43078061834));
#870 = VECTOR('',#871,1.);
#871 = DIRECTION('',(-0.5,1.922962686384E-16,0.866025403784));
#872 = PCURVE('',#829,#873);
#873 = DEFINITIONAL_REPRESENTATION('',(#874),#877);
#874 = B_SPLINE_CURVE_WITH_KNOTS('',1,(#875,#876),.UNSPECIFIED.,.F.,.F.,
  (2,2),(-64.,-48.),.PIECEWISE_BEZIER_KNOTS.);
#875 = CARTESIAN_POINT('',(16.,2.));
#876 = CARTESIAN_POINT('',(0.,2.));
#877 = ( GEOMETRIC_REPRESENTATION_CONTEXT(2) 
PARAMETRIC_REPRESENTATION_CONTEXT() REPRESENTATION_CONTEXT('2D SPACE',''
  ) );
#878 = PCURVE('',#45,#879);
#879 = DEFINITIONAL_REPRESENTATION('',(#880),#883);
#880 = B_SPLINE_CURVE_WITH_KNOTS('',1,(#881,#882),.UNSPECIFIED.,.F.,.F.,
  (2,2),(-64.,-48.),.PIECEWISE_BEZIER_KNOTS.);
#881 = CARTESIAN_POINT('',(50.803847577293,-99.99484522385));
#882 = CARTESIAN_POINT('',(42.803847577293,-86.1384387633));
#883 = ( GEOMETRIC_REPRESENTATION_CONTEXT(2) 
PARAMETRIC_REPRESENTATION_CONTEXT() REPRESENTATION_CONTEXT('2D SPACE',''
  ) );
#884 = ORIENTED_EDGE('',*,*,#885,.F.);
#885 = EDGE_CURVE('',#886,#865,#888,.T.);
#886 = VERTEX_POINT('',#887);
#887 = CARTESIAN_POINT('',(-100.2780315517,-195.,501.87902439524));
#888 = SURFACE_CURVE('',#889,(#893,#899),.PCURVE_S1.);
#889 = LINE('',#890,#891);
#890 = CARTESIAN_POINT('',(-100.2780315517,-195.,501.87902439524));
#891 = VECTOR('',#892,1.);
#892 = DIRECTION('',(0.,-1.,2.22044604925E-16));
#893 = PCURVE('',#829,#894);
#894 = DEFINITIONAL_REPRESENTATION('',(#895),#898);
#895 = B_SPLINE_CURVE_WITH_KNOTS('',1,(#896,#897),.UNSPECIFIED.,.F.,.F.,
  (2,2),(-6.000000212225E-07,10.0000006),.PIECEWISE_BEZIER_KNOTS.);
#896 = CARTESIAN_POINT('',(13.836241741968,12.0000006));
#897 = CARTESIAN_POINT('',(13.836241741968,1.9999994));
#898 = ( GEOMETRIC_REPRESENTATION_CONTEXT(2) 
PARAMETRIC_REPRESENTATION_CONTEXT() REPRESENTATION_CONTEXT('2D SPACE',''
  ) );
#899 = PCURVE('',#900,#905);
#900 = CYLINDRICAL_SURFACE('',#901,110.);
#901 = AXIS2_PLACEMENT_3D('',#902,#903,#904);
#902 = CARTESIAN_POINT('',(-150.,-195.,600.));
#903 = DIRECTION('',(0.,-1.,2.22044604925E-16));
#904 = DIRECTION('',(1.,0.,0.));
#905 = DEFINITIONAL_REPRESENTATION('',(#906),#909);
#906 = B_SPLINE_CURVE_WITH_KNOTS('',1,(#907,#908),.UNSPECIFIED.,.F.,.F.,
  (2,2),(-6.000000212225E-07,10.0000006),.PIECEWISE_BEZIER_KNOTS.);
#907 = CARTESIAN_POINT('',(5.181415217828,-6.00000014588E-07));
#908 = CARTESIAN_POINT('',(5.181415217828,10.0000006));
#909 = ( GEOMETRIC_REPRESENTATION_CONTEXT(2) 
PARAMETRIC_REPRESENTATION_CONTEXT() REPRESENTATION_CONTEXT('2D SPACE',''
  ) );
#910 = ORIENTED_EDGE('',*,*,#911,.T.);
#911 = EDGE_CURVE('',#886,#814,#912,.T.);
#912 = SURFACE_CURVE('',#913,(#917,#923),.PCURVE_S1.);
#913 = LINE('',#914,#915);
#914 = CARTESIAN_POINT('',(-131.1961524227,-195.,555.43078061834));
#915 = VECTOR('',#916,1.);
#916 = DIRECTION('',(-0.5,1.922962686384E-16,0.866025403784));
#917 = PCURVE('',#829,#918);
#918 = DEFINITIONAL_REPRESENTATION('',(#919),#922);
#919 = B_SPLINE_CURVE_WITH_KNOTS('',1,(#920,#921),.UNSPECIFIED.,.F.,.F.,
  (2,2),(-64.,-48.),.PIECEWISE_BEZIER_KNOTS.);
#920 = CARTESIAN_POINT('',(16.,12.));
#921 = CARTESIAN_POINT('',(0.,12.));
#922 = ( GEOMETRIC_REPRESENTATION_CONTEXT(2) 
PARAMETRIC_REPRESENTATION_CONTEXT() REPRESENTATION_CONTEXT('2D SPACE',''
  ) );
#923 = PCURVE('',#100,#924);
#924 = DEFINITIONAL_REPRESENTATION('',(#925),#928);
#925 = B_SPLINE_CURVE_WITH_KNOTS('',1,(#926,#927),.UNSPECIFIED.,.F.,.F.,
  (2,2),(-64.,-48.),.PIECEWISE_BEZIER_KNOTS.);
#926 = CARTESIAN_POINT('',(50.803847577293,-99.99484522385));
#927 = CARTESIAN_POINT('',(42.803847577293,-86.1384387633));
#928 = ( GEOMETRIC_REPRESENTATION_CONTEXT(2) 
PARAMETRIC_REPRESENTATION_CONTEXT() REPRESENTATION_CONTEXT('2D SPACE',''
  ) );
#929 = ADVANCED_FACE('',(#930),#900,.T.);
#930 = FACE_BOUND('',#931,.T.);
#931 = EDGE_LOOP('',(#932,#956,#982,#1004));
#932 = ORIENTED_EDGE('',*,*,#933,.F.);
#933 = EDGE_CURVE('',#934,#865,#936,.T.);
#934 = VERTEX_POINT('',#935);
#935 = CARTESIAN_POINT('',(-144.,-205.,490.16375825803));
#936 = SURFACE_CURVE('',#937,(#942,#949),.PCURVE_S1.);
#937 = CIRCLE('',#938,110.);
#938 = AXIS2_PLACEMENT_3D('',#939,#940,#941);
#939 = CARTESIAN_POINT('',(-150.,-205.,600.));
#940 = DIRECTION('',(0.,-1.,2.22044604925E-16));
#941 = DIRECTION('',(1.,0.,0.));
#942 = PCURVE('',#900,#943);
#943 = DEFINITIONAL_REPRESENTATION('',(#944),#948);
#944 = LINE('',#945,#946);
#945 = CARTESIAN_POINT('',(0.,10.));
#946 = VECTOR('',#947,1.);
#947 = DIRECTION('',(1.,0.));
#948 = ( GEOMETRIC_REPRESENTATION_CONTEXT(2) 
PARAMETRIC_REPRESENTATION_CONTEXT() REPRESENTATION_CONTEXT('2D SPACE',''
  ) );
#949 = PCURVE('',#45,#950);
#950 = DEFINITIONAL_REPRESENTATION('',(#951),#955);
#951 = CIRCLE('',#952,110.);
#952 = AXIS2_PLACEMENT_2D('',#953,#954);
#953 = CARTESIAN_POINT('',(0.,0.));
#954 = DIRECTION('',(1.,0.));
#955 = ( GEOMETRIC_REPRESENTATION_CONTEXT(2) 
PARAMETRIC_REPRESENTATION_CONTEXT() REPRESENTATION_CONTEXT('2D SPACE',''
  ) );
#956 = ORIENTED_EDGE('',*,*,#957,.F.);
#957 = EDGE_CURVE('',#958,#934,#960,.T.);
#958 = VERTEX_POINT('',#959);
#959 = CARTESIAN_POINT('',(-144.,-195.,490.16375825803));
#960 = SURFACE_CURVE('',#961,(#965,#971),.PCURVE_S1.);
#961 = LINE('',#962,#963);
#962 = CARTESIAN_POINT('',(-144.,-195.,490.16375825803));
#963 = VECTOR('',#964,1.);
#964 = DIRECTION('',(0.,-1.,2.22044604925E-16));
#965 = PCURVE('',#900,#966);
#966 = DEFINITIONAL_REPRESENTATION('',(#967),#970);
#967 = B_SPLINE_CURVE_WITH_KNOTS('',1,(#968,#969),.UNSPECIFIED.,.F.,.F.,
  (2,2),(-5.999999928008E-07,10.0000006),.PIECEWISE_BEZIER_KNOTS.);
#968 = CARTESIAN_POINT('',(4.766961518539,-5.999999887676E-07));
#969 = CARTESIAN_POINT('',(4.766961518539,10.0000006));
#970 = ( GEOMETRIC_REPRESENTATION_CONTEXT(2) 
PARAMETRIC_REPRESENTATION_CONTEXT() REPRESENTATION_CONTEXT('2D SPACE',''
  ) );
#971 = PCURVE('',#972,#977);
#972 = PLANE('',#973);
#973 = AXIS2_PLACEMENT_3D('',#974,#975,#976);
#974 = CARTESIAN_POINT('',(-144.,-207.,504.));
#975 = DIRECTION('',(1.,0.,-2.22044604925E-16));
#976 = DIRECTION('',(-2.22044604925E-16,0.,-1.));
#977 = DEFINITIONAL_REPRESENTATION('',(#978),#981);
#978 = B_SPLINE_CURVE_WITH_KNOTS('',1,(#979,#980),.UNSPECIFIED.,.F.,.F.,
  (2,2),(-5.999999928008E-07,10.0000006),.PIECEWISE_BEZIER_KNOTS.);
#979 = CARTESIAN_POINT('',(13.836241741968,12.0000006));
#980 = CARTESIAN_POINT('',(13.836241741968,1.9999994));
#981 = ( GEOMETRIC_REPRESENTATION_CONTEXT(2) 
PARAMETRIC_REPRESENTATION_CONTEXT() REPRESENTATION_CONTEXT('2D SPACE',''
  ) );
#982 = ORIENTED_EDGE('',*,*,#983,.T.);
#983 = EDGE_CURVE('',#958,#886,#984,.T.);
#984 = SURFACE_CURVE('',#985,(#990,#997),.PCURVE_S1.);
#985 = CIRCLE('',#986,110.);
#986 = AXIS2_PLACEMENT_3D('',#987,#988,#989);
#987 = CARTESIAN_POINT('',(-150.,-195.,600.));
#988 = DIRECTION('',(0.,-1.,2.22044604925E-16));
#989 = DIRECTION('',(1.,0.,0.));
#990 = PCURVE('',#900,#991);
#991 = DEFINITIONAL_REPRESENTATION('',(#992),#996);
#992 = LINE('',#993,#994);
#993 = CARTESIAN_POINT('',(0.,0.));
#994 = VECTOR('',#995,1.);
#995 = DIRECTION('',(1.,0.));
#996 = ( GEOMETRIC_REPRESENTATION_CONTEXT(2) 
PARAMETRIC_REPRESENTATION_CONTEXT() REPRESENTATION_CONTEXT('2D SPACE',''
  ) );
#997 = PCURVE('',#100,#998);
#998 = DEFINITIONAL_REPRESENTATION('',(#999),#1003);
#999 = CIRCLE('',#1000,110.);
#1000 = AXIS2_PLACEMENT_2D('',#1001,#1002);
#1001 = CARTESIAN_POINT('',(0.,0.));
#1002 = DIRECTION('',(1.,0.));
#1003 = ( GEOMETRIC_REPRESENTATION_CONTEXT(2) 
PARAMETRIC_REPRESENTATION_CONTEXT() REPRESENTATION_CONTEXT('2D SPACE',''
  ) );
#1004 = ORIENTED_EDGE('',*,*,#885,.T.);
#1005 = ADVANCED_FACE('',(#1006),#972,.F.);
#1006 = FACE_BOUND('',#1007,.F.);
#1007 = EDGE_LOOP('',(#1008,#1038,#1057,#1058));
#1008 = ORIENTED_EDGE('',*,*,#1009,.F.);
#1009 = EDGE_CURVE('',#1010,#1012,#1014,.T.);
#1010 = VERTEX_POINT('',#1011);
#1011 = CARTESIAN_POINT('',(-144.,-205.,504.));
#1012 = VERTEX_POINT('',#1013);
#1013 = CARTESIAN_POINT('',(-144.,-195.,504.));
#1014 = SURFACE_CURVE('',#1015,(#1019,#1026),.PCURVE_S1.);
#1015 = LINE('',#1016,#1017);
#1016 = CARTESIAN_POINT('',(-144.,-207.,504.));
#1017 = VECTOR('',#1018,1.);
#1018 = DIRECTION('',(0.,1.,0.));
#1019 = PCURVE('',#972,#1020);
#1020 = DEFINITIONAL_REPRESENTATION('',(#1021),#1025);
#1021 = LINE('',#1022,#1023);
#1022 = CARTESIAN_POINT('',(0.,0.));
#1023 = VECTOR('',#1024,1.);
#1024 = DIRECTION('',(0.,1.));
#1025 = ( GEOMETRIC_REPRESENTATION_CONTEXT(2) 
PARAMETRIC_REPRESENTATION_CONTEXT() REPRESENTATION_CONTEXT('2D SPACE',''
  ) );
#1026 = PCURVE('',#1027,#1032);
#1027 = PLANE('',#1028);
#1028 = AXIS2_PLACEMENT_3D('',#1029,#1030,#1031);
#1029 = CARTESIAN_POINT('',(-156.,-207.,504.));
#1030 = DIRECTION('',(-2.22044604925E-16,0.,-1.));
#1031 = DIRECTION('',(1.,0.,-2.22044604925E-16));
#1032 = DEFINITIONAL_REPRESENTATION('',(#1033),#1037);
#1033 = LINE('',#1034,#1035);
#1034 = CARTESIAN_POINT('',(12.,0.));
#1035 = VECTOR('',#1036,1.);
#1036 = DIRECTION('',(0.,-1.));
#1037 = ( GEOMETRIC_REPRESENTATION_CONTEXT(2) 
PARAMETRIC_REPRESENTATION_CONTEXT() REPRESENTATION_CONTEXT('2D SPACE',''
  ) );
#1038 = ORIENTED_EDGE('',*,*,#1039,.F.);
#1039 = EDGE_CURVE('',#934,#1010,#1040,.T.);
#1040 = SURFACE_CURVE('',#1041,(#1045,#1051),.PCURVE_S1.);
#1041 = LINE('',#1042,#1043);
#1042 = CARTESIAN_POINT('',(-144.,-205.,552.));
#1043 = VECTOR('',#1044,1.);
#1044 = DIRECTION('',(2.22044604925E-16,2.22044604925E-16,1.));
#1045 = PCURVE('',#972,#1046);
#1046 = DEFINITIONAL_REPRESENTATION('',(#1047),#1050);
#1047 = B_SPLINE_CURVE_WITH_KNOTS('',1,(#1048,#1049),.UNSPECIFIED.,.F.,
  .F.,(2,2),(-62.,-48.),.PIECEWISE_BEZIER_KNOTS.);
#1048 = CARTESIAN_POINT('',(14.,2.));
#1049 = CARTESIAN_POINT('',(0.,2.));
#1050 = ( GEOMETRIC_REPRESENTATION_CONTEXT(2) 
PARAMETRIC_REPRESENTATION_CONTEXT() REPRESENTATION_CONTEXT('2D SPACE',''
  ) );
#1051 = PCURVE('',#45,#1052);
#1052 = DEFINITIONAL_REPRESENTATION('',(#1053),#1056);
#1053 = B_SPLINE_CURVE_WITH_KNOTS('',1,(#1054,#1055),.UNSPECIFIED.,.F.,
  .F.,(2,2),(-62.,-48.),.PIECEWISE_BEZIER_KNOTS.);
#1054 = CARTESIAN_POINT('',(6.,-110.));
#1055 = CARTESIAN_POINT('',(6.,-96.));
#1056 = ( GEOMETRIC_REPRESENTATION_CONTEXT(2) 
PARAMETRIC_REPRESENTATION_CONTEXT() REPRESENTATION_CONTEXT('2D SPACE',''
  ) );
#1057 = ORIENTED_EDGE('',*,*,#957,.F.);
#1058 = ORIENTED_EDGE('',*,*,#1059,.T.);
#1059 = EDGE_CURVE('',#958,#1012,#1060,.T.);
#1060 = SURFACE_CURVE('',#1061,(#1065,#1071),.PCURVE_S1.);
#1061 = LINE('',#1062,#1063);
#1062 = CARTESIAN_POINT('',(-144.,-195.,552.));
#1063 = VECTOR('',#1064,1.);
#1064 = DIRECTION('',(2.22044604925E-16,2.22044604925E-16,1.));
#1065 = PCURVE('',#972,#1066);
#1066 = DEFINITIONAL_REPRESENTATION('',(#1067),#1070);
#1067 = B_SPLINE_CURVE_WITH_KNOTS('',1,(#1068,#1069),.UNSPECIFIED.,.F.,
  .F.,(2,2),(-62.,-48.),.PIECEWISE_BEZIER_KNOTS.);
#1068 = CARTESIAN_POINT('',(14.,12.));
#1069 = CARTESIAN_POINT('',(0.,12.));
#1070 = ( GEOMETRIC_REPRESENTATION_CONTEXT(2) 
PARAMETRIC_REPRESENTATION_CONTEXT() REPRESENTATION_CONTEXT('2D SPACE',''
  ) );
#1071 = PCURVE('',#100,#1072);
#1072 = DEFINITIONAL_REPRESENTATION('',(#1073),#1076);
#1073 = B_SPLINE_CURVE_WITH_KNOTS('',1,(#1074,#1075),.UNSPECIFIED.,.F.,
  .F.,(2,2),(-62.,-48.),.PIECEWISE_BEZIER_KNOTS.);
#1074 = CARTESIAN_POINT('',(6.,-110.));
#1075 = CARTESIAN_POINT('',(6.,-96.));
#1076 = ( GEOMETRIC_REPRESENTATION_CONTEXT(2) 
PARAMETRIC_REPRESENTATION_CONTEXT() REPRESENTATION_CONTEXT('2D SPACE',''
  ) );
#1077 = ADVANCED_FACE('',(#1078),#1027,.T.);
#1078 = FACE_BOUND('',#1079,.T.);
#1079 = EDGE_LOOP('',(#1080,#1081,#1102,#1130));
#1080 = ORIENTED_EDGE('',*,*,#1009,.F.);
#1081 = ORIENTED_EDGE('',*,*,#1082,.F.);
#1082 = EDGE_CURVE('',#1083,#1010,#1085,.T.);
#1083 = VERTEX_POINT('',#1084);
#1084 = CARTESIAN_POINT('',(-156.,-205.,504.));
#1085 = SURFACE_CURVE('',#1086,(#1090,#1096),.PCURVE_S1.);
#1086 = LINE('',#1087,#1088);
#1087 = CARTESIAN_POINT('',(-153.,-205.,504.));
#1088 = VECTOR('',#1089,1.);
#1089 = DIRECTION('',(1.,-4.930380657631E-32,-2.22044604925E-16));
#1090 = PCURVE('',#1027,#1091);
#1091 = DEFINITIONAL_REPRESENTATION('',(#1092),#1095);
#1092 = B_SPLINE_CURVE_WITH_KNOTS('',1,(#1093,#1094),.UNSPECIFIED.,.F.,
  .F.,(2,2),(-3.,9.),.PIECEWISE_BEZIER_KNOTS.);
#1093 = CARTESIAN_POINT('',(0.,-2.));
#1094 = CARTESIAN_POINT('',(12.,-2.));
#1095 = ( GEOMETRIC_REPRESENTATION_CONTEXT(2) 
PARAMETRIC_REPRESENTATION_CONTEXT() REPRESENTATION_CONTEXT('2D SPACE',''
  ) );
#1096 = PCURVE('',#45,#1097);
#1097 = DEFINITIONAL_REPRESENTATION('',(#1098),#1101);
#1098 = B_SPLINE_CURVE_WITH_KNOTS('',1,(#1099,#1100),.UNSPECIFIED.,.F.,
  .F.,(2,2),(-3.,9.),.PIECEWISE_BEZIER_KNOTS.);
#1099 = CARTESIAN_POINT('',(-6.,-96.));
#1100 = CARTESIAN_POINT('',(6.,-96.));
#1101 = ( GEOMETRIC_REPRESENTATION_CONTEXT(2) 
PARAMETRIC_REPRESENTATION_CONTEXT() REPRESENTATION_CONTEXT('2D SPACE',''
  ) );
#1102 = ORIENTED_EDGE('',*,*,#1103,.T.);
#1103 = EDGE_CURVE('',#1083,#1104,#1106,.T.);
#1104 = VERTEX_POINT('',#1105);
#1105 = CARTESIAN_POINT('',(-156.,-195.,504.));
#1106 = SURFACE_CURVE('',#1107,(#1111,#1118),.PCURVE_S1.);
#1107 = LINE('',#1108,#1109);
#1108 = CARTESIAN_POINT('',(-156.,-207.,504.));
#1109 = VECTOR('',#1110,1.);
#1110 = DIRECTION('',(0.,1.,0.));
#1111 = PCURVE('',#1027,#1112);
#1112 = DEFINITIONAL_REPRESENTATION('',(#1113),#1117);
#1113 = LINE('',#1114,#1115);
#1114 = CARTESIAN_POINT('',(0.,0.));
#1115 = VECTOR('',#1116,1.);
#1116 = DIRECTION('',(0.,-1.));
#1117 = ( GEOMETRIC_REPRESENTATION_CONTEXT(2) 
PARAMETRIC_REPRESENTATION_CONTEXT() REPRESENTATION_CONTEXT('2D SPACE',''
  ) );
#1118 = PCURVE('',#1119,#1124);
#1119 = PLANE('',#1120);
#1120 = AXIS2_PLACEMENT_3D('',#1121,#1122,#1123);
#1121 = CARTESIAN_POINT('',(-156.,-207.,504.));
#1122 = DIRECTION('',(1.,0.,-2.22044604925E-16));
#1123 = DIRECTION('',(-2.22044604925E-16,0.,-1.));
#1124 = DEFINITIONAL_REPRESENTATION('',(#1125),#1129);
#1125 = LINE('',#1126,#1127);
#1126 = CARTESIAN_POINT('',(0.,0.));
#1127 = VECTOR('',#1128,1.);
#1128 = DIRECTION('',(0.,1.));
#1129 = ( GEOMETRIC_REPRESENTATION_CONTEXT(2) 
PARAMETRIC_REPRESENTATION_CONTEXT() REPRESENTATION_CONTEXT('2D SPACE',''
  ) );
#1130 = ORIENTED_EDGE('',*,*,#1131,.T.);
#1131 = EDGE_CURVE('',#1104,#1012,#1132,.T.);
#1132 = SURFACE_CURVE('',#1133,(#1137,#1143),.PCURVE_S1.);
#1133 = LINE('',#1134,#1135);
#1134 = CARTESIAN_POINT('',(-153.,-195.,504.));
#1135 = VECTOR('',#1136,1.);
#1136 = DIRECTION('',(1.,-4.930380657631E-32,-2.22044604925E-16));
#1137 = PCURVE('',#1027,#1138);
#1138 = DEFINITIONAL_REPRESENTATION('',(#1139),#1142);
#1139 = B_SPLINE_CURVE_WITH_KNOTS('',1,(#1140,#1141),.UNSPECIFIED.,.F.,
  .F.,(2,2),(-3.,9.),.PIECEWISE_BEZIER_KNOTS.);
#1140 = CARTESIAN_POINT('',(0.,-12.));
#1141 = CARTESIAN_POINT('',(12.,-12.));
#1142 = ( GEOMETRIC_REPRESENTATION_CONTEXT(2) 
PARAMETRIC_REPRESENTATION_CONTEXT() REPRESENTATION_CONTEXT('2D SPACE',''
  ) );
#1143 = PCURVE('',#100,#1144);
#1144 = DEFINITIONAL_REPRESENTATION('',(#1145),#1148);
#1145 = B_SPLINE_CURVE_WITH_KNOTS('',1,(#1146,#1147),.UNSPECIFIED.,.F.,
  .F.,(2,2),(-3.,9.),.PIECEWISE_BEZIER_KNOTS.);
#1146 = CARTESIAN_POINT('',(-6.,-96.));
#1147 = CARTESIAN_POINT('',(6.,-96.));
#1148 = ( GEOMETRIC_REPRESENTATION_CONTEXT(2) 
PARAMETRIC_REPRESENTATION_CONTEXT() REPRESENTATION_CONTEXT('2D SPACE',''
  ) );
#1149 = ADVANCED_FACE('',(#1150),#1119,.T.);
#1150 = FACE_BOUND('',#1151,.T.);
#1151 = EDGE_LOOP('',(#1152,#1153,#1174,#1200));
#1152 = ORIENTED_EDGE('',*,*,#1103,.F.);
#1153 = ORIENTED_EDGE('',*,*,#1154,.F.);
#1154 = EDGE_CURVE('',#1155,#1083,#1157,.T.);
#1155 = VERTEX_POINT('',#1156);
#1156 = CARTESIAN_POINT('',(-156.,-205.,490.16375825803));
#1157 = SURFACE_CURVE('',#1158,(#1162,#1168),.PCURVE_S1.);
#1158 = LINE('',#1159,#1160);
#1159 = CARTESIAN_POINT('',(-156.,-205.,552.));
#1160 = VECTOR('',#1161,1.);
#1161 = DIRECTION('',(2.22044604925E-16,2.22044604925E-16,1.));
#1162 = PCURVE('',#1119,#1163);
#1163 = DEFINITIONAL_REPRESENTATION('',(#1164),#1167);
#1164 = B_SPLINE_CURVE_WITH_KNOTS('',1,(#1165,#1166),.UNSPECIFIED.,.F.,
  .F.,(2,2),(-62.,-48.),.PIECEWISE_BEZIER_KNOTS.);
#1165 = CARTESIAN_POINT('',(14.,2.));
#1166 = CARTESIAN_POINT('',(0.,2.));
#1167 = ( GEOMETRIC_REPRESENTATION_CONTEXT(2) 
PARAMETRIC_REPRESENTATION_CONTEXT() REPRESENTATION_CONTEXT('2D SPACE',''
  ) );
#1168 = PCURVE('',#45,#1169);
#1169 = DEFINITIONAL_REPRESENTATION('',(#1170),#1173);
#1170 = B_SPLINE_CURVE_WITH_KNOTS('',1,(#1171,#1172),.UNSPECIFIED.,.F.,
  .F.,(2,2),(-62.,-48.),.PIECEWISE_BEZIER_KNOTS.);
#1171 = CARTESIAN_POINT('',(-6.,-110.));
#1172 = CARTESIAN_POINT('',(-6.,-96.));
#1173 = ( GEOMETRIC_REPRESENTATION_CONTEXT(2) 
PARAMETRIC_REPRESENTATION_CONTEXT() REPRESENTATION_CONTEXT('2D SPACE',''
  ) );
#1174 = ORIENTED_EDGE('',*,*,#1175,.F.);
#1175 = EDGE_CURVE('',#1176,#1155,#1178,.T.);
#1176 = VERTEX_POINT('',#1177);
#1177 = CARTESIAN_POINT('',(-156.,-195.,490.16375825803));
#1178 = SURFACE_CURVE('',#1179,(#1183,#1189),.PCURVE_S1.);
#1179 = LINE('',#1180,#1181);
#1180 = CARTESIAN_POINT('',(-156.,-195.,490.16375825803));
#1181 = VECTOR('',#1182,1.);
#1182 = DIRECTION('',(0.,-1.,2.22044604925E-16));
#1183 = PCURVE('',#1119,#1184);
#1184 = DEFINITIONAL_REPRESENTATION('',(#1185),#1188);
#1185 = B_SPLINE_CURVE_WITH_KNOTS('',1,(#1186,#1187),.UNSPECIFIED.,.F.,
  .F.,(2,2),(-5.999999928008E-07,10.0000006),.PIECEWISE_BEZIER_KNOTS.);
#1186 = CARTESIAN_POINT('',(13.836241741968,12.0000006));
#1187 = CARTESIAN_POINT('',(13.836241741968,1.9999994));
#1188 = ( GEOMETRIC_REPRESENTATION_CONTEXT(2) 
PARAMETRIC_REPRESENTATION_CONTEXT() REPRESENTATION_CONTEXT('2D SPACE',''
  ) );
#1189 = PCURVE('',#1190,#1195);
#1190 = CYLINDRICAL_SURFACE('',#1191,110.);
#1191 = AXIS2_PLACEMENT_3D('',#1192,#1193,#1194);
#1192 = CARTESIAN_POINT('',(-150.,-195.,600.));
#1193 = DIRECTION('',(0.,-1.,2.22044604925E-16));
#1194 = DIRECTION('',(1.,0.,0.));
#1195 = DEFINITIONAL_REPRESENTATION('',(#1196),#1199);
#1196 = B_SPLINE_CURVE_WITH_KNOTS('',1,(#1197,#1198),.UNSPECIFIED.,.F.,
  .F.,(2,2),(-5.999999928008E-07,10.0000006),.PIECEWISE_BEZIER_KNOTS.);
#1197 = CARTESIAN_POINT('',(4.65781644223,-5.999999887676E-07));
#1198 = CARTESIAN_POINT('',(4.65781644223,10.0000006));
#1199 = ( GEOMETRIC_REPRESENTATION_CONTEXT(2) 
PARAMETRIC_REPRESENTATION_CONTEXT() REPRESENTATION_CONTEXT('2D SPACE',''
  ) );
#1200 = ORIENTED_EDGE('',*,*,#1201,.T.);
#1201 = EDGE_CURVE('',#1176,#1104,#1202,.T.);
#1202 = SURFACE_CURVE('',#1203,(#1207,#1213),.PCURVE_S1.);
#1203 = LINE('',#1204,#1205);
#1204 = CARTESIAN_POINT('',(-156.,-195.,552.));
#1205 = VECTOR('',#1206,1.);
#1206 = DIRECTION('',(2.22044604925E-16,2.22044604925E-16,1.));
#1207 = PCURVE('',#1119,#1208);
#1208 = DEFINITIONAL_REPRESENTATION('',(#1209),#1212);
#1209 = B_SPLINE_CURVE_WITH_KNOTS('',1,(#1210,#1211),.UNSPECIFIED.,.F.,
  .F.,(2,2),(-62.,-48.),.PIECEWISE_BEZIER_KNOTS.);
#1210 = CARTESIAN_POINT('',(14.,12.));
#1211 = CARTESIAN_POINT('',(0.,12.));
#1212 = ( GEOMETRIC_REPRESENTATION_CONTEXT(2) 
PARAMETRIC_REPRESENTATION_CONTEXT() REPRESENTATION_CONTEXT('2D SPACE',''
  ) );
#1213 = PCURVE('',#100,#1214);
#1214 = DEFINITIONAL_REPRESENTATION('',(#1215),#1218);
#1215 = B_SPLINE_CURVE_WITH_KNOTS('',1,(#1216,#1217),.UNSPECIFIED.,.F.,
  .F.,(2,2),(-62.,-48.),.PIECEWISE_BEZIER_KNOTS.);
#1216 = CARTESIAN_POINT('',(-6.,-110.));
#1217 = CARTESIAN_POINT('',(-6.,-96.));
#1218 = ( GEOMETRIC_REPRESENTATION_CONTEXT(2) 
PARAMETRIC_REPRESENTATION_CONTEXT() REPRESENTATION_CONTEXT('2D SPACE',''
  ) );
#1219 = ADVANCED_FACE('',(#1220),#1190,.T.);
#1220 = FACE_BOUND('',#1221,.T.);
#1221 = EDGE_LOOP('',(#1222,#1246,#1272,#1294));
#1222 = ORIENTED_EDGE('',*,*,#1223,.F.);
#1223 = EDGE_CURVE('',#1224,#1155,#1226,.T.);
#1224 = VERTEX_POINT('',#1225);
#1225 = CARTESIAN_POINT('',(-199.7219684482,-205.,501.87902439524));
#1226 = SURFACE_CURVE('',#1227,(#1232,#1239),.PCURVE_S1.);
#1227 = CIRCLE('',#1228,110.);
#1228 = AXIS2_PLACEMENT_3D('',#1229,#1230,#1231);
#1229 = CARTESIAN_POINT('',(-150.,-205.,600.));
#1230 = DIRECTION('',(0.,-1.,2.22044604925E-16));
#1231 = DIRECTION('',(1.,0.,0.));
#1232 = PCURVE('',#1190,#1233);
#1233 = DEFINITIONAL_REPRESENTATION('',(#1234),#1238);
#1234 = LINE('',#1235,#1236);
#1235 = CARTESIAN_POINT('',(0.,10.));
#1236 = VECTOR('',#1237,1.);
#1237 = DIRECTION('',(1.,0.));
#1238 = ( GEOMETRIC_REPRESENTATION_CONTEXT(2) 
PARAMETRIC_REPRESENTATION_CONTEXT() REPRESENTATION_CONTEXT('2D SPACE',''
  ) );
#1239 = PCURVE('',#45,#1240);
#1240 = DEFINITIONAL_REPRESENTATION('',(#1241),#1245);
#1241 = CIRCLE('',#1242,110.);
#1242 = AXIS2_PLACEMENT_2D('',#1243,#1244);
#1243 = CARTESIAN_POINT('',(0.,0.));
#1244 = DIRECTION('',(1.,0.));
#1245 = ( GEOMETRIC_REPRESENTATION_CONTEXT(2) 
PARAMETRIC_REPRESENTATION_CONTEXT() REPRESENTATION_CONTEXT('2D SPACE',''
  ) );
#1246 = ORIENTED_EDGE('',*,*,#1247,.F.);
#1247 = EDGE_CURVE('',#1248,#1224,#1250,.T.);
#1248 = VERTEX_POINT('',#1249);
#1249 = CARTESIAN_POINT('',(-199.7219684482,-195.,501.87902439524));
#1250 = SURFACE_CURVE('',#1251,(#1255,#1261),.PCURVE_S1.);
#1251 = LINE('',#1252,#1253);
#1252 = CARTESIAN_POINT('',(-199.7219684482,-195.,501.87902439524));
#1253 = VECTOR('',#1254,1.);
#1254 = DIRECTION('',(0.,-1.,2.22044604925E-16));
#1255 = PCURVE('',#1190,#1256);
#1256 = DEFINITIONAL_REPRESENTATION('',(#1257),#1260);
#1257 = B_SPLINE_CURVE_WITH_KNOTS('',1,(#1258,#1259),.UNSPECIFIED.,.F.,
  .F.,(2,2),(-6.000000212225E-07,10.0000006),.PIECEWISE_BEZIER_KNOTS.);
#1258 = CARTESIAN_POINT('',(4.243362742941,-6.00000014588E-07));
#1259 = CARTESIAN_POINT('',(4.243362742941,10.0000006));
#1260 = ( GEOMETRIC_REPRESENTATION_CONTEXT(2) 
PARAMETRIC_REPRESENTATION_CONTEXT() REPRESENTATION_CONTEXT('2D SPACE',''
  ) );
#1261 = PCURVE('',#1262,#1267);
#1262 = PLANE('',#1263);
#1263 = AXIS2_PLACEMENT_3D('',#1264,#1265,#1266);
#1264 = CARTESIAN_POINT('',(-192.8038475772,-207.,513.86156123669));
#1265 = DIRECTION('',(0.866025403784,0.,-0.5));
#1266 = DIRECTION('',(-0.5,0.,-0.866025403784));
#1267 = DEFINITIONAL_REPRESENTATION('',(#1268),#1271);
#1268 = B_SPLINE_CURVE_WITH_KNOTS('',1,(#1269,#1270),.UNSPECIFIED.,.F.,
  .F.,(2,2),(-6.000000212225E-07,10.0000006),.PIECEWISE_BEZIER_KNOTS.);
#1269 = CARTESIAN_POINT('',(13.836241741968,12.0000006));
#1270 = CARTESIAN_POINT('',(13.836241741968,1.9999994));
#1271 = ( GEOMETRIC_REPRESENTATION_CONTEXT(2) 
PARAMETRIC_REPRESENTATION_CONTEXT() REPRESENTATION_CONTEXT('2D SPACE',''
  ) );
#1272 = ORIENTED_EDGE('',*,*,#1273,.T.);
#1273 = EDGE_CURVE('',#1248,#1176,#1274,.T.);
#1274 = SURFACE_CURVE('',#1275,(#1280,#1287),.PCURVE_S1.);
#1275 = CIRCLE('',#1276,110.);
#1276 = AXIS2_PLACEMENT_3D('',#1277,#1278,#1279);
#1277 = CARTESIAN_POINT('',(-150.,-195.,600.));
#1278 = DIRECTION('',(0.,-1.,2.22044604925E-16));
#1279 = DIRECTION('',(1.,0.,0.));
#1280 = PCURVE('',#1190,#1281);
#1281 = DEFINITIONAL_REPRESENTATION('',(#1282),#1286);
#1282 = LINE('',#1283,#1284);
#1283 = CARTESIAN_POINT('',(0.,0.));
#1284 = VECTOR('',#1285,1.);
#1285 = DIRECTION('',(1.,0.));
#1286 = ( GEOMETRIC_REPRESENTATION_CONTEXT(2) 
PARAMETRIC_REPRESENTATION_CONTEXT() REPRESENTATION_CONTEXT('2D SPACE',''
  ) );
#1287 = PCURVE('',#100,#1288);
#1288 = DEFINITIONAL_REPRESENTATION('',(#1289),#1293);
#1289 = CIRCLE('',#1290,110.);
#1290 = AXIS2_PLACEMENT_2D('',#1291,#1292);
#1291 = CARTESIAN_POINT('',(0.,0.));
#1292 = DIRECTION('',(1.,0.));
#1293 = ( GEOMETRIC_REPRESENTATION_CONTEXT(2) 
PARAMETRIC_REPRESENTATION_CONTEXT() REPRESENTATION_CONTEXT('2D SPACE',''
  ) );
#1294 = ORIENTED_EDGE('',*,*,#1175,.T.);
#1295 = ADVANCED_FACE('',(#1296),#1262,.F.);
#1296 = FACE_BOUND('',#1297,.F.);
#1297 = EDGE_LOOP('',(#1298,#1328,#1347,#1348));
#1298 = ORIENTED_EDGE('',*,*,#1299,.F.);
#1299 = EDGE_CURVE('',#1300,#1302,#1304,.T.);
#1300 = VERTEX_POINT('',#1301);
#1301 = CARTESIAN_POINT('',(-192.8038475772,-205.,513.86156123669));
#1302 = VERTEX_POINT('',#1303);
#1303 = CARTESIAN_POINT('',(-192.8038475772,-195.,513.86156123669));
#1304 = SURFACE_CURVE('',#1305,(#1309,#1316),.PCURVE_S1.);
#1305 = LINE('',#1306,#1307);
#1306 = CARTESIAN_POINT('',(-192.8038475772,-207.,513.86156123669));
#1307 = VECTOR('',#1308,1.);
#1308 = DIRECTION('',(0.,1.,0.));
#1309 = PCURVE('',#1262,#1310);
#1310 = DEFINITIONAL_REPRESENTATION('',(#1311),#1315);
#1311 = LINE('',#1312,#1313);
#1312 = CARTESIAN_POINT('',(0.,0.));
#1313 = VECTOR('',#1314,1.);
#1314 = DIRECTION('',(0.,1.));
#1315 = ( GEOMETRIC_REPRESENTATION_CONTEXT(2) 
PARAMETRIC_REPRESENTATION_CONTEXT() REPRESENTATION_CONTEXT('2D SPACE',''
  ) );
#1316 = PCURVE('',#1317,#1322);
#1317 = PLANE('',#1318);
#1318 = AXIS2_PLACEMENT_3D('',#1319,#1320,#1321);
#1319 = CARTESIAN_POINT('',(-203.1961524227,-207.,519.86156123669));
#1320 = DIRECTION('',(-0.5,0.,-0.866025403784));
#1321 = DIRECTION('',(0.866025403784,0.,-0.5));
#1322 = DEFINITIONAL_REPRESENTATION('',(#1323),#1327);
#1323 = LINE('',#1324,#1325);
#1324 = CARTESIAN_POINT('',(12.,0.));
#1325 = VECTOR('',#1326,1.);
#1326 = DIRECTION('',(0.,-1.));
#1327 = ( GEOMETRIC_REPRESENTATION_CONTEXT(2) 
PARAMETRIC_REPRESENTATION_CONTEXT() REPRESENTATION_CONTEXT('2D SPACE',''
  ) );
#1328 = ORIENTED_EDGE('',*,*,#1329,.F.);
#1329 = EDGE_CURVE('',#1224,#1300,#1330,.T.);
#1330 = SURFACE_CURVE('',#1331,(#1335,#1341),.PCURVE_S1.);
#1331 = LINE('',#1332,#1333);
#1332 = CARTESIAN_POINT('',(-168.8038475772,-205.,555.43078061834));
#1333 = VECTOR('',#1334,1.);
#1334 = DIRECTION('',(0.5,1.922962686384E-16,0.866025403784));
#1335 = PCURVE('',#1262,#1336);
#1336 = DEFINITIONAL_REPRESENTATION('',(#1337),#1340);
#1337 = B_SPLINE_CURVE_WITH_KNOTS('',1,(#1338,#1339),.UNSPECIFIED.,.F.,
  .F.,(2,2),(-64.,-48.),.PIECEWISE_BEZIER_KNOTS.);
#1338 = CARTESIAN_POINT('',(16.,2.));
#1339 = CARTESIAN_POINT('',(0.,2.));
#1340 = ( GEOMETRIC_REPRESENTATION_CONTEXT(2) 
PARAMETRIC_REPRESENTATION_CONTEXT() REPRESENTATION_CONTEXT('2D SPACE',''
  ) );
#1341 = PCURVE('',#45,#1342);
#1342 = DEFINITIONAL_REPRESENTATION('',(#1343),#1346);
#1343 = B_SPLINE_CURVE_WITH_KNOTS('',1,(#1344,#1345),.UNSPECIFIED.,.F.,
  .F.,(2,2),(-64.,-48.),.PIECEWISE_BEZIER_KNOTS.);
#1344 = CARTESIAN_POINT('',(-50.80384757729,-99.99484522385));
#1345 = CARTESIAN_POINT('',(-42.80384757729,-86.1384387633));
#1346 = ( GEOMETRIC_REPRESENTATION_CONTEXT(2) 
PARAMETRIC_REPRESENTATION_CONTEXT() REPRESENTATION_CONTEXT('2D SPACE',''
  ) );
#1347 = ORIENTED_EDGE('',*,*,#1247,.F.);
#1348 = ORIENTED_EDGE('',*,*,#1349,.T.);
#1349 = EDGE_CURVE('',#1248,#1302,#1350,.T.);
#1350 = SURFACE_CURVE('',#1351,(#1355,#1361),.PCURVE_S1.);
#1351 = LINE('',#1352,#1353);
#1352 = CARTESIAN_POINT('',(-168.8038475772,-195.,555.43078061834));
#1353 = VECTOR('',#1354,1.);
#1354 = DIRECTION('',(0.5,1.922962686384E-16,0.866025403784));
#1355 = PCURVE('',#1262,#1356);
#1356 = DEFINITIONAL_REPRESENTATION('',(#1357),#1360);
#1357 = B_SPLINE_CURVE_WITH_KNOTS('',1,(#1358,#1359),.UNSPECIFIED.,.F.,
  .F.,(2,2),(-64.,-48.),.PIECEWISE_BEZIER_KNOTS.);
#1358 = CARTESIAN_POINT('',(16.,12.));
#1359 = CARTESIAN_POINT('',(0.,12.));
#1360 = ( GEOMETRIC_REPRESENTATION_CONTEXT(2) 
PARAMETRIC_REPRESENTATION_CONTEXT() REPRESENTATION_CONTEXT('2D SPACE',''
  ) );
#1361 = PCURVE('',#100,#1362);
#1362 = DEFINITIONAL_REPRESENTATION('',(#1363),#1366);
#1363 = B_SPLINE_CURVE_WITH_KNOTS('',1,(#1364,#1365),.UNSPECIFIED.,.F.,
  .F.,(2,2),(-64.,-48.),.PIECEWISE_BEZIER_KNOTS.);
#1364 = CARTESIAN_POINT('',(-50.80384757729,-99.99484522385));
#1365 = CARTESIAN_POINT('',(-42.80384757729,-86.1384387633));
#1366 = ( GEOMETRIC_REPRESENTATION_CONTEXT(2) 
PARAMETRIC_REPRESENTATION_CONTEXT() REPRESENTATION_CONTEXT('2D SPACE',''
  ) );
#1367 = ADVANCED_FACE('',(#1368),#1317,.T.);
#1368 = FACE_BOUND('',#1369,.T.);
#1369 = EDGE_LOOP('',(#1370,#1371,#1392,#1420));
#1370 = ORIENTED_EDGE('',*,*,#1299,.F.);
#1371 = ORIENTED_EDGE('',*,*,#1372,.F.);
#1372 = EDGE_CURVE('',#1373,#1300,#1375,.T.);
#1373 = VERTEX_POINT('',#1374);
#1374 = CARTESIAN_POINT('',(-203.1961524227,-205.,519.86156123669));
#1375 = SURFACE_CURVE('',#1376,(#1380,#1386),.PCURVE_S1.);
#1376 = LINE('',#1377,#1378);
#1377 = CARTESIAN_POINT('',(-200.5980762113,-205.,518.36156123669));
#1378 = VECTOR('',#1379,1.);
#1379 = DIRECTION('',(0.866025403784,-1.110223024625E-16,-0.5));
#1380 = PCURVE('',#1317,#1381);
#1381 = DEFINITIONAL_REPRESENTATION('',(#1382),#1385);
#1382 = B_SPLINE_CURVE_WITH_KNOTS('',1,(#1383,#1384),.UNSPECIFIED.,.F.,
  .F.,(2,2),(-3.,9.),.PIECEWISE_BEZIER_KNOTS.);
#1383 = CARTESIAN_POINT('',(0.,-2.));
#1384 = CARTESIAN_POINT('',(12.,-2.));
#1385 = ( GEOMETRIC_REPRESENTATION_CONTEXT(2) 
PARAMETRIC_REPRESENTATION_CONTEXT() REPRESENTATION_CONTEXT('2D SPACE',''
  ) );
#1386 = PCURVE('',#45,#1387);
#1387 = DEFINITIONAL_REPRESENTATION('',(#1388),#1391);
#1388 = B_SPLINE_CURVE_WITH_KNOTS('',1,(#1389,#1390),.UNSPECIFIED.,.F.,
  .F.,(2,2),(-3.,9.),.PIECEWISE_BEZIER_KNOTS.);
#1389 = CARTESIAN_POINT('',(-53.1961524227,-80.1384387633));
#1390 = CARTESIAN_POINT('',(-42.80384757729,-86.1384387633));
#1391 = ( GEOMETRIC_REPRESENTATION_CONTEXT(2) 
PARAMETRIC_REPRESENTATION_CONTEXT() REPRESENTATION_CONTEXT('2D SPACE',''
  ) );
#1392 = ORIENTED_EDGE('',*,*,#1393,.T.);
#1393 = EDGE_CURVE('',#1373,#1394,#1396,.T.);
#1394 = VERTEX_POINT('',#1395);
#1395 = CARTESIAN_POINT('',(-203.1961524227,-195.,519.86156123669));
#1396 = SURFACE_CURVE('',#1397,(#1401,#1408),.PCURVE_S1.);
#1397 = LINE('',#1398,#1399);
#1398 = CARTESIAN_POINT('',(-203.1961524227,-207.,519.86156123669));
#1399 = VECTOR('',#1400,1.);
#1400 = DIRECTION('',(0.,1.,0.));
#1401 = PCURVE('',#1317,#1402);
#1402 = DEFINITIONAL_REPRESENTATION('',(#1403),#1407);
#1403 = LINE('',#1404,#1405);
#1404 = CARTESIAN_POINT('',(0.,0.));
#1405 = VECTOR('',#1406,1.);
#1406 = DIRECTION('',(0.,-1.));
#1407 = ( GEOMETRIC_REPRESENTATION_CONTEXT(2) 
PARAMETRIC_REPRESENTATION_CONTEXT() REPRESENTATION_CONTEXT('2D SPACE',''
  ) );
#1408 = PCURVE('',#1409,#1414);
#1409 = PLANE('',#1410);
#1410 = AXIS2_PLACEMENT_3D('',#1411,#1412,#1413);
#1411 = CARTESIAN_POINT('',(-203.1961524227,-207.,519.86156123669));
#1412 = DIRECTION('',(0.866025403784,0.,-0.5));
#1413 = DIRECTION('',(-0.5,0.,-0.866025403784));
#1414 = DEFINITIONAL_REPRESENTATION('',(#1415),#1419);
#1415 = LINE('',#1416,#1417);
#1416 = CARTESIAN_POINT('',(0.,0.));
#1417 = VECTOR('',#1418,1.);
#1418 = DIRECTION('',(0.,1.));
#1419 = ( GEOMETRIC_REPRESENTATION_CONTEXT(2) 
PARAMETRIC_REPRESENTATION_CONTEXT() REPRESENTATION_CONTEXT('2D SPACE',''
  ) );
#1420 = ORIENTED_EDGE('',*,*,#1421,.T.);
#1421 = EDGE_CURVE('',#1394,#1302,#1422,.T.);
#1422 = SURFACE_CURVE('',#1423,(#1427,#1433),.PCURVE_S1.);
#1423 = LINE('',#1424,#1425);
#1424 = CARTESIAN_POINT('',(-200.5980762113,-195.,518.36156123669));
#1425 = VECTOR('',#1426,1.);
#1426 = DIRECTION('',(0.866025403784,-1.110223024625E-16,-0.5));
#1427 = PCURVE('',#1317,#1428);
#1428 = DEFINITIONAL_REPRESENTATION('',(#1429),#1432);
#1429 = B_SPLINE_CURVE_WITH_KNOTS('',1,(#1430,#1431),.UNSPECIFIED.,.F.,
  .F.,(2,2),(-3.,9.),.PIECEWISE_BEZIER_KNOTS.);
#1430 = CARTESIAN_POINT('',(0.,-12.));
#1431 = CARTESIAN_POINT('',(12.,-12.));
#1432 = ( GEOMETRIC_REPRESENTATION_CONTEXT(2) 
PARAMETRIC_REPRESENTATION_CONTEXT() REPRESENTATION_CONTEXT('2D SPACE',''
  ) );
#1433 = PCURVE('',#100,#1434);
#1434 = DEFINITIONAL_REPRESENTATION('',(#1435),#1438);
#1435 = B_SPLINE_CURVE_WITH_KNOTS('',1,(#1436,#1437),.UNSPECIFIED.,.F.,
  .F.,(2,2),(-3.,9.),.PIECEWISE_BEZIER_KNOTS.);
#1436 = CARTESIAN_POINT('',(-53.1961524227,-80.1384387633));
#1437 = CARTESIAN_POINT('',(-42.80384757729,-86.1384387633));
#1438 = ( GEOMETRIC_REPRESENTATION_CONTEXT(2) 
PARAMETRIC_REPRESENTATION_CONTEXT() REPRESENTATION_CONTEXT('2D SPACE',''
  ) );
#1439 = ADVANCED_FACE('',(#1440),#1409,.T.);
#1440 = FACE_BOUND('',#1441,.T.);
#1441 = EDGE_LOOP('',(#1442,#1443,#1464,#1490));
#1442 = ORIENTED_EDGE('',*,*,#1393,.F.);
#1443 = ORIENTED_EDGE('',*,*,#1444,.F.);
#1444 = EDGE_CURVE('',#1445,#1373,#1447,.T.);
#1445 = VERTEX_POINT('',#1446);
#1446 = CARTESIAN_POINT('',(-210.1142732936,-205.,507.87902439524));
#1447 = SURFACE_CURVE('',#1448,(#1452,#1458),.PCURVE_S1.);
#1448 = LINE('',#1449,#1450);
#1449 = CARTESIAN_POINT('',(-179.1961524227,-205.,561.43078061834));
#1450 = VECTOR('',#1451,1.);
#1451 = DIRECTION('',(0.5,1.922962686384E-16,0.866025403784));
#1452 = PCURVE('',#1409,#1453);
#1453 = DEFINITIONAL_REPRESENTATION('',(#1454),#1457);
#1454 = B_SPLINE_CURVE_WITH_KNOTS('',1,(#1455,#1456),.UNSPECIFIED.,.F.,
  .F.,(2,2),(-64.,-48.),.PIECEWISE_BEZIER_KNOTS.);
#1455 = CARTESIAN_POINT('',(16.,2.));
#1456 = CARTESIAN_POINT('',(0.,2.));
#1457 = ( GEOMETRIC_REPRESENTATION_CONTEXT(2) 
PARAMETRIC_REPRESENTATION_CONTEXT() REPRESENTATION_CONTEXT('2D SPACE',''
  ) );
#1458 = PCURVE('',#45,#1459);
#1459 = DEFINITIONAL_REPRESENTATION('',(#1460),#1463);
#1460 = B_SPLINE_CURVE_WITH_KNOTS('',1,(#1461,#1462),.UNSPECIFIED.,.F.,
  .F.,(2,2),(-64.,-48.),.PIECEWISE_BEZIER_KNOTS.);
#1461 = CARTESIAN_POINT('',(-61.1961524227,-93.99484522385));
#1462 = CARTESIAN_POINT('',(-53.1961524227,-80.1384387633));
#1463 = ( GEOMETRIC_REPRESENTATION_CONTEXT(2) 
PARAMETRIC_REPRESENTATION_CONTEXT() REPRESENTATION_CONTEXT('2D SPACE',''
  ) );
#1464 = ORIENTED_EDGE('',*,*,#1465,.F.);
#1465 = EDGE_CURVE('',#1466,#1445,#1468,.T.);
#1466 = VERTEX_POINT('',#1467);
#1467 = CARTESIAN_POINT('',(-210.1142732936,-195.,507.87902439524));
#1468 = SURFACE_CURVE('',#1469,(#1473,#1479),.PCURVE_S1.);
#1469 = LINE('',#1470,#1471);
#1470 = CARTESIAN_POINT('',(-210.1142732936,-195.,507.87902439524));
#1471 = VECTOR('',#1472,1.);
#1472 = DIRECTION('',(0.,-1.,2.22044604925E-16));
#1473 = PCURVE('',#1409,#1474);
#1474 = DEFINITIONAL_REPRESENTATION('',(#1475),#1478);
#1475 = B_SPLINE_CURVE_WITH_KNOTS('',1,(#1476,#1477),.UNSPECIFIED.,.F.,
  .F.,(2,2),(-6.000000212225E-07,10.0000006),.PIECEWISE_BEZIER_KNOTS.);
#1476 = CARTESIAN_POINT('',(13.836241741968,12.0000006));
#1477 = CARTESIAN_POINT('',(13.836241741968,1.9999994));
#1478 = ( GEOMETRIC_REPRESENTATION_CONTEXT(2) 
PARAMETRIC_REPRESENTATION_CONTEXT() REPRESENTATION_CONTEXT('2D SPACE',''
  ) );
#1479 = PCURVE('',#1480,#1485);
#1480 = CYLINDRICAL_SURFACE('',#1481,110.);
#1481 = AXIS2_PLACEMENT_3D('',#1482,#1483,#1484);
#1482 = CARTESIAN_POINT('',(-150.,-195.,600.));
#1483 = DIRECTION('',(0.,-1.,2.22044604925E-16));
#1484 = DIRECTION('',(1.,0.,0.));
#1485 = DEFINITIONAL_REPRESENTATION('',(#1486),#1489);
#1486 = B_SPLINE_CURVE_WITH_KNOTS('',1,(#1487,#1488),.UNSPECIFIED.,.F.,
  .F.,(2,2),(-6.000000212225E-07,10.0000006),.PIECEWISE_BEZIER_KNOTS.);
#1487 = CARTESIAN_POINT('',(4.134217666632,-6.000000132558E-07));
#1488 = CARTESIAN_POINT('',(4.134217666632,10.0000006));
#1489 = ( GEOMETRIC_REPRESENTATION_CONTEXT(2) 
PARAMETRIC_REPRESENTATION_CONTEXT() REPRESENTATION_CONTEXT('2D SPACE',''
  ) );
#1490 = ORIENTED_EDGE('',*,*,#1491,.T.);
#1491 = EDGE_CURVE('',#1466,#1394,#1492,.T.);
#1492 = SURFACE_CURVE('',#1493,(#1497,#1503),.PCURVE_S1.);
#1493 = LINE('',#1494,#1495);
#1494 = CARTESIAN_POINT('',(-179.1961524227,-195.,561.43078061834));
#1495 = VECTOR('',#1496,1.);
#1496 = DIRECTION('',(0.5,1.922962686384E-16,0.866025403784));
#1497 = PCURVE('',#1409,#1498);
#1498 = DEFINITIONAL_REPRESENTATION('',(#1499),#1502);
#1499 = B_SPLINE_CURVE_WITH_KNOTS('',1,(#1500,#1501),.UNSPECIFIED.,.F.,
  .F.,(2,2),(-64.,-48.),.PIECEWISE_BEZIER_KNOTS.);
#1500 = CARTESIAN_POINT('',(16.,12.));
#1501 = CARTESIAN_POINT('',(0.,12.));
#1502 = ( GEOMETRIC_REPRESENTATION_CONTEXT(2) 
PARAMETRIC_REPRESENTATION_CONTEXT() REPRESENTATION_CONTEXT('2D SPACE',''
  ) );
#1503 = PCURVE('',#100,#1504);
#1504 = DEFINITIONAL_REPRESENTATION('',(#1505),#1508);
#1505 = B_SPLINE_CURVE_WITH_KNOTS('',1,(#1506,#1507),.UNSPECIFIED.,.F.,
  .F.,(2,2),(-64.,-48.),.PIECEWISE_BEZIER_KNOTS.);
#1506 = CARTESIAN_POINT('',(-61.1961524227,-93.99484522385));
#1507 = CARTESIAN_POINT('',(-53.1961524227,-80.1384387633));
#1508 = ( GEOMETRIC_REPRESENTATION_CONTEXT(2) 
PARAMETRIC_REPRESENTATION_CONTEXT() REPRESENTATION_CONTEXT('2D SPACE',''
  ) );
#1509 = ADVANCED_FACE('',(#1510),#1480,.T.);
#1510 = FACE_BOUND('',#1511,.T.);
#1511 = EDGE_LOOP('',(#1512,#1536,#1562,#1584));
#1512 = ORIENTED_EDGE('',*,*,#1513,.F.);
#1513 = EDGE_CURVE('',#1514,#1445,#1516,.T.);
#1514 = VERTEX_POINT('',#1515);
#1515 = CARTESIAN_POINT('',(-242.1209756047,-205.,539.8857267063));
#1516 = SURFACE_CURVE('',#1517,(#1522,#1529),.PCURVE_S1.);
#1517 = CIRCLE('',#1518,110.);
#1518 = AXIS2_PLACEMENT_3D('',#1519,#1520,#1521);
#1519 = CARTESIAN_POINT('',(-150.,-205.,600.));
#1520 = DIRECTION('',(0.,-1.,2.22044604925E-16));
#1521 = DIRECTION('',(1.,0.,0.));
#1522 = PCURVE('',#1480,#1523);
#1523 = DEFINITIONAL_REPRESENTATION('',(#1524),#1528);
#1524 = LINE('',#1525,#1526);
#1525 = CARTESIAN_POINT('',(0.,10.));
#1526 = VECTOR('',#1527,1.);
#1527 = DIRECTION('',(1.,0.));
#1528 = ( GEOMETRIC_REPRESENTATION_CONTEXT(2) 
PARAMETRIC_REPRESENTATION_CONTEXT() REPRESENTATION_CONTEXT('2D SPACE',''
  ) );
#1529 = PCURVE('',#45,#1530);
#1530 = DEFINITIONAL_REPRESENTATION('',(#1531),#1535);
#1531 = CIRCLE('',#1532,110.);
#1532 = AXIS2_PLACEMENT_2D('',#1533,#1534);
#1533 = CARTESIAN_POINT('',(0.,0.));
#1534 = DIRECTION('',(1.,0.));
#1535 = ( GEOMETRIC_REPRESENTATION_CONTEXT(2) 
PARAMETRIC_REPRESENTATION_CONTEXT() REPRESENTATION_CONTEXT('2D SPACE',''
  ) );
#1536 = ORIENTED_EDGE('',*,*,#1537,.F.);
#1537 = EDGE_CURVE('',#1538,#1514,#1540,.T.);
#1538 = VERTEX_POINT('',#1539);
#1539 = CARTESIAN_POINT('',(-242.1209756047,-195.,539.8857267063));
#1540 = SURFACE_CURVE('',#1541,(#1545,#1551),.PCURVE_S1.);
#1541 = LINE('',#1542,#1543);
#1542 = CARTESIAN_POINT('',(-242.1209756047,-195.,539.8857267063));
#1543 = VECTOR('',#1544,1.);
#1544 = DIRECTION('',(0.,-1.,2.22044604925E-16));
#1545 = PCURVE('',#1480,#1546);
#1546 = DEFINITIONAL_REPRESENTATION('',(#1547),#1550);
#1547 = B_SPLINE_CURVE_WITH_KNOTS('',1,(#1548,#1549),.UNSPECIFIED.,.F.,
  .F.,(2,2),(-5.999999928008E-07,10.0000006),.PIECEWISE_BEZIER_KNOTS.);
#1548 = CARTESIAN_POINT('',(3.719763967343,-6.000000061489E-07));
#1549 = CARTESIAN_POINT('',(3.719763967343,10.0000006));
#1550 = ( GEOMETRIC_REPRESENTATION_CONTEXT(2) 
PARAMETRIC_REPRESENTATION_CONTEXT() REPRESENTATION_CONTEXT('2D SPACE',''
  ) );
#1551 = PCURVE('',#1552,#1557);
#1552 = PLANE('',#1553);
#1553 = AXIS2_PLACEMENT_3D('',#1554,#1555,#1556);
#1554 = CARTESIAN_POINT('',(-230.1384387633,-207.,546.80384757729));
#1555 = DIRECTION('',(0.5,0.,-0.866025403784));
#1556 = DIRECTION('',(-0.866025403784,0.,-0.5));
#1557 = DEFINITIONAL_REPRESENTATION('',(#1558),#1561);
#1558 = B_SPLINE_CURVE_WITH_KNOTS('',1,(#1559,#1560),.UNSPECIFIED.,.F.,
  .F.,(2,2),(-5.999999928008E-07,10.0000006),.PIECEWISE_BEZIER_KNOTS.);
#1559 = CARTESIAN_POINT('',(13.836241741968,12.0000006));
#1560 = CARTESIAN_POINT('',(13.836241741968,1.9999994));
#1561 = ( GEOMETRIC_REPRESENTATION_CONTEXT(2) 
PARAMETRIC_REPRESENTATION_CONTEXT() REPRESENTATION_CONTEXT('2D SPACE',''
  ) );
#1562 = ORIENTED_EDGE('',*,*,#1563,.T.);
#1563 = EDGE_CURVE('',#1538,#1466,#1564,.T.);
#1564 = SURFACE_CURVE('',#1565,(#1570,#1577),.PCURVE_S1.);
#1565 = CIRCLE('',#1566,110.);
#1566 = AXIS2_PLACEMENT_3D('',#1567,#1568,#1569);
#1567 = CARTESIAN_POINT('',(-150.,-195.,600.));
#1568 = DIRECTION('',(0.,-1.,2.22044604925E-16));
#1569 = DIRECTION('',(1.,0.,0.));
#1570 = PCURVE('',#1480,#1571);
#1571 = DEFINITIONAL_REPRESENTATION('',(#1572),#1576);
#1572 = LINE('',#1573,#1574);
#1573 = CARTESIAN_POINT('',(0.,0.));
#1574 = VECTOR('',#1575,1.);
#1575 = DIRECTION('',(1.,0.));
#1576 = ( GEOMETRIC_REPRESENTATION_CONTEXT(2) 
PARAMETRIC_REPRESENTATION_CONTEXT() REPRESENTATION_CONTEXT('2D SPACE',''
  ) );
#1577 = PCURVE('',#100,#1578);
#1578 = DEFINITIONAL_REPRESENTATION('',(#1579),#1583);
#1579 = CIRCLE('',#1580,110.);
#1580 = AXIS2_PLACEMENT_2D('',#1581,#1582);
#1581 = CARTESIAN_POINT('',(0.,0.));
#1582 = DIRECTION('',(1.,0.));
#1583 = ( GEOMETRIC_REPRESENTATION_CONTEXT(2) 
PARAMETRIC_REPRESENTATION_CONTEXT() REPRESENTATION_CONTEXT('2D SPACE',''
  ) );
#1584 = ORIENTED_EDGE('',*,*,#1465,.T.);
#1585 = ADVANCED_FACE('',(#1586),#1552,.F.);
#1586 = FACE_BOUND('',#1587,.F.);
#1587 = EDGE_LOOP('',(#1588,#1618,#1637,#1638));
#1588 = ORIENTED_EDGE('',*,*,#1589,.F.);
#1589 = EDGE_CURVE('',#1590,#1592,#1594,.T.);
#1590 = VERTEX_POINT('',#1591);
#1591 = CARTESIAN_POINT('',(-230.1384387633,-205.,546.80384757729));
#1592 = VERTEX_POINT('',#1593);
#1593 = CARTESIAN_POINT('',(-230.1384387633,-195.,546.80384757729));
#1594 = SURFACE_CURVE('',#1595,(#1599,#1606),.PCURVE_S1.);
#1595 = LINE('',#1596,#1597);
#1596 = CARTESIAN_POINT('',(-230.1384387633,-207.,546.80384757729));
#1597 = VECTOR('',#1598,1.);
#1598 = DIRECTION('',(0.,1.,0.));
#1599 = PCURVE('',#1552,#1600);
#1600 = DEFINITIONAL_REPRESENTATION('',(#1601),#1605);
#1601 = LINE('',#1602,#1603);
#1602 = CARTESIAN_POINT('',(0.,0.));
#1603 = VECTOR('',#1604,1.);
#1604 = DIRECTION('',(0.,1.));
#1605 = ( GEOMETRIC_REPRESENTATION_CONTEXT(2) 
PARAMETRIC_REPRESENTATION_CONTEXT() REPRESENTATION_CONTEXT('2D SPACE',''
  ) );
#1606 = PCURVE('',#1607,#1612);
#1607 = PLANE('',#1608);
#1608 = AXIS2_PLACEMENT_3D('',#1609,#1610,#1611);
#1609 = CARTESIAN_POINT('',(-236.1384387633,-207.,557.1961524227));
#1610 = DIRECTION('',(-0.866025403784,0.,-0.5));
#1611 = DIRECTION('',(0.5,0.,-0.866025403784));
#1612 = DEFINITIONAL_REPRESENTATION('',(#1613),#1617);
#1613 = LINE('',#1614,#1615);
#1614 = CARTESIAN_POINT('',(12.,0.));
#1615 = VECTOR('',#1616,1.);
#1616 = DIRECTION('',(0.,-1.));
#1617 = ( GEOMETRIC_REPRESENTATION_CONTEXT(2) 
PARAMETRIC_REPRESENTATION_CONTEXT() REPRESENTATION_CONTEXT('2D SPACE',''
  ) );
#1618 = ORIENTED_EDGE('',*,*,#1619,.F.);
#1619 = EDGE_CURVE('',#1514,#1590,#1620,.T.);
#1620 = SURFACE_CURVE('',#1621,(#1625,#1631),.PCURVE_S1.);
#1621 = LINE('',#1622,#1623);
#1622 = CARTESIAN_POINT('',(-188.5692193816,-205.,570.80384757729));
#1623 = VECTOR('',#1624,1.);
#1624 = DIRECTION('',(0.866025403784,1.110223024625E-16,0.5));
#1625 = PCURVE('',#1552,#1626);
#1626 = DEFINITIONAL_REPRESENTATION('',(#1627),#1630);
#1627 = B_SPLINE_CURVE_WITH_KNOTS('',1,(#1628,#1629),.UNSPECIFIED.,.F.,
  .F.,(2,2),(-64.,-48.),.PIECEWISE_BEZIER_KNOTS.);
#1628 = CARTESIAN_POINT('',(16.,2.));
#1629 = CARTESIAN_POINT('',(0.,2.));
#1630 = ( GEOMETRIC_REPRESENTATION_CONTEXT(2) 
PARAMETRIC_REPRESENTATION_CONTEXT() REPRESENTATION_CONTEXT('2D SPACE',''
  ) );
#1631 = PCURVE('',#45,#1632);
#1632 = DEFINITIONAL_REPRESENTATION('',(#1633),#1636);
#1633 = B_SPLINE_CURVE_WITH_KNOTS('',1,(#1634,#1635),.UNSPECIFIED.,.F.,
  .F.,(2,2),(-64.,-48.),.PIECEWISE_BEZIER_KNOTS.);
#1634 = CARTESIAN_POINT('',(-93.99484522385,-61.1961524227));
#1635 = CARTESIAN_POINT('',(-80.1384387633,-53.1961524227));
#1636 = ( GEOMETRIC_REPRESENTATION_CONTEXT(2) 
PARAMETRIC_REPRESENTATION_CONTEXT() REPRESENTATION_CONTEXT('2D SPACE',''
  ) );
#1637 = ORIENTED_EDGE('',*,*,#1537,.F.);
#1638 = ORIENTED_EDGE('',*,*,#1639,.T.);
#1639 = EDGE_CURVE('',#1538,#1592,#1640,.T.);
#1640 = SURFACE_CURVE('',#1641,(#1645,#1651),.PCURVE_S1.);
#1641 = LINE('',#1642,#1643);
#1642 = CARTESIAN_POINT('',(-188.5692193816,-195.,570.80384757729));
#1643 = VECTOR('',#1644,1.);
#1644 = DIRECTION('',(0.866025403784,1.110223024625E-16,0.5));
#1645 = PCURVE('',#1552,#1646);
#1646 = DEFINITIONAL_REPRESENTATION('',(#1647),#1650);
#1647 = B_SPLINE_CURVE_WITH_KNOTS('',1,(#1648,#1649),.UNSPECIFIED.,.F.,
  .F.,(2,2),(-64.,-48.),.PIECEWISE_BEZIER_KNOTS.);
#1648 = CARTESIAN_POINT('',(16.,12.));
#1649 = CARTESIAN_POINT('',(0.,12.));
#1650 = ( GEOMETRIC_REPRESENTATION_CONTEXT(2) 
PARAMETRIC_REPRESENTATION_CONTEXT() REPRESENTATION_CONTEXT('2D SPACE',''
  ) );
#1651 = PCURVE('',#100,#1652);
#1652 = DEFINITIONAL_REPRESENTATION('',(#1653),#1656);
#1653 = B_SPLINE_CURVE_WITH_KNOTS('',1,(#1654,#1655),.UNSPECIFIED.,.F.,
  .F.,(2,2),(-64.,-48.),.PIECEWISE_BEZIER_KNOTS.);
#1654 = CARTESIAN_POINT('',(-93.99484522385,-61.1961524227));
#1655 = CARTESIAN_POINT('',(-80.1384387633,-53.1961524227));
#1656 = ( GEOMETRIC_REPRESENTATION_CONTEXT(2) 
PARAMETRIC_REPRESENTATION_CONTEXT() REPRESENTATION_CONTEXT('2D SPACE',''
  ) );
#1657 = ADVANCED_FACE('',(#1658),#1607,.T.);
#1658 = FACE_BOUND('',#1659,.T.);
#1659 = EDGE_LOOP('',(#1660,#1661,#1682,#1710));
#1660 = ORIENTED_EDGE('',*,*,#1589,.F.);
#1661 = ORIENTED_EDGE('',*,*,#1662,.F.);
#1662 = EDGE_CURVE('',#1663,#1590,#1665,.T.);
#1663 = VERTEX_POINT('',#1664);
#1664 = CARTESIAN_POINT('',(-236.1384387633,-205.,557.1961524227));
#1665 = SURFACE_CURVE('',#1666,(#1670,#1676),.PCURVE_S1.);
#1666 = LINE('',#1667,#1668);
#1667 = CARTESIAN_POINT('',(-234.6384387633,-205.,554.59807621135));
#1668 = VECTOR('',#1669,1.);
#1669 = DIRECTION('',(0.5,-1.922962686384E-16,-0.866025403784));
#1670 = PCURVE('',#1607,#1671);
#1671 = DEFINITIONAL_REPRESENTATION('',(#1672),#1675);
#1672 = B_SPLINE_CURVE_WITH_KNOTS('',1,(#1673,#1674),.UNSPECIFIED.,.F.,
  .F.,(2,2),(-3.,9.),.PIECEWISE_BEZIER_KNOTS.);
#1673 = CARTESIAN_POINT('',(0.,-2.));
#1674 = CARTESIAN_POINT('',(12.,-2.));
#1675 = ( GEOMETRIC_REPRESENTATION_CONTEXT(2) 
PARAMETRIC_REPRESENTATION_CONTEXT() REPRESENTATION_CONTEXT('2D SPACE',''
  ) );
#1676 = PCURVE('',#45,#1677);
#1677 = DEFINITIONAL_REPRESENTATION('',(#1678),#1681);
#1678 = B_SPLINE_CURVE_WITH_KNOTS('',1,(#1679,#1680),.UNSPECIFIED.,.F.,
  .F.,(2,2),(-3.,9.),.PIECEWISE_BEZIER_KNOTS.);
#1679 = CARTESIAN_POINT('',(-86.1384387633,-42.80384757729));
#1680 = CARTESIAN_POINT('',(-80.1384387633,-53.1961524227));
#1681 = ( GEOMETRIC_REPRESENTATION_CONTEXT(2) 
PARAMETRIC_REPRESENTATION_CONTEXT() REPRESENTATION_CONTEXT('2D SPACE',''
  ) );
#1682 = ORIENTED_EDGE('',*,*,#1683,.T.);
#1683 = EDGE_CURVE('',#1663,#1684,#1686,.T.);
#1684 = VERTEX_POINT('',#1685);
#1685 = CARTESIAN_POINT('',(-236.1384387633,-195.,557.1961524227));
#1686 = SURFACE_CURVE('',#1687,(#1691,#1698),.PCURVE_S1.);
#1687 = LINE('',#1688,#1689);
#1688 = CARTESIAN_POINT('',(-236.1384387633,-207.,557.1961524227));
#1689 = VECTOR('',#1690,1.);
#1690 = DIRECTION('',(0.,1.,0.));
#1691 = PCURVE('',#1607,#1692);
#1692 = DEFINITIONAL_REPRESENTATION('',(#1693),#1697);
#1693 = LINE('',#1694,#1695);
#1694 = CARTESIAN_POINT('',(0.,0.));
#1695 = VECTOR('',#1696,1.);
#1696 = DIRECTION('',(0.,-1.));
#1697 = ( GEOMETRIC_REPRESENTATION_CONTEXT(2) 
PARAMETRIC_REPRESENTATION_CONTEXT() REPRESENTATION_CONTEXT('2D SPACE',''
  ) );
#1698 = PCURVE('',#1699,#1704);
#1699 = PLANE('',#1700);
#1700 = AXIS2_PLACEMENT_3D('',#1701,#1702,#1703);
#1701 = CARTESIAN_POINT('',(-236.1384387633,-207.,557.1961524227));
#1702 = DIRECTION('',(0.5,0.,-0.866025403784));
#1703 = DIRECTION('',(-0.866025403784,0.,-0.5));
#1704 = DEFINITIONAL_REPRESENTATION('',(#1705),#1709);
#1705 = LINE('',#1706,#1707);
#1706 = CARTESIAN_POINT('',(0.,0.));
#1707 = VECTOR('',#1708,1.);
#1708 = DIRECTION('',(0.,1.));
#1709 = ( GEOMETRIC_REPRESENTATION_CONTEXT(2) 
PARAMETRIC_REPRESENTATION_CONTEXT() REPRESENTATION_CONTEXT('2D SPACE',''
  ) );
#1710 = ORIENTED_EDGE('',*,*,#1711,.T.);
#1711 = EDGE_CURVE('',#1684,#1592,#1712,.T.);
#1712 = SURFACE_CURVE('',#1713,(#1717,#1723),.PCURVE_S1.);
#1713 = LINE('',#1714,#1715);
#1714 = CARTESIAN_POINT('',(-234.6384387633,-195.,554.59807621135));
#1715 = VECTOR('',#1716,1.);
#1716 = DIRECTION('',(0.5,-1.922962686384E-16,-0.866025403784));
#1717 = PCURVE('',#1607,#1718);
#1718 = DEFINITIONAL_REPRESENTATION('',(#1719),#1722);
#1719 = B_SPLINE_CURVE_WITH_KNOTS('',1,(#1720,#1721),.UNSPECIFIED.,.F.,
  .F.,(2,2),(-3.,9.),.PIECEWISE_BEZIER_KNOTS.);
#1720 = CARTESIAN_POINT('',(0.,-12.));
#1721 = CARTESIAN_POINT('',(12.,-12.));
#1722 = ( GEOMETRIC_REPRESENTATION_CONTEXT(2) 
PARAMETRIC_REPRESENTATION_CONTEXT() REPRESENTATION_CONTEXT('2D SPACE',''
  ) );
#1723 = PCURVE('',#100,#1724);
#1724 = DEFINITIONAL_REPRESENTATION('',(#1725),#1728);
#1725 = B_SPLINE_CURVE_WITH_KNOTS('',1,(#1726,#1727),.UNSPECIFIED.,.F.,
  .F.,(2,2),(-3.,9.),.PIECEWISE_BEZIER_KNOTS.);
#1726 = CARTESIAN_POINT('',(-86.1384387633,-42.80384757729));
#1727 = CARTESIAN_POINT('',(-80.1384387633,-53.1961524227));
#1728 = ( GEOMETRIC_REPRESENTATION_CONTEXT(2) 
PARAMETRIC_REPRESENTATION_CONTEXT() REPRESENTATION_CONTEXT('2D SPACE',''
  ) );
#1729 = ADVANCED_FACE('',(#1730),#1699,.T.);
#1730 = FACE_BOUND('',#1731,.T.);
#1731 = EDGE_LOOP('',(#1732,#1733,#1754,#1780));
#1732 = ORIENTED_EDGE('',*,*,#1683,.F.);
#1733 = ORIENTED_EDGE('',*,*,#1734,.F.);
#1734 = EDGE_CURVE('',#1735,#1663,#1737,.T.);
#1735 = VERTEX_POINT('',#1736);
#1736 = CARTESIAN_POINT('',(-248.1209756047,-205.,550.27803155172));
#1737 = SURFACE_CURVE('',#1738,(#1742,#1748),.PCURVE_S1.);
#1738 = LINE('',#1739,#1740);
#1739 = CARTESIAN_POINT('',(-194.5692193816,-205.,581.1961524227));
#1740 = VECTOR('',#1741,1.);
#1741 = DIRECTION('',(0.866025403784,1.110223024625E-16,0.5));
#1742 = PCURVE('',#1699,#1743);
#1743 = DEFINITIONAL_REPRESENTATION('',(#1744),#1747);
#1744 = B_SPLINE_CURVE_WITH_KNOTS('',1,(#1745,#1746),.UNSPECIFIED.,.F.,
  .F.,(2,2),(-64.,-48.),.PIECEWISE_BEZIER_KNOTS.);
#1745 = CARTESIAN_POINT('',(16.,2.));
#1746 = CARTESIAN_POINT('',(0.,2.));
#1747 = ( GEOMETRIC_REPRESENTATION_CONTEXT(2) 
PARAMETRIC_REPRESENTATION_CONTEXT() REPRESENTATION_CONTEXT('2D SPACE',''
  ) );
#1748 = PCURVE('',#45,#1749);
#1749 = DEFINITIONAL_REPRESENTATION('',(#1750),#1753);
#1750 = B_SPLINE_CURVE_WITH_KNOTS('',1,(#1751,#1752),.UNSPECIFIED.,.F.,
  .F.,(2,2),(-64.,-48.),.PIECEWISE_BEZIER_KNOTS.);
#1751 = CARTESIAN_POINT('',(-99.99484522385,-50.80384757729));
#1752 = CARTESIAN_POINT('',(-86.1384387633,-42.80384757729));
#1753 = ( GEOMETRIC_REPRESENTATION_CONTEXT(2) 
PARAMETRIC_REPRESENTATION_CONTEXT() REPRESENTATION_CONTEXT('2D SPACE',''
  ) );
#1754 = ORIENTED_EDGE('',*,*,#1755,.F.);
#1755 = EDGE_CURVE('',#1756,#1735,#1758,.T.);
#1756 = VERTEX_POINT('',#1757);
#1757 = CARTESIAN_POINT('',(-248.1209756047,-195.,550.27803155172));
#1758 = SURFACE_CURVE('',#1759,(#1763,#1769),.PCURVE_S1.);
#1759 = LINE('',#1760,#1761);
#1760 = CARTESIAN_POINT('',(-248.1209756047,-195.,550.27803155172));
#1761 = VECTOR('',#1762,1.);
#1762 = DIRECTION('',(0.,-1.,2.22044604925E-16));
#1763 = PCURVE('',#1699,#1764);
#1764 = DEFINITIONAL_REPRESENTATION('',(#1765),#1768);
#1765 = B_SPLINE_CURVE_WITH_KNOTS('',1,(#1766,#1767),.UNSPECIFIED.,.F.,
  .F.,(2,2),(-5.999999928008E-07,10.0000006),.PIECEWISE_BEZIER_KNOTS.);
#1766 = CARTESIAN_POINT('',(13.836241741968,12.0000006));
#1767 = CARTESIAN_POINT('',(13.836241741968,1.9999994));
#1768 = ( GEOMETRIC_REPRESENTATION_CONTEXT(2) 
PARAMETRIC_REPRESENTATION_CONTEXT() REPRESENTATION_CONTEXT('2D SPACE',''
  ) );
#1769 = PCURVE('',#1770,#1775);
#1770 = CYLINDRICAL_SURFACE('',#1771,110.);
#1771 = AXIS2_PLACEMENT_3D('',#1772,#1773,#1774);
#1772 = CARTESIAN_POINT('',(-150.,-195.,600.));
#1773 = DIRECTION('',(0.,-1.,2.22044604925E-16));
#1774 = DIRECTION('',(1.,0.,0.));
#1775 = DEFINITIONAL_REPRESENTATION('',(#1776),#1779);
#1776 = B_SPLINE_CURVE_WITH_KNOTS('',1,(#1777,#1778),.UNSPECIFIED.,.F.,
  .F.,(2,2),(-5.999999928008E-07,10.0000006),.PIECEWISE_BEZIER_KNOTS.);
#1777 = CARTESIAN_POINT('',(3.610618891033,-6.000000038413E-07));
#1778 = CARTESIAN_POINT('',(3.610618891033,10.0000006));
#1779 = ( GEOMETRIC_REPRESENTATION_CONTEXT(2) 
PARAMETRIC_REPRESENTATION_CONTEXT() REPRESENTATION_CONTEXT('2D SPACE',''
  ) );
#1780 = ORIENTED_EDGE('',*,*,#1781,.T.);
#1781 = EDGE_CURVE('',#1756,#1684,#1782,.T.);
#1782 = SURFACE_CURVE('',#1783,(#1787,#1793),.PCURVE_S1.);
#1783 = LINE('',#1784,#1785);
#1784 = CARTESIAN_POINT('',(-194.5692193816,-195.,581.1961524227));
#1785 = VECTOR('',#1786,1.);
#1786 = DIRECTION('',(0.866025403784,1.110223024625E-16,0.5));
#1787 = PCURVE('',#1699,#1788);
#1788 = DEFINITIONAL_REPRESENTATION('',(#1789),#1792);
#1789 = B_SPLINE_CURVE_WITH_KNOTS('',1,(#1790,#1791),.UNSPECIFIED.,.F.,
  .F.,(2,2),(-64.,-48.),.PIECEWISE_BEZIER_KNOTS.);
#1790 = CARTESIAN_POINT('',(16.,12.));
#1791 = CARTESIAN_POINT('',(0.,12.));
#1792 = ( GEOMETRIC_REPRESENTATION_CONTEXT(2) 
PARAMETRIC_REPRESENTATION_CONTEXT() REPRESENTATION_CONTEXT('2D SPACE',''
  ) );
#1793 = PCURVE('',#100,#1794);
#1794 = DEFINITIONAL_REPRESENTATION('',(#1795),#1798);
#1795 = B_SPLINE_CURVE_WITH_KNOTS('',1,(#1796,#1797),.UNSPECIFIED.,.F.,
  .F.,(2,2),(-64.,-48.),.PIECEWISE_BEZIER_KNOTS.);
#1796 = CARTESIAN_POINT('',(-99.99484522385,-50.80384757729));
#1797 = CARTESIAN_POINT('',(-86.1384387633,-42.80384757729));
#1798 = ( GEOMETRIC_REPRESENTATION_CONTEXT(2) 
PARAMETRIC_REPRESENTATION_CONTEXT() REPRESENTATION_CONTEXT('2D SPACE',''
  ) );
#1799 = ADVANCED_FACE('',(#1800),#1770,.T.);
#1800 = FACE_BOUND('',#1801,.T.);
#1801 = EDGE_LOOP('',(#1802,#1826,#1852,#1874));
#1802 = ORIENTED_EDGE('',*,*,#1803,.F.);
#1803 = EDGE_CURVE('',#1804,#1735,#1806,.T.);
#1804 = VERTEX_POINT('',#1805);
#1805 = CARTESIAN_POINT('',(-259.8362417419,-205.,594.));
#1806 = SURFACE_CURVE('',#1807,(#1812,#1819),.PCURVE_S1.);
#1807 = CIRCLE('',#1808,110.);
#1808 = AXIS2_PLACEMENT_3D('',#1809,#1810,#1811);
#1809 = CARTESIAN_POINT('',(-150.,-205.,600.));
#1810 = DIRECTION('',(0.,-1.,2.22044604925E-16));
#1811 = DIRECTION('',(1.,0.,0.));
#1812 = PCURVE('',#1770,#1813);
#1813 = DEFINITIONAL_REPRESENTATION('',(#1814),#1818);
#1814 = LINE('',#1815,#1816);
#1815 = CARTESIAN_POINT('',(0.,10.));
#1816 = VECTOR('',#1817,1.);
#1817 = DIRECTION('',(1.,0.));
#1818 = ( GEOMETRIC_REPRESENTATION_CONTEXT(2) 
PARAMETRIC_REPRESENTATION_CONTEXT() REPRESENTATION_CONTEXT('2D SPACE',''
  ) );
#1819 = PCURVE('',#45,#1820);
#1820 = DEFINITIONAL_REPRESENTATION('',(#1821),#1825);
#1821 = CIRCLE('',#1822,110.);
#1822 = AXIS2_PLACEMENT_2D('',#1823,#1824);
#1823 = CARTESIAN_POINT('',(0.,0.));
#1824 = DIRECTION('',(1.,0.));
#1825 = ( GEOMETRIC_REPRESENTATION_CONTEXT(2) 
PARAMETRIC_REPRESENTATION_CONTEXT() REPRESENTATION_CONTEXT('2D SPACE',''
  ) );
#1826 = ORIENTED_EDGE('',*,*,#1827,.F.);
#1827 = EDGE_CURVE('',#1828,#1804,#1830,.T.);
#1828 = VERTEX_POINT('',#1829);
#1829 = CARTESIAN_POINT('',(-259.8362417419,-195.,594.));
#1830 = SURFACE_CURVE('',#1831,(#1835,#1841),.PCURVE_S1.);
#1831 = LINE('',#1832,#1833);
#1832 = CARTESIAN_POINT('',(-259.8362417419,-195.,594.));
#1833 = VECTOR('',#1834,1.);
#1834 = DIRECTION('',(0.,-1.,2.22044604925E-16));
#1835 = PCURVE('',#1770,#1836);
#1836 = DEFINITIONAL_REPRESENTATION('',(#1837),#1840);
#1837 = B_SPLINE_CURVE_WITH_KNOTS('',1,(#1838,#1839),.UNSPECIFIED.,.F.,
  .F.,(2,2),(-5.999999928008E-07,10.0000006),.PIECEWISE_BEZIER_KNOTS.);
#1838 = CARTESIAN_POINT('',(3.196165191744,-5.999999941331E-07));
#1839 = CARTESIAN_POINT('',(3.196165191744,10.0000006));
#1840 = ( GEOMETRIC_REPRESENTATION_CONTEXT(2) 
PARAMETRIC_REPRESENTATION_CONTEXT() REPRESENTATION_CONTEXT('2D SPACE',''
  ) );
#1841 = PCURVE('',#1842,#1847);
#1842 = PLANE('',#1843);
#1843 = AXIS2_PLACEMENT_3D('',#1844,#1845,#1846);
#1844 = CARTESIAN_POINT('',(-246.,-207.,594.));
#1845 = DIRECTION('',(-1.224646799147E-16,0.,-1.));
#1846 = DIRECTION('',(-1.,0.,1.224646799147E-16));
#1847 = DEFINITIONAL_REPRESENTATION('',(#1848),#1851);
#1848 = B_SPLINE_CURVE_WITH_KNOTS('',1,(#1849,#1850),.UNSPECIFIED.,.F.,
  .F.,(2,2),(-5.999999928008E-07,10.0000006),.PIECEWISE_BEZIER_KNOTS.);
#1849 = CARTESIAN_POINT('',(13.836241741968,12.0000006));
#1850 = CARTESIAN_POINT('',(13.836241741968,1.9999994));
#1851 = ( GEOMETRIC_REPRESENTATION_CONTEXT(2) 
PARAMETRIC_REPRESENTATION_CONTEXT() REPRESENTATION_CONTEXT('2D SPACE',''
  ) );
#1852 = ORIENTED_EDGE('',*,*,#1853,.T.);
#1853 = EDGE_CURVE('',#1828,#1756,#1854,.T.);
#1854 = SURFACE_CURVE('',#1855,(#1860,#1867),.PCURVE_S1.);
#1855 = CIRCLE('',#1856,110.);
#1856 = AXIS2_PLACEMENT_3D('',#1857,#1858,#1859);
#1857 = CARTESIAN_POINT('',(-150.,-195.,600.));
#1858 = DIRECTION('',(0.,-1.,2.22044604925E-16));
#1859 = DIRECTION('',(1.,0.,0.));
#1860 = PCURVE('',#1770,#1861);
#1861 = DEFINITIONAL_REPRESENTATION('',(#1862),#1866);
#1862 = LINE('',#1863,#1864);
#1863 = CARTESIAN_POINT('',(0.,0.));
#1864 = VECTOR('',#1865,1.);
#1865 = DIRECTION('',(1.,0.));
#1866 = ( GEOMETRIC_REPRESENTATION_CONTEXT(2) 
PARAMETRIC_REPRESENTATION_CONTEXT() REPRESENTATION_CONTEXT('2D SPACE',''
  ) );
#1867 = PCURVE('',#100,#1868);
#1868 = DEFINITIONAL_REPRESENTATION('',(#1869),#1873);
#1869 = CIRCLE('',#1870,110.);
#1870 = AXIS2_PLACEMENT_2D('',#1871,#1872);
#1871 = CARTESIAN_POINT('',(0.,0.));
#1872 = DIRECTION('',(1.,0.));
#1873 = ( GEOMETRIC_REPRESENTATION_CONTEXT(2) 
PARAMETRIC_REPRESENTATION_CONTEXT() REPRESENTATION_CONTEXT('2D SPACE',''
  ) );
#1874 = ORIENTED_EDGE('',*,*,#1755,.T.);
#1875 = ADVANCED_FACE('',(#1876),#1842,.F.);
#1876 = FACE_BOUND('',#1877,.F.);
#1877 = EDGE_LOOP('',(#1878,#1908,#1927,#1928));
#1878 = ORIENTED_EDGE('',*,*,#1879,.F.);
#1879 = EDGE_CURVE('',#1880,#1882,#1884,.T.);
#1880 = VERTEX_POINT('',#1881);
#1881 = CARTESIAN_POINT('',(-246.,-205.,594.));
#1882 = VERTEX_POINT('',#1883);
#1883 = CARTESIAN_POINT('',(-246.,-195.,594.));
#1884 = SURFACE_CURVE('',#1885,(#1889,#1896),.PCURVE_S1.);
#1885 = LINE('',#1886,#1887);
#1886 = CARTESIAN_POINT('',(-246.,-207.,594.));
#1887 = VECTOR('',#1888,1.);
#1888 = DIRECTION('',(0.,1.,0.));
#1889 = PCURVE('',#1842,#1890);
#1890 = DEFINITIONAL_REPRESENTATION('',(#1891),#1895);
#1891 = LINE('',#1892,#1893);
#1892 = CARTESIAN_POINT('',(0.,0.));
#1893 = VECTOR('',#1894,1.);
#1894 = DIRECTION('',(0.,1.));
#1895 = ( GEOMETRIC_REPRESENTATION_CONTEXT(2) 
PARAMETRIC_REPRESENTATION_CONTEXT() REPRESENTATION_CONTEXT('2D SPACE',''
  ) );
#1896 = PCURVE('',#1897,#1902);
#1897 = PLANE('',#1898);
#1898 = AXIS2_PLACEMENT_3D('',#1899,#1900,#1901);
#1899 = CARTESIAN_POINT('',(-246.,-207.,606.));
#1900 = DIRECTION('',(-1.,0.,1.224646799147E-16));
#1901 = DIRECTION('',(-1.224646799147E-16,0.,-1.));
#1902 = DEFINITIONAL_REPRESENTATION('',(#1903),#1907);
#1903 = LINE('',#1904,#1905);
#1904 = CARTESIAN_POINT('',(12.,0.));
#1905 = VECTOR('',#1906,1.);
#1906 = DIRECTION('',(0.,-1.));
#1907 = ( GEOMETRIC_REPRESENTATION_CONTEXT(2) 
PARAMETRIC_REPRESENTATION_CONTEXT() REPRESENTATION_CONTEXT('2D SPACE',''
  ) );
#1908 = ORIENTED_EDGE('',*,*,#1909,.F.);
#1909 = EDGE_CURVE('',#1804,#1880,#1910,.T.);
#1910 = SURFACE_CURVE('',#1911,(#1915,#1921),.PCURVE_S1.);
#1911 = LINE('',#1912,#1913);
#1912 = CARTESIAN_POINT('',(-198.,-205.,594.));
#1913 = VECTOR('',#1914,1.);
#1914 = DIRECTION('',(1.,-2.719262146894E-32,-1.224646799147E-16));
#1915 = PCURVE('',#1842,#1916);
#1916 = DEFINITIONAL_REPRESENTATION('',(#1917),#1920);
#1917 = B_SPLINE_CURVE_WITH_KNOTS('',1,(#1918,#1919),.UNSPECIFIED.,.F.,
  .F.,(2,2),(-62.,-48.),.PIECEWISE_BEZIER_KNOTS.);
#1918 = CARTESIAN_POINT('',(14.,2.));
#1919 = CARTESIAN_POINT('',(0.,2.));
#1920 = ( GEOMETRIC_REPRESENTATION_CONTEXT(2) 
PARAMETRIC_REPRESENTATION_CONTEXT() REPRESENTATION_CONTEXT('2D SPACE',''
  ) );
#1921 = PCURVE('',#45,#1922);
#1922 = DEFINITIONAL_REPRESENTATION('',(#1923),#1926);
#1923 = B_SPLINE_CURVE_WITH_KNOTS('',1,(#1924,#1925),.UNSPECIFIED.,.F.,
  .F.,(2,2),(-62.,-48.),.PIECEWISE_BEZIER_KNOTS.);
#1924 = CARTESIAN_POINT('',(-110.,-6.));
#1925 = CARTESIAN_POINT('',(-96.,-6.));
#1926 = ( GEOMETRIC_REPRESENTATION_CONTEXT(2) 
PARAMETRIC_REPRESENTATION_CONTEXT() REPRESENTATION_CONTEXT('2D SPACE',''
  ) );
#1927 = ORIENTED_EDGE('',*,*,#1827,.F.);
#1928 = ORIENTED_EDGE('',*,*,#1929,.T.);
#1929 = EDGE_CURVE('',#1828,#1882,#1930,.T.);
#1930 = SURFACE_CURVE('',#1931,(#1935,#1941),.PCURVE_S1.);
#1931 = LINE('',#1932,#1933);
#1932 = CARTESIAN_POINT('',(-198.,-195.,594.));
#1933 = VECTOR('',#1934,1.);
#1934 = DIRECTION('',(1.,-2.719262146894E-32,-1.224646799147E-16));
#1935 = PCURVE('',#1842,#1936);
#1936 = DEFINITIONAL_REPRESENTATION('',(#1937),#1940);
#1937 = B_SPLINE_CURVE_WITH_KNOTS('',1,(#1938,#1939),.UNSPECIFIED.,.F.,
  .F.,(2,2),(-62.,-48.),.PIECEWISE_BEZIER_KNOTS.);
#1938 = CARTESIAN_POINT('',(14.,12.));
#1939 = CARTESIAN_POINT('',(0.,12.));
#1940 = ( GEOMETRIC_REPRESENTATION_CONTEXT(2) 
PARAMETRIC_REPRESENTATION_CONTEXT() REPRESENTATION_CONTEXT('2D SPACE',''
  ) );
#1941 = PCURVE('',#100,#1942);
#1942 = DEFINITIONAL_REPRESENTATION('',(#1943),#1946);
#1943 = B_SPLINE_CURVE_WITH_KNOTS('',1,(#1944,#1945),.UNSPECIFIED.,.F.,
  .F.,(2,2),(-62.,-48.),.PIECEWISE_BEZIER_KNOTS.);
#1944 = CARTESIAN_POINT('',(-110.,-6.));
#1945 = CARTESIAN_POINT('',(-96.,-6.));
#1946 = ( GEOMETRIC_REPRESENTATION_CONTEXT(2) 
PARAMETRIC_REPRESENTATION_CONTEXT() REPRESENTATION_CONTEXT('2D SPACE',''
  ) );
#1947 = ADVANCED_FACE('',(#1948),#1897,.T.);
#1948 = FACE_BOUND('',#1949,.T.);
#1949 = EDGE_LOOP('',(#1950,#1951,#1972,#2000));
#1950 = ORIENTED_EDGE('',*,*,#1879,.F.);
#1951 = ORIENTED_EDGE('',*,*,#1952,.F.);
#1952 = EDGE_CURVE('',#1953,#1880,#1955,.T.);
#1953 = VERTEX_POINT('',#1954);
#1954 = CARTESIAN_POINT('',(-246.,-205.,606.));
#1955 = SURFACE_CURVE('',#1956,(#1960,#1966),.PCURVE_S1.);
#1956 = LINE('',#1957,#1958);
#1957 = CARTESIAN_POINT('',(-246.,-205.,603.));
#1958 = VECTOR('',#1959,1.);
#1959 = DIRECTION('',(-1.224646799147E-16,-2.22044604925E-16,-1.));
#1960 = PCURVE('',#1897,#1961);
#1961 = DEFINITIONAL_REPRESENTATION('',(#1962),#1965);
#1962 = B_SPLINE_CURVE_WITH_KNOTS('',1,(#1963,#1964),.UNSPECIFIED.,.F.,
  .F.,(2,2),(-3.,9.),.PIECEWISE_BEZIER_KNOTS.);
#1963 = CARTESIAN_POINT('',(0.,-2.));
#1964 = CARTESIAN_POINT('',(12.,-2.));
#1965 = ( GEOMETRIC_REPRESENTATION_CONTEXT(2) 
PARAMETRIC_REPRESENTATION_CONTEXT() REPRESENTATION_CONTEXT('2D SPACE',''
  ) );
#1966 = PCURVE('',#45,#1967);
#1967 = DEFINITIONAL_REPRESENTATION('',(#1968),#1971);
#1968 = B_SPLINE_CURVE_WITH_KNOTS('',1,(#1969,#1970),.UNSPECIFIED.,.F.,
  .F.,(2,2),(-3.,9.),.PIECEWISE_BEZIER_KNOTS.);
#1969 = CARTESIAN_POINT('',(-96.,6.));
#1970 = CARTESIAN_POINT('',(-96.,-6.));
#1971 = ( GEOMETRIC_REPRESENTATION_CONTEXT(2) 
PARAMETRIC_REPRESENTATION_CONTEXT() REPRESENTATION_CONTEXT('2D SPACE',''
  ) );
#1972 = ORIENTED_EDGE('',*,*,#1973,.T.);
#1973 = EDGE_CURVE('',#1953,#1974,#1976,.T.);
#1974 = VERTEX_POINT('',#1975);
#1975 = CARTESIAN_POINT('',(-246.,-195.,606.));
#1976 = SURFACE_CURVE('',#1977,(#1981,#1988),.PCURVE_S1.);
#1977 = LINE('',#1978,#1979);
#1978 = CARTESIAN_POINT('',(-246.,-207.,606.));
#1979 = VECTOR('',#1980,1.);
#1980 = DIRECTION('',(0.,1.,0.));
#1981 = PCURVE('',#1897,#1982);
#1982 = DEFINITIONAL_REPRESENTATION('',(#1983),#1987);
#1983 = LINE('',#1984,#1985);
#1984 = CARTESIAN_POINT('',(0.,0.));
#1985 = VECTOR('',#1986,1.);
#1986 = DIRECTION('',(0.,-1.));
#1987 = ( GEOMETRIC_REPRESENTATION_CONTEXT(2) 
PARAMETRIC_REPRESENTATION_CONTEXT() REPRESENTATION_CONTEXT('2D SPACE',''
  ) );
#1988 = PCURVE('',#1989,#1994);
#1989 = PLANE('',#1990);
#1990 = AXIS2_PLACEMENT_3D('',#1991,#1992,#1993);
#1991 = CARTESIAN_POINT('',(-246.,-207.,606.));
#1992 = DIRECTION('',(-1.224646799147E-16,0.,-1.));
#1993 = DIRECTION('',(-1.,0.,1.224646799147E-16));
#1994 = DEFINITIONAL_REPRESENTATION('',(#1995),#1999);
#1995 = LINE('',#1996,#1997);
#1996 = CARTESIAN_POINT('',(0.,0.));
#1997 = VECTOR('',#1998,1.);
#1998 = DIRECTION('',(0.,1.));
#1999 = ( GEOMETRIC_REPRESENTATION_CONTEXT(2) 
PARAMETRIC_REPRESENTATION_CONTEXT() REPRESENTATION_CONTEXT('2D SPACE',''
  ) );
#2000 = ORIENTED_EDGE('',*,*,#2001,.T.);
#2001 = EDGE_CURVE('',#1974,#1882,#2002,.T.);
#2002 = SURFACE_CURVE('',#2003,(#2007,#2013),.PCURVE_S1.);
#2003 = LINE('',#2004,#2005);
#2004 = CARTESIAN_POINT('',(-246.,-195.,603.));
#2005 = VECTOR('',#2006,1.);
#2006 = DIRECTION('',(-1.224646799147E-16,-2.22044604925E-16,-1.));
#2007 = PCURVE('',#1897,#2008);
#2008 = DEFINITIONAL_REPRESENTATION('',(#2009),#2012);
#2009 = B_SPLINE_CURVE_WITH_KNOTS('',1,(#2010,#2011),.UNSPECIFIED.,.F.,
  .F.,(2,2),(-3.,9.),.PIECEWISE_BEZIER_KNOTS.);
#2010 = CARTESIAN_POINT('',(0.,-12.));
#2011 = CARTESIAN_POINT('',(12.,-12.));
#2012 = ( GEOMETRIC_REPRESENTATION_CONTEXT(2) 
PARAMETRIC_REPRESENTATION_CONTEXT() REPRESENTATION_CONTEXT('2D SPACE',''
  ) );
#2013 = PCURVE('',#100,#2014);
#2014 = DEFINITIONAL_REPRESENTATION('',(#2015),#2018);
#2015 = B_SPLINE_CURVE_WITH_KNOTS('',1,(#2016,#2017),.UNSPECIFIED.,.F.,
  .F.,(2,2),(-3.,9.),.PIECEWISE_BEZIER_KNOTS.);
#2016 = CARTESIAN_POINT('',(-96.,6.));
#2017 = CARTESIAN_POINT('',(-96.,-6.));
#2018 = ( GEOMETRIC_REPRESENTATION_CONTEXT(2) 
PARAMETRIC_REPRESENTATION_CONTEXT() REPRESENTATION_CONTEXT('2D SPACE',''
  ) );
#2019 = ADVANCED_FACE('',(#2020),#1989,.T.);
#2020 = FACE_BOUND('',#2021,.T.);
#2021 = EDGE_LOOP('',(#2022,#2023,#2044,#2070));
#2022 = ORIENTED_EDGE('',*,*,#1973,.F.);
#2023 = ORIENTED_EDGE('',*,*,#2024,.F.);
#2024 = EDGE_CURVE('',#2025,#1953,#2027,.T.);
#2025 = VERTEX_POINT('',#2026);
#2026 = CARTESIAN_POINT('',(-259.8362417419,-205.,606.));
#2027 = SURFACE_CURVE('',#2028,(#2032,#2038),.PCURVE_S1.);
#2028 = LINE('',#2029,#2030);
#2029 = CARTESIAN_POINT('',(-198.,-205.,606.));
#2030 = VECTOR('',#2031,1.);
#2031 = DIRECTION('',(1.,-2.719262146894E-32,-1.224646799147E-16));
#2032 = PCURVE('',#1989,#2033);
#2033 = DEFINITIONAL_REPRESENTATION('',(#2034),#2037);
#2034 = B_SPLINE_CURVE_WITH_KNOTS('',1,(#2035,#2036),.UNSPECIFIED.,.F.,
  .F.,(2,2),(-62.,-48.),.PIECEWISE_BEZIER_KNOTS.);
#2035 = CARTESIAN_POINT('',(14.,2.));
#2036 = CARTESIAN_POINT('',(0.,2.));
#2037 = ( GEOMETRIC_REPRESENTATION_CONTEXT(2) 
PARAMETRIC_REPRESENTATION_CONTEXT() REPRESENTATION_CONTEXT('2D SPACE',''
  ) );
#2038 = PCURVE('',#45,#2039);
#2039 = DEFINITIONAL_REPRESENTATION('',(#2040),#2043);
#2040 = B_SPLINE_CURVE_WITH_KNOTS('',1,(#2041,#2042),.UNSPECIFIED.,.F.,
  .F.,(2,2),(-62.,-48.),.PIECEWISE_BEZIER_KNOTS.);
#2041 = CARTESIAN_POINT('',(-110.,6.));
#2042 = CARTESIAN_POINT('',(-96.,6.));
#2043 = ( GEOMETRIC_REPRESENTATION_CONTEXT(2) 
PARAMETRIC_REPRESENTATION_CONTEXT() REPRESENTATION_CONTEXT('2D SPACE',''
  ) );
#2044 = ORIENTED_EDGE('',*,*,#2045,.F.);
#2045 = EDGE_CURVE('',#2046,#2025,#2048,.T.);
#2046 = VERTEX_POINT('',#2047);
#2047 = CARTESIAN_POINT('',(-259.8362417419,-195.,606.));
#2048 = SURFACE_CURVE('',#2049,(#2053,#2059),.PCURVE_S1.);
#2049 = LINE('',#2050,#2051);
#2050 = CARTESIAN_POINT('',(-259.8362417419,-195.,606.));
#2051 = VECTOR('',#2052,1.);
#2052 = DIRECTION('',(0.,-1.,2.22044604925E-16));
#2053 = PCURVE('',#1989,#2054);
#2054 = DEFINITIONAL_REPRESENTATION('',(#2055),#2058);
#2055 = B_SPLINE_CURVE_WITH_KNOTS('',1,(#2056,#2057),.UNSPECIFIED.,.F.,
  .F.,(2,2),(-5.999999928008E-07,10.0000006),.PIECEWISE_BEZIER_KNOTS.);
#2056 = CARTESIAN_POINT('',(13.836241741968,12.0000006));
#2057 = CARTESIAN_POINT('',(13.836241741968,1.9999994));
#2058 = ( GEOMETRIC_REPRESENTATION_CONTEXT(2) 
PARAMETRIC_REPRESENTATION_CONTEXT() REPRESENTATION_CONTEXT('2D SPACE',''
  ) );
#2059 = PCURVE('',#2060,#2065);
#2060 = CYLINDRICAL_SURFACE('',#2061,110.);
#2061 = AXIS2_PLACEMENT_3D('',#2062,#2063,#2064);
#2062 = CARTESIAN_POINT('',(-150.,-195.,600.));
#2063 = DIRECTION('',(0.,-1.,2.22044604925E-16));
#2064 = DIRECTION('',(1.,0.,0.));
#2065 = DEFINITIONAL_REPRESENTATION('',(#2066),#2069);
#2066 = B_SPLINE_CURVE_WITH_KNOTS('',1,(#2067,#2068),.UNSPECIFIED.,.F.,
  .F.,(2,2),(-5.999999928008E-07,10.0000006),.PIECEWISE_BEZIER_KNOTS.);
#2067 = CARTESIAN_POINT('',(3.087020115435,-5.999999914685E-07));
#2068 = CARTESIAN_POINT('',(3.087020115435,10.0000006));
#2069 = ( GEOMETRIC_REPRESENTATION_CONTEXT(2) 
PARAMETRIC_REPRESENTATION_CONTEXT() REPRESENTATION_CONTEXT('2D SPACE',''
  ) );
#2070 = ORIENTED_EDGE('',*,*,#2071,.T.);
#2071 = EDGE_CURVE('',#2046,#1974,#2072,.T.);
#2072 = SURFACE_CURVE('',#2073,(#2077,#2083),.PCURVE_S1.);
#2073 = LINE('',#2074,#2075);
#2074 = CARTESIAN_POINT('',(-198.,-195.,606.));
#2075 = VECTOR('',#2076,1.);
#2076 = DIRECTION('',(1.,-2.719262146894E-32,-1.224646799147E-16));
#2077 = PCURVE('',#1989,#2078);
#2078 = DEFINITIONAL_REPRESENTATION('',(#2079),#2082);
#2079 = B_SPLINE_CURVE_WITH_KNOTS('',1,(#2080,#2081),.UNSPECIFIED.,.F.,
  .F.,(2,2),(-62.,-48.),.PIECEWISE_BEZIER_KNOTS.);
#2080 = CARTESIAN_POINT('',(14.,12.));
#2081 = CARTESIAN_POINT('',(0.,12.));
#2082 = ( GEOMETRIC_REPRESENTATION_CONTEXT(2) 
PARAMETRIC_REPRESENTATION_CONTEXT() REPRESENTATION_CONTEXT('2D SPACE',''
  ) );
#2083 = PCURVE('',#100,#2084);
#2084 = DEFINITIONAL_REPRESENTATION('',(#2085),#2088);
#2085 = B_SPLINE_CURVE_WITH_KNOTS('',1,(#2086,#2087),.UNSPECIFIED.,.F.,
  .F.,(2,2),(-62.,-48.),.PIECEWISE_BEZIER_KNOTS.);
#2086 = CARTESIAN_POINT('',(-110.,6.));
#2087 = CARTESIAN_POINT('',(-96.,6.));
#2088 = ( GEOMETRIC_REPRESENTATION_CONTEXT(2) 
PARAMETRIC_REPRESENTATION_CONTEXT() REPRESENTATION_CONTEXT('2D SPACE',''
  ) );
#2089 = ADVANCED_FACE('',(#2090),#2060,.T.);
#2090 = FACE_BOUND('',#2091,.T.);
#2091 = EDGE_LOOP('',(#2092,#2116,#2142,#2164));
#2092 = ORIENTED_EDGE('',*,*,#2093,.F.);
#2093 = EDGE_CURVE('',#2094,#2025,#2096,.T.);
#2094 = VERTEX_POINT('',#2095);
#2095 = CARTESIAN_POINT('',(-248.1209756047,-205.,649.72196844827));
#2096 = SURFACE_CURVE('',#2097,(#2102,#2109),.PCURVE_S1.);
#2097 = CIRCLE('',#2098,110.);
#2098 = AXIS2_PLACEMENT_3D('',#2099,#2100,#2101);
#2099 = CARTESIAN_POINT('',(-150.,-205.,600.));
#2100 = DIRECTION('',(0.,-1.,2.22044604925E-16));
#2101 = DIRECTION('',(1.,0.,0.));
#2102 = PCURVE('',#2060,#2103);
#2103 = DEFINITIONAL_REPRESENTATION('',(#2104),#2108);
#2104 = LINE('',#2105,#2106);
#2105 = CARTESIAN_POINT('',(0.,10.));
#2106 = VECTOR('',#2107,1.);
#2107 = DIRECTION('',(1.,0.));
#2108 = ( GEOMETRIC_REPRESENTATION_CONTEXT(2) 
PARAMETRIC_REPRESENTATION_CONTEXT() REPRESENTATION_CONTEXT('2D SPACE',''
  ) );
#2109 = PCURVE('',#45,#2110);
#2110 = DEFINITIONAL_REPRESENTATION('',(#2111),#2115);
#2111 = CIRCLE('',#2112,110.);
#2112 = AXIS2_PLACEMENT_2D('',#2113,#2114);
#2113 = CARTESIAN_POINT('',(0.,0.));
#2114 = DIRECTION('',(1.,0.));
#2115 = ( GEOMETRIC_REPRESENTATION_CONTEXT(2) 
PARAMETRIC_REPRESENTATION_CONTEXT() REPRESENTATION_CONTEXT('2D SPACE',''
  ) );
#2116 = ORIENTED_EDGE('',*,*,#2117,.F.);
#2117 = EDGE_CURVE('',#2118,#2094,#2120,.T.);
#2118 = VERTEX_POINT('',#2119);
#2119 = CARTESIAN_POINT('',(-248.1209756047,-195.,649.72196844827));
#2120 = SURFACE_CURVE('',#2121,(#2125,#2131),.PCURVE_S1.);
#2121 = LINE('',#2122,#2123);
#2122 = CARTESIAN_POINT('',(-248.1209756047,-195.,649.72196844827));
#2123 = VECTOR('',#2124,1.);
#2124 = DIRECTION('',(0.,-1.,2.22044604925E-16));
#2125 = PCURVE('',#2060,#2126);
#2126 = DEFINITIONAL_REPRESENTATION('',(#2127),#2130);
#2127 = B_SPLINE_CURVE_WITH_KNOTS('',1,(#2128,#2129),.UNSPECIFIED.,.F.,
  .F.,(2,2),(-6.000000212225E-07,10.0000006),.PIECEWISE_BEZIER_KNOTS.);
#2128 = CARTESIAN_POINT('',(2.672566416146,-6.00000010182E-07));
#2129 = CARTESIAN_POINT('',(2.672566416146,10.0000006));
#2130 = ( GEOMETRIC_REPRESENTATION_CONTEXT(2) 
PARAMETRIC_REPRESENTATION_CONTEXT() REPRESENTATION_CONTEXT('2D SPACE',''
  ) );
#2131 = PCURVE('',#2132,#2137);
#2132 = PLANE('',#2133);
#2133 = AXIS2_PLACEMENT_3D('',#2134,#2135,#2136);
#2134 = CARTESIAN_POINT('',(-236.1384387633,-207.,642.80384757729));
#2135 = DIRECTION('',(-0.5,0.,-0.866025403784));
#2136 = DIRECTION('',(-0.866025403784,0.,0.5));
#2137 = DEFINITIONAL_REPRESENTATION('',(#2138),#2141);
#2138 = B_SPLINE_CURVE_WITH_KNOTS('',1,(#2139,#2140),.UNSPECIFIED.,.F.,
  .F.,(2,2),(-6.000000212225E-07,10.0000006),.PIECEWISE_BEZIER_KNOTS.);
#2139 = CARTESIAN_POINT('',(13.836241741968,12.0000006));
#2140 = CARTESIAN_POINT('',(13.836241741968,1.9999994));
#2141 = ( GEOMETRIC_REPRESENTATION_CONTEXT(2) 
PARAMETRIC_REPRESENTATION_CONTEXT() REPRESENTATION_CONTEXT('2D SPACE',''
  ) );
#2142 = ORIENTED_EDGE('',*,*,#2143,.T.);
#2143 = EDGE_CURVE('',#2118,#2046,#2144,.T.);
#2144 = SURFACE_CURVE('',#2145,(#2150,#2157),.PCURVE_S1.);
#2145 = CIRCLE('',#2146,110.);
#2146 = AXIS2_PLACEMENT_3D('',#2147,#2148,#2149);
#2147 = CARTESIAN_POINT('',(-150.,-195.,600.));
#2148 = DIRECTION('',(0.,-1.,2.22044604925E-16));
#2149 = DIRECTION('',(1.,0.,0.));
#2150 = PCURVE('',#2060,#2151);
#2151 = DEFINITIONAL_REPRESENTATION('',(#2152),#2156);
#2152 = LINE('',#2153,#2154);
#2153 = CARTESIAN_POINT('',(0.,0.));
#2154 = VECTOR('',#2155,1.);
#2155 = DIRECTION('',(1.,0.));
#2156 = ( GEOMETRIC_REPRESENTATION_CONTEXT(2) 
PARAMETRIC_REPRESENTATION_CONTEXT() REPRESENTATION_CONTEXT('2D SPACE',''
  ) );
#2157 = PCURVE('',#100,#2158);
#2158 = DEFINITIONAL_REPRESENTATION('',(#2159),#2163);
#2159 = CIRCLE('',#2160,110.);
#2160 = AXIS2_PLACEMENT_2D('',#2161,#2162);
#2161 = CARTESIAN_POINT('',(0.,0.));
#2162 = DIRECTION('',(1.,0.));
#2163 = ( GEOMETRIC_REPRESENTATION_CONTEXT(2) 
PARAMETRIC_REPRESENTATION_CONTEXT() REPRESENTATION_CONTEXT('2D SPACE',''
  ) );
#2164 = ORIENTED_EDGE('',*,*,#2045,.T.);
#2165 = ADVANCED_FACE('',(#2166),#2132,.F.);
#2166 = FACE_BOUND('',#2167,.F.);
#2167 = EDGE_LOOP('',(#2168,#2198,#2217,#2218));
#2168 = ORIENTED_EDGE('',*,*,#2169,.F.);
#2169 = EDGE_CURVE('',#2170,#2172,#2174,.T.);
#2170 = VERTEX_POINT('',#2171);
#2171 = CARTESIAN_POINT('',(-236.1384387633,-205.,642.80384757729));
#2172 = VERTEX_POINT('',#2173);
#2173 = CARTESIAN_POINT('',(-236.1384387633,-195.,642.80384757729));
#2174 = SURFACE_CURVE('',#2175,(#2179,#2186),.PCURVE_S1.);
#2175 = LINE('',#2176,#2177);
#2176 = CARTESIAN_POINT('',(-236.1384387633,-207.,642.80384757729));
#2177 = VECTOR('',#2178,1.);
#2178 = DIRECTION('',(0.,1.,0.));
#2179 = PCURVE('',#2132,#2180);
#2180 = DEFINITIONAL_REPRESENTATION('',(#2181),#2185);
#2181 = LINE('',#2182,#2183);
#2182 = CARTESIAN_POINT('',(0.,0.));
#2183 = VECTOR('',#2184,1.);
#2184 = DIRECTION('',(0.,1.));
#2185 = ( GEOMETRIC_REPRESENTATION_CONTEXT(2) 
PARAMETRIC_REPRESENTATION_CONTEXT() REPRESENTATION_CONTEXT('2D SPACE',''
  ) );
#2186 = PCURVE('',#2187,#2192);
#2187 = PLANE('',#2188);
#2188 = AXIS2_PLACEMENT_3D('',#2189,#2190,#2191);
#2189 = CARTESIAN_POINT('',(-230.1384387633,-207.,653.1961524227));
#2190 = DIRECTION('',(-0.866025403784,0.,0.5));
#2191 = DIRECTION('',(-0.5,0.,-0.866025403784));
#2192 = DEFINITIONAL_REPRESENTATION('',(#2193),#2197);
#2193 = LINE('',#2194,#2195);
#2194 = CARTESIAN_POINT('',(12.,0.));
#2195 = VECTOR('',#2196,1.);
#2196 = DIRECTION('',(0.,-1.));
#2197 = ( GEOMETRIC_REPRESENTATION_CONTEXT(2) 
PARAMETRIC_REPRESENTATION_CONTEXT() REPRESENTATION_CONTEXT('2D SPACE',''
  ) );
#2198 = ORIENTED_EDGE('',*,*,#2199,.F.);
#2199 = EDGE_CURVE('',#2094,#2170,#2200,.T.);
#2200 = SURFACE_CURVE('',#2201,(#2205,#2211),.PCURVE_S1.);
#2201 = LINE('',#2202,#2203);
#2202 = CARTESIAN_POINT('',(-194.5692193816,-205.,618.80384757729));
#2203 = VECTOR('',#2204,1.);
#2204 = DIRECTION('',(0.866025403784,-1.110223024625E-16,-0.5));
#2205 = PCURVE('',#2132,#2206);
#2206 = DEFINITIONAL_REPRESENTATION('',(#2207),#2210);
#2207 = B_SPLINE_CURVE_WITH_KNOTS('',1,(#2208,#2209),.UNSPECIFIED.,.F.,
  .F.,(2,2),(-64.,-48.),.PIECEWISE_BEZIER_KNOTS.);
#2208 = CARTESIAN_POINT('',(16.,2.));
#2209 = CARTESIAN_POINT('',(0.,2.));
#2210 = ( GEOMETRIC_REPRESENTATION_CONTEXT(2) 
PARAMETRIC_REPRESENTATION_CONTEXT() REPRESENTATION_CONTEXT('2D SPACE',''
  ) );
#2211 = PCURVE('',#45,#2212);
#2212 = DEFINITIONAL_REPRESENTATION('',(#2213),#2216);
#2213 = B_SPLINE_CURVE_WITH_KNOTS('',1,(#2214,#2215),.UNSPECIFIED.,.F.,
  .F.,(2,2),(-64.,-48.),.PIECEWISE_BEZIER_KNOTS.);
#2214 = CARTESIAN_POINT('',(-99.99484522385,50.803847577293));
#2215 = CARTESIAN_POINT('',(-86.1384387633,42.803847577293));
#2216 = ( GEOMETRIC_REPRESENTATION_CONTEXT(2) 
PARAMETRIC_REPRESENTATION_CONTEXT() REPRESENTATION_CONTEXT('2D SPACE',''
  ) );
#2217 = ORIENTED_EDGE('',*,*,#2117,.F.);
#2218 = ORIENTED_EDGE('',*,*,#2219,.T.);
#2219 = EDGE_CURVE('',#2118,#2172,#2220,.T.);
#2220 = SURFACE_CURVE('',#2221,(#2225,#2231),.PCURVE_S1.);
#2221 = LINE('',#2222,#2223);
#2222 = CARTESIAN_POINT('',(-194.5692193816,-195.,618.80384757729));
#2223 = VECTOR('',#2224,1.);
#2224 = DIRECTION('',(0.866025403784,-1.110223024625E-16,-0.5));
#2225 = PCURVE('',#2132,#2226);
#2226 = DEFINITIONAL_REPRESENTATION('',(#2227),#2230);
#2227 = B_SPLINE_CURVE_WITH_KNOTS('',1,(#2228,#2229),.UNSPECIFIED.,.F.,
  .F.,(2,2),(-64.,-48.),.PIECEWISE_BEZIER_KNOTS.);
#2228 = CARTESIAN_POINT('',(16.,12.));
#2229 = CARTESIAN_POINT('',(0.,12.));
#2230 = ( GEOMETRIC_REPRESENTATION_CONTEXT(2) 
PARAMETRIC_REPRESENTATION_CONTEXT() REPRESENTATION_CONTEXT('2D SPACE',''
  ) );
#2231 = PCURVE('',#100,#2232);
#2232 = DEFINITIONAL_REPRESENTATION('',(#2233),#2236);
#2233 = B_SPLINE_CURVE_WITH_KNOTS('',1,(#2234,#2235),.UNSPECIFIED.,.F.,
  .F.,(2,2),(-64.,-48.),.PIECEWISE_BEZIER_KNOTS.);
#2234 = CARTESIAN_POINT('',(-99.99484522385,50.803847577293));
#2235 = CARTESIAN_POINT('',(-86.1384387633,42.803847577293));
#2236 = ( GEOMETRIC_REPRESENTATION_CONTEXT(2) 
PARAMETRIC_REPRESENTATION_CONTEXT() REPRESENTATION_CONTEXT('2D SPACE',''
  ) );
#2237 = ADVANCED_FACE('',(#2238),#2187,.T.);
#2238 = FACE_BOUND('',#2239,.T.);
#2239 = EDGE_LOOP('',(#2240,#2241,#2262,#2290));
#2240 = ORIENTED_EDGE('',*,*,#2169,.F.);
#2241 = ORIENTED_EDGE('',*,*,#2242,.F.);
#2242 = EDGE_CURVE('',#2243,#2170,#2245,.T.);
#2243 = VERTEX_POINT('',#2244);
#2244 = CARTESIAN_POINT('',(-230.1384387633,-205.,653.1961524227));
#2245 = SURFACE_CURVE('',#2246,(#2250,#2256),.PCURVE_S1.);
#2246 = LINE('',#2247,#2248);
#2247 = CARTESIAN_POINT('',(-231.6384387633,-205.,650.59807621135));
#2248 = VECTOR('',#2249,1.);
#2249 = DIRECTION('',(-0.5,-1.922962686384E-16,-0.866025403784));
#2250 = PCURVE('',#2187,#2251);
#2251 = DEFINITIONAL_REPRESENTATION('',(#2252),#2255);
#2252 = B_SPLINE_CURVE_WITH_KNOTS('',1,(#2253,#2254),.UNSPECIFIED.,.F.,
  .F.,(2,2),(-3.,9.),.PIECEWISE_BEZIER_KNOTS.);
#2253 = CARTESIAN_POINT('',(0.,-2.));
#2254 = CARTESIAN_POINT('',(12.,-2.));
#2255 = ( GEOMETRIC_REPRESENTATION_CONTEXT(2) 
PARAMETRIC_REPRESENTATION_CONTEXT() REPRESENTATION_CONTEXT('2D SPACE',''
  ) );
#2256 = PCURVE('',#45,#2257);
#2257 = DEFINITIONAL_REPRESENTATION('',(#2258),#2261);
#2258 = B_SPLINE_CURVE_WITH_KNOTS('',1,(#2259,#2260),.UNSPECIFIED.,.F.,
  .F.,(2,2),(-3.,9.),.PIECEWISE_BEZIER_KNOTS.);
#2259 = CARTESIAN_POINT('',(-80.1384387633,53.196152422707));
#2260 = CARTESIAN_POINT('',(-86.1384387633,42.803847577293));
#2261 = ( GEOMETRIC_REPRESENTATION_CONTEXT(2) 
PARAMETRIC_REPRESENTATION_CONTEXT() REPRESENTATION_CONTEXT('2D SPACE',''
  ) );
#2262 = ORIENTED_EDGE('',*,*,#2263,.T.);
#2263 = EDGE_CURVE('',#2243,#2264,#2266,.T.);
#2264 = VERTEX_POINT('',#2265);
#2265 = CARTESIAN_POINT('',(-230.1384387633,-195.,653.1961524227));
#2266 = SURFACE_CURVE('',#2267,(#2271,#2278),.PCURVE_S1.);
#2267 = LINE('',#2268,#2269);
#2268 = CARTESIAN_POINT('',(-230.1384387633,-207.,653.1961524227));
#2269 = VECTOR('',#2270,1.);
#2270 = DIRECTION('',(0.,1.,0.));
#2271 = PCURVE('',#2187,#2272);
#2272 = DEFINITIONAL_REPRESENTATION('',(#2273),#2277);
#2273 = LINE('',#2274,#2275);
#2274 = CARTESIAN_POINT('',(0.,0.));
#2275 = VECTOR('',#2276,1.);
#2276 = DIRECTION('',(0.,-1.));
#2277 = ( GEOMETRIC_REPRESENTATION_CONTEXT(2) 
PARAMETRIC_REPRESENTATION_CONTEXT() REPRESENTATION_CONTEXT('2D SPACE',''
  ) );
#2278 = PCURVE('',#2279,#2284);
#2279 = PLANE('',#2280);
#2280 = AXIS2_PLACEMENT_3D('',#2281,#2282,#2283);
#2281 = CARTESIAN_POINT('',(-230.1384387633,-207.,653.1961524227));
#2282 = DIRECTION('',(-0.5,0.,-0.866025403784));
#2283 = DIRECTION('',(-0.866025403784,0.,0.5));
#2284 = DEFINITIONAL_REPRESENTATION('',(#2285),#2289);
#2285 = LINE('',#2286,#2287);
#2286 = CARTESIAN_POINT('',(0.,0.));
#2287 = VECTOR('',#2288,1.);
#2288 = DIRECTION('',(0.,1.));
#2289 = ( GEOMETRIC_REPRESENTATION_CONTEXT(2) 
PARAMETRIC_REPRESENTATION_CONTEXT() REPRESENTATION_CONTEXT('2D SPACE',''
  ) );
#2290 = ORIENTED_EDGE('',*,*,#2291,.T.);
#2291 = EDGE_CURVE('',#2264,#2172,#2292,.T.);
#2292 = SURFACE_CURVE('',#2293,(#2297,#2303),.PCURVE_S1.);
#2293 = LINE('',#2294,#2295);
#2294 = CARTESIAN_POINT('',(-231.6384387633,-195.,650.59807621135));
#2295 = VECTOR('',#2296,1.);
#2296 = DIRECTION('',(-0.5,-1.922962686384E-16,-0.866025403784));
#2297 = PCURVE('',#2187,#2298);
#2298 = DEFINITIONAL_REPRESENTATION('',(#2299),#2302);
#2299 = B_SPLINE_CURVE_WITH_KNOTS('',1,(#2300,#2301),.UNSPECIFIED.,.F.,
  .F.,(2,2),(-3.,9.),.PIECEWISE_BEZIER_KNOTS.);
#2300 = CARTESIAN_POINT('',(0.,-12.));
#2301 = CARTESIAN_POINT('',(12.,-12.));
#2302 = ( GEOMETRIC_REPRESENTATION_CONTEXT(2) 
PARAMETRIC_REPRESENTATION_CONTEXT() REPRESENTATION_CONTEXT('2D SPACE',''
  ) );
#2303 = PCURVE('',#100,#2304);
#2304 = DEFINITIONAL_REPRESENTATION('',(#2305),#2308);
#2305 = B_SPLINE_CURVE_WITH_KNOTS('',1,(#2306,#2307),.UNSPECIFIED.,.F.,
  .F.,(2,2),(-3.,9.),.PIECEWISE_BEZIER_KNOTS.);
#2306 = CARTESIAN_POINT('',(-80.1384387633,53.196152422707));
#2307 = CARTESIAN_POINT('',(-86.1384387633,42.803847577293));
#2308 = ( GEOMETRIC_REPRESENTATION_CONTEXT(2) 
PARAMETRIC_REPRESENTATION_CONTEXT() REPRESENTATION_CONTEXT('2D SPACE',''
  ) );
#2309 = ADVANCED_FACE('',(#2310),#2279,.T.);
#2310 = FACE_BOUND('',#2311,.T.);
#2311 = EDGE_LOOP('',(#2312,#2313,#2334,#2360));
#2312 = ORIENTED_EDGE('',*,*,#2263,.F.);
#2313 = ORIENTED_EDGE('',*,*,#2314,.F.);
#2314 = EDGE_CURVE('',#2315,#2243,#2317,.T.);
#2315 = VERTEX_POINT('',#2316);
#2316 = CARTESIAN_POINT('',(-242.1209756047,-205.,660.11427329369));
#2317 = SURFACE_CURVE('',#2318,(#2322,#2328),.PCURVE_S1.);
#2318 = LINE('',#2319,#2320);
#2319 = CARTESIAN_POINT('',(-188.5692193816,-205.,629.1961524227));
#2320 = VECTOR('',#2321,1.);
#2321 = DIRECTION('',(0.866025403784,-1.110223024625E-16,-0.5));
#2322 = PCURVE('',#2279,#2323);
#2323 = DEFINITIONAL_REPRESENTATION('',(#2324),#2327);
#2324 = B_SPLINE_CURVE_WITH_KNOTS('',1,(#2325,#2326),.UNSPECIFIED.,.F.,
  .F.,(2,2),(-64.,-48.),.PIECEWISE_BEZIER_KNOTS.);
#2325 = CARTESIAN_POINT('',(16.,2.));
#2326 = CARTESIAN_POINT('',(0.,2.));
#2327 = ( GEOMETRIC_REPRESENTATION_CONTEXT(2) 
PARAMETRIC_REPRESENTATION_CONTEXT() REPRESENTATION_CONTEXT('2D SPACE',''
  ) );
#2328 = PCURVE('',#45,#2329);
#2329 = DEFINITIONAL_REPRESENTATION('',(#2330),#2333);
#2330 = B_SPLINE_CURVE_WITH_KNOTS('',1,(#2331,#2332),.UNSPECIFIED.,.F.,
  .F.,(2,2),(-64.,-48.),.PIECEWISE_BEZIER_KNOTS.);
#2331 = CARTESIAN_POINT('',(-93.99484522385,61.196152422707));
#2332 = CARTESIAN_POINT('',(-80.1384387633,53.196152422707));
#2333 = ( GEOMETRIC_REPRESENTATION_CONTEXT(2) 
PARAMETRIC_REPRESENTATION_CONTEXT() REPRESENTATION_CONTEXT('2D SPACE',''
  ) );
#2334 = ORIENTED_EDGE('',*,*,#2335,.F.);
#2335 = EDGE_CURVE('',#2336,#2315,#2338,.T.);
#2336 = VERTEX_POINT('',#2337);
#2337 = CARTESIAN_POINT('',(-242.1209756047,-195.,660.11427329369));
#2338 = SURFACE_CURVE('',#2339,(#2343,#2349),.PCURVE_S1.);
#2339 = LINE('',#2340,#2341);
#2340 = CARTESIAN_POINT('',(-242.1209756047,-195.,660.11427329369));
#2341 = VECTOR('',#2342,1.);
#2342 = DIRECTION('',(0.,-1.,2.22044604925E-16));
#2343 = PCURVE('',#2279,#2344);
#2344 = DEFINITIONAL_REPRESENTATION('',(#2345),#2348);
#2345 = B_SPLINE_CURVE_WITH_KNOTS('',1,(#2346,#2347),.UNSPECIFIED.,.F.,
  .F.,(2,2),(-6.000000212225E-07,10.0000006),.PIECEWISE_BEZIER_KNOTS.);
#2346 = CARTESIAN_POINT('',(13.836241741968,12.0000006));
#2347 = CARTESIAN_POINT('',(13.836241741968,1.9999994));
#2348 = ( GEOMETRIC_REPRESENTATION_CONTEXT(2) 
PARAMETRIC_REPRESENTATION_CONTEXT() REPRESENTATION_CONTEXT('2D SPACE',''
  ) );
#2349 = PCURVE('',#2350,#2355);
#2350 = CYLINDRICAL_SURFACE('',#2351,110.);
#2351 = AXIS2_PLACEMENT_3D('',#2352,#2353,#2354);
#2352 = CARTESIAN_POINT('',(-150.,-195.,600.));
#2353 = DIRECTION('',(0.,-1.,2.22044604925E-16));
#2354 = DIRECTION('',(1.,0.,0.));
#2355 = DEFINITIONAL_REPRESENTATION('',(#2356),#2359);
#2356 = B_SPLINE_CURVE_WITH_KNOTS('',1,(#2357,#2358),.UNSPECIFIED.,.F.,
  .F.,(2,2),(-6.000000212225E-07,10.0000006),.PIECEWISE_BEZIER_KNOTS.);
#2357 = CARTESIAN_POINT('',(2.563421339837,-6.000000078745E-07));
#2358 = CARTESIAN_POINT('',(2.563421339837,10.0000006));
#2359 = ( GEOMETRIC_REPRESENTATION_CONTEXT(2) 
PARAMETRIC_REPRESENTATION_CONTEXT() REPRESENTATION_CONTEXT('2D SPACE',''
  ) );
#2360 = ORIENTED_EDGE('',*,*,#2361,.T.);
#2361 = EDGE_CURVE('',#2336,#2264,#2362,.T.);
#2362 = SURFACE_CURVE('',#2363,(#2367,#2373),.PCURVE_S1.);
#2363 = LINE('',#2364,#2365);
#2364 = CARTESIAN_POINT('',(-188.5692193816,-195.,629.1961524227));
#2365 = VECTOR('',#2366,1.);
#2366 = DIRECTION('',(0.866025403784,-1.110223024625E-16,-0.5));
#2367 = PCURVE('',#2279,#2368);
#2368 = DEFINITIONAL_REPRESENTATION('',(#2369),#2372);
#2369 = B_SPLINE_CURVE_WITH_KNOTS('',1,(#2370,#2371),.UNSPECIFIED.,.F.,
  .F.,(2,2),(-64.,-48.),.PIECEWISE_BEZIER_KNOTS.);
#2370 = CARTESIAN_POINT('',(16.,12.));
#2371 = CARTESIAN_POINT('',(0.,12.));
#2372 = ( GEOMETRIC_REPRESENTATION_CONTEXT(2) 
PARAMETRIC_REPRESENTATION_CONTEXT() REPRESENTATION_CONTEXT('2D SPACE',''
  ) );
#2373 = PCURVE('',#100,#2374);
#2374 = DEFINITIONAL_REPRESENTATION('',(#2375),#2378);
#2375 = B_SPLINE_CURVE_WITH_KNOTS('',1,(#2376,#2377),.UNSPECIFIED.,.F.,
  .F.,(2,2),(-64.,-48.),.PIECEWISE_BEZIER_KNOTS.);
#2376 = CARTESIAN_POINT('',(-93.99484522385,61.196152422707));
#2377 = CARTESIAN_POINT('',(-80.1384387633,53.196152422707));
#2378 = ( GEOMETRIC_REPRESENTATION_CONTEXT(2) 
PARAMETRIC_REPRESENTATION_CONTEXT() REPRESENTATION_CONTEXT('2D SPACE',''
  ) );
#2379 = ADVANCED_FACE('',(#2380),#2350,.T.);
#2380 = FACE_BOUND('',#2381,.T.);
#2381 = EDGE_LOOP('',(#2382,#2406,#2432,#2454));
#2382 = ORIENTED_EDGE('',*,*,#2383,.F.);
#2383 = EDGE_CURVE('',#2384,#2315,#2386,.T.);
#2384 = VERTEX_POINT('',#2385);
#2385 = CARTESIAN_POINT('',(-210.1142732936,-205.,692.12097560475));
#2386 = SURFACE_CURVE('',#2387,(#2392,#2399),.PCURVE_S1.);
#2387 = CIRCLE('',#2388,110.);
#2388 = AXIS2_PLACEMENT_3D('',#2389,#2390,#2391);
#2389 = CARTESIAN_POINT('',(-150.,-205.,600.));
#2390 = DIRECTION('',(0.,-1.,2.22044604925E-16));
#2391 = DIRECTION('',(1.,0.,0.));
#2392 = PCURVE('',#2350,#2393);
#2393 = DEFINITIONAL_REPRESENTATION('',(#2394),#2398);
#2394 = LINE('',#2395,#2396);
#2395 = CARTESIAN_POINT('',(0.,10.));
#2396 = VECTOR('',#2397,1.);
#2397 = DIRECTION('',(1.,0.));
#2398 = ( GEOMETRIC_REPRESENTATION_CONTEXT(2) 
PARAMETRIC_REPRESENTATION_CONTEXT() REPRESENTATION_CONTEXT('2D SPACE',''
  ) );
#2399 = PCURVE('',#45,#2400);
#2400 = DEFINITIONAL_REPRESENTATION('',(#2401),#2405);
#2401 = CIRCLE('',#2402,110.);
#2402 = AXIS2_PLACEMENT_2D('',#2403,#2404);
#2403 = CARTESIAN_POINT('',(0.,0.));
#2404 = DIRECTION('',(1.,0.));
#2405 = ( GEOMETRIC_REPRESENTATION_CONTEXT(2) 
PARAMETRIC_REPRESENTATION_CONTEXT() REPRESENTATION_CONTEXT('2D SPACE',''
  ) );
#2406 = ORIENTED_EDGE('',*,*,#2407,.F.);
#2407 = EDGE_CURVE('',#2408,#2384,#2410,.T.);
#2408 = VERTEX_POINT('',#2409);
#2409 = CARTESIAN_POINT('',(-210.1142732936,-195.,692.12097560475));
#2410 = SURFACE_CURVE('',#2411,(#2415,#2421),.PCURVE_S1.);
#2411 = LINE('',#2412,#2413);
#2412 = CARTESIAN_POINT('',(-210.1142732936,-195.,692.12097560475));
#2413 = VECTOR('',#2414,1.);
#2414 = DIRECTION('',(0.,-1.,2.22044604925E-16));
#2415 = PCURVE('',#2350,#2416);
#2416 = DEFINITIONAL_REPRESENTATION('',(#2417),#2420);
#2417 = B_SPLINE_CURVE_WITH_KNOTS('',1,(#2418,#2419),.UNSPECIFIED.,.F.,
  .F.,(2,2),(-5.999999928008E-07,10.0000006),.PIECEWISE_BEZIER_KNOTS.);
#2418 = CARTESIAN_POINT('',(2.148967640548,-6.000000007675E-07));
#2419 = CARTESIAN_POINT('',(2.148967640548,10.0000006));
#2420 = ( GEOMETRIC_REPRESENTATION_CONTEXT(2) 
PARAMETRIC_REPRESENTATION_CONTEXT() REPRESENTATION_CONTEXT('2D SPACE',''
  ) );
#2421 = PCURVE('',#2422,#2427);
#2422 = PLANE('',#2423);
#2423 = AXIS2_PLACEMENT_3D('',#2424,#2425,#2426);
#2424 = CARTESIAN_POINT('',(-203.1961524227,-207.,680.1384387633));
#2425 = DIRECTION('',(-0.866025403784,0.,-0.5));
#2426 = DIRECTION('',(-0.5,0.,0.866025403784));
#2427 = DEFINITIONAL_REPRESENTATION('',(#2428),#2431);
#2428 = B_SPLINE_CURVE_WITH_KNOTS('',1,(#2429,#2430),.UNSPECIFIED.,.F.,
  .F.,(2,2),(-5.999999928008E-07,10.0000006),.PIECEWISE_BEZIER_KNOTS.);
#2429 = CARTESIAN_POINT('',(13.836241741968,12.0000006));
#2430 = CARTESIAN_POINT('',(13.836241741968,1.9999994));
#2431 = ( GEOMETRIC_REPRESENTATION_CONTEXT(2) 
PARAMETRIC_REPRESENTATION_CONTEXT() REPRESENTATION_CONTEXT('2D SPACE',''
  ) );
#2432 = ORIENTED_EDGE('',*,*,#2433,.T.);
#2433 = EDGE_CURVE('',#2408,#2336,#2434,.T.);
#2434 = SURFACE_CURVE('',#2435,(#2440,#2447),.PCURVE_S1.);
#2435 = CIRCLE('',#2436,110.);
#2436 = AXIS2_PLACEMENT_3D('',#2437,#2438,#2439);
#2437 = CARTESIAN_POINT('',(-150.,-195.,600.));
#2438 = DIRECTION('',(0.,-1.,2.22044604925E-16));
#2439 = DIRECTION('',(1.,0.,0.));
#2440 = PCURVE('',#2350,#2441);
#2441 = DEFINITIONAL_REPRESENTATION('',(#2442),#2446);
#2442 = LINE('',#2443,#2444);
#2443 = CARTESIAN_POINT('',(0.,0.));
#2444 = VECTOR('',#2445,1.);
#2445 = DIRECTION('',(1.,0.));
#2446 = ( GEOMETRIC_REPRESENTATION_CONTEXT(2) 
PARAMETRIC_REPRESENTATION_CONTEXT() REPRESENTATION_CONTEXT('2D SPACE',''
  ) );
#2447 = PCURVE('',#100,#2448);
#2448 = DEFINITIONAL_REPRESENTATION('',(#2449),#2453);
#2449 = CIRCLE('',#2450,110.);
#2450 = AXIS2_PLACEMENT_2D('',#2451,#2452);
#2451 = CARTESIAN_POINT('',(0.,0.));
#2452 = DIRECTION('',(1.,0.));
#2453 = ( GEOMETRIC_REPRESENTATION_CONTEXT(2) 
PARAMETRIC_REPRESENTATION_CONTEXT() REPRESENTATION_CONTEXT('2D SPACE',''
  ) );
#2454 = ORIENTED_EDGE('',*,*,#2335,.T.);
#2455 = ADVANCED_FACE('',(#2456),#2422,.F.);
#2456 = FACE_BOUND('',#2457,.F.);
#2457 = EDGE_LOOP('',(#2458,#2488,#2507,#2508));
#2458 = ORIENTED_EDGE('',*,*,#2459,.F.);
#2459 = EDGE_CURVE('',#2460,#2462,#2464,.T.);
#2460 = VERTEX_POINT('',#2461);
#2461 = CARTESIAN_POINT('',(-203.1961524227,-205.,680.1384387633));
#2462 = VERTEX_POINT('',#2463);
#2463 = CARTESIAN_POINT('',(-203.1961524227,-195.,680.1384387633));
#2464 = SURFACE_CURVE('',#2465,(#2469,#2476),.PCURVE_S1.);
#2465 = LINE('',#2466,#2467);
#2466 = CARTESIAN_POINT('',(-203.1961524227,-207.,680.1384387633));
#2467 = VECTOR('',#2468,1.);
#2468 = DIRECTION('',(0.,1.,0.));
#2469 = PCURVE('',#2422,#2470);
#2470 = DEFINITIONAL_REPRESENTATION('',(#2471),#2475);
#2471 = LINE('',#2472,#2473);
#2472 = CARTESIAN_POINT('',(0.,0.));
#2473 = VECTOR('',#2474,1.);
#2474 = DIRECTION('',(0.,1.));
#2475 = ( GEOMETRIC_REPRESENTATION_CONTEXT(2) 
PARAMETRIC_REPRESENTATION_CONTEXT() REPRESENTATION_CONTEXT('2D SPACE',''
  ) );
#2476 = PCURVE('',#2477,#2482);
#2477 = PLANE('',#2478);
#2478 = AXIS2_PLACEMENT_3D('',#2479,#2480,#2481);
#2479 = CARTESIAN_POINT('',(-192.8038475772,-207.,686.1384387633));
#2480 = DIRECTION('',(-0.5,0.,0.866025403784));
#2481 = DIRECTION('',(-0.866025403784,0.,-0.5));
#2482 = DEFINITIONAL_REPRESENTATION('',(#2483),#2487);
#2483 = LINE('',#2484,#2485);
#2484 = CARTESIAN_POINT('',(12.,0.));
#2485 = VECTOR('',#2486,1.);
#2486 = DIRECTION('',(0.,-1.));
#2487 = ( GEOMETRIC_REPRESENTATION_CONTEXT(2) 
PARAMETRIC_REPRESENTATION_CONTEXT() REPRESENTATION_CONTEXT('2D SPACE',''
  ) );
#2488 = ORIENTED_EDGE('',*,*,#2489,.F.);
#2489 = EDGE_CURVE('',#2384,#2460,#2490,.T.);
#2490 = SURFACE_CURVE('',#2491,(#2495,#2501),.PCURVE_S1.);
#2491 = LINE('',#2492,#2493);
#2492 = CARTESIAN_POINT('',(-179.1961524227,-205.,638.56921938165));
#2493 = VECTOR('',#2494,1.);
#2494 = DIRECTION('',(0.5,-1.922962686384E-16,-0.866025403784));
#2495 = PCURVE('',#2422,#2496);
#2496 = DEFINITIONAL_REPRESENTATION('',(#2497),#2500);
#2497 = B_SPLINE_CURVE_WITH_KNOTS('',1,(#2498,#2499),.UNSPECIFIED.,.F.,
  .F.,(2,2),(-64.,-48.),.PIECEWISE_BEZIER_KNOTS.);
#2498 = CARTESIAN_POINT('',(16.,2.));
#2499 = CARTESIAN_POINT('',(0.,2.));
#2500 = ( GEOMETRIC_REPRESENTATION_CONTEXT(2) 
PARAMETRIC_REPRESENTATION_CONTEXT() REPRESENTATION_CONTEXT('2D SPACE',''
  ) );
#2501 = PCURVE('',#45,#2502);
#2502 = DEFINITIONAL_REPRESENTATION('',(#2503),#2506);
#2503 = B_SPLINE_CURVE_WITH_KNOTS('',1,(#2504,#2505),.UNSPECIFIED.,.F.,
  .F.,(2,2),(-64.,-48.),.PIECEWISE_BEZIER_KNOTS.);
#2504 = CARTESIAN_POINT('',(-61.1961524227,93.994845223857));
#2505 = CARTESIAN_POINT('',(-53.1961524227,80.138438763306));
#2506 = ( GEOMETRIC_REPRESENTATION_CONTEXT(2) 
PARAMETRIC_REPRESENTATION_CONTEXT() REPRESENTATION_CONTEXT('2D SPACE',''
  ) );
#2507 = ORIENTED_EDGE('',*,*,#2407,.F.);
#2508 = ORIENTED_EDGE('',*,*,#2509,.T.);
#2509 = EDGE_CURVE('',#2408,#2462,#2510,.T.);
#2510 = SURFACE_CURVE('',#2511,(#2515,#2521),.PCURVE_S1.);
#2511 = LINE('',#2512,#2513);
#2512 = CARTESIAN_POINT('',(-179.1961524227,-195.,638.56921938165));
#2513 = VECTOR('',#2514,1.);
#2514 = DIRECTION('',(0.5,-1.922962686384E-16,-0.866025403784));
#2515 = PCURVE('',#2422,#2516);
#2516 = DEFINITIONAL_REPRESENTATION('',(#2517),#2520);
#2517 = B_SPLINE_CURVE_WITH_KNOTS('',1,(#2518,#2519),.UNSPECIFIED.,.F.,
  .F.,(2,2),(-64.,-48.),.PIECEWISE_BEZIER_KNOTS.);
#2518 = CARTESIAN_POINT('',(16.,12.));
#2519 = CARTESIAN_POINT('',(0.,12.));
#2520 = ( GEOMETRIC_REPRESENTATION_CONTEXT(2) 
PARAMETRIC_REPRESENTATION_CONTEXT() REPRESENTATION_CONTEXT('2D SPACE',''
  ) );
#2521 = PCURVE('',#100,#2522);
#2522 = DEFINITIONAL_REPRESENTATION('',(#2523),#2526);
#2523 = B_SPLINE_CURVE_WITH_KNOTS('',1,(#2524,#2525),.UNSPECIFIED.,.F.,
  .F.,(2,2),(-64.,-48.),.PIECEWISE_BEZIER_KNOTS.);
#2524 = CARTESIAN_POINT('',(-61.1961524227,93.994845223857));
#2525 = CARTESIAN_POINT('',(-53.1961524227,80.138438763306));
#2526 = ( GEOMETRIC_REPRESENTATION_CONTEXT(2) 
PARAMETRIC_REPRESENTATION_CONTEXT() REPRESENTATION_CONTEXT('2D SPACE',''
  ) );
#2527 = ADVANCED_FACE('',(#2528),#2477,.T.);
#2528 = FACE_BOUND('',#2529,.T.);
#2529 = EDGE_LOOP('',(#2530,#2531,#2552,#2580));
#2530 = ORIENTED_EDGE('',*,*,#2459,.F.);
#2531 = ORIENTED_EDGE('',*,*,#2532,.F.);
#2532 = EDGE_CURVE('',#2533,#2460,#2535,.T.);
#2533 = VERTEX_POINT('',#2534);
#2534 = CARTESIAN_POINT('',(-192.8038475772,-205.,686.1384387633));
#2535 = SURFACE_CURVE('',#2536,(#2540,#2546),.PCURVE_S1.);
#2536 = LINE('',#2537,#2538);
#2537 = CARTESIAN_POINT('',(-195.4019237886,-205.,684.6384387633));
#2538 = VECTOR('',#2539,1.);
#2539 = DIRECTION('',(-0.866025403784,-1.110223024625E-16,-0.5));
#2540 = PCURVE('',#2477,#2541);
#2541 = DEFINITIONAL_REPRESENTATION('',(#2542),#2545);
#2542 = B_SPLINE_CURVE_WITH_KNOTS('',1,(#2543,#2544),.UNSPECIFIED.,.F.,
  .F.,(2,2),(-3.,9.),.PIECEWISE_BEZIER_KNOTS.);
#2543 = CARTESIAN_POINT('',(0.,-2.));
#2544 = CARTESIAN_POINT('',(12.,-2.));
#2545 = ( GEOMETRIC_REPRESENTATION_CONTEXT(2) 
PARAMETRIC_REPRESENTATION_CONTEXT() REPRESENTATION_CONTEXT('2D SPACE',''
  ) );
#2546 = PCURVE('',#45,#2547);
#2547 = DEFINITIONAL_REPRESENTATION('',(#2548),#2551);
#2548 = B_SPLINE_CURVE_WITH_KNOTS('',1,(#2549,#2550),.UNSPECIFIED.,.F.,
  .F.,(2,2),(-3.,9.),.PIECEWISE_BEZIER_KNOTS.);
#2549 = CARTESIAN_POINT('',(-42.80384757729,86.138438763306));
#2550 = CARTESIAN_POINT('',(-53.1961524227,80.138438763306));
#2551 = ( GEOMETRIC_REPRESENTATION_CONTEXT(2) 
PARAMETRIC_REPRESENTATION_CONTEXT() REPRESENTATION_CONTEXT('2D SPACE',''
  ) );
#2552 = ORIENTED_EDGE('',*,*,#2553,.T.);
#2553 = EDGE_CURVE('',#2533,#2554,#2556,.T.);
#2554 = VERTEX_POINT('',#2555);
#2555 = CARTESIAN_POINT('',(-192.8038475772,-195.,686.1384387633));
#2556 = SURFACE_CURVE('',#2557,(#2561,#2568),.PCURVE_S1.);
#2557 = LINE('',#2558,#2559);
#2558 = CARTESIAN_POINT('',(-192.8038475772,-207.,686.1384387633));
#2559 = VECTOR('',#2560,1.);
#2560 = DIRECTION('',(0.,1.,0.));
#2561 = PCURVE('',#2477,#2562);
#2562 = DEFINITIONAL_REPRESENTATION('',(#2563),#2567);
#2563 = LINE('',#2564,#2565);
#2564 = CARTESIAN_POINT('',(0.,0.));
#2565 = VECTOR('',#2566,1.);
#2566 = DIRECTION('',(0.,-1.));
#2567 = ( GEOMETRIC_REPRESENTATION_CONTEXT(2) 
PARAMETRIC_REPRESENTATION_CONTEXT() REPRESENTATION_CONTEXT('2D SPACE',''
  ) );
#2568 = PCURVE('',#2569,#2574);
#2569 = PLANE('',#2570);
#2570 = AXIS2_PLACEMENT_3D('',#2571,#2572,#2573);
#2571 = CARTESIAN_POINT('',(-192.8038475772,-207.,686.1384387633));
#2572 = DIRECTION('',(-0.866025403784,0.,-0.5));
#2573 = DIRECTION('',(-0.5,0.,0.866025403784));
#2574 = DEFINITIONAL_REPRESENTATION('',(#2575),#2579);
#2575 = LINE('',#2576,#2577);
#2576 = CARTESIAN_POINT('',(0.,0.));
#2577 = VECTOR('',#2578,1.);
#2578 = DIRECTION('',(0.,1.));
#2579 = ( GEOMETRIC_REPRESENTATION_CONTEXT(2) 
PARAMETRIC_REPRESENTATION_CONTEXT() REPRESENTATION_CONTEXT('2D SPACE',''
  ) );
#2580 = ORIENTED_EDGE('',*,*,#2581,.T.);
#2581 = EDGE_CURVE('',#2554,#2462,#2582,.T.);
#2582 = SURFACE_CURVE('',#2583,(#2587,#2593),.PCURVE_S1.);
#2583 = LINE('',#2584,#2585);
#2584 = CARTESIAN_POINT('',(-195.4019237886,-195.,684.6384387633));
#2585 = VECTOR('',#2586,1.);
#2586 = DIRECTION('',(-0.866025403784,-1.110223024625E-16,-0.5));
#2587 = PCURVE('',#2477,#2588);
#2588 = DEFINITIONAL_REPRESENTATION('',(#2589),#2592);
#2589 = B_SPLINE_CURVE_WITH_KNOTS('',1,(#2590,#2591),.UNSPECIFIED.,.F.,
  .F.,(2,2),(-3.,9.),.PIECEWISE_BEZIER_KNOTS.);
#2590 = CARTESIAN_POINT('',(0.,-12.));
#2591 = CARTESIAN_POINT('',(12.,-12.));
#2592 = ( GEOMETRIC_REPRESENTATION_CONTEXT(2) 
PARAMETRIC_REPRESENTATION_CONTEXT() REPRESENTATION_CONTEXT('2D SPACE',''
  ) );
#2593 = PCURVE('',#100,#2594);
#2594 = DEFINITIONAL_REPRESENTATION('',(#2595),#2598);
#2595 = B_SPLINE_CURVE_WITH_KNOTS('',1,(#2596,#2597),.UNSPECIFIED.,.F.,
  .F.,(2,2),(-3.,9.),.PIECEWISE_BEZIER_KNOTS.);
#2596 = CARTESIAN_POINT('',(-42.80384757729,86.138438763306));
#2597 = CARTESIAN_POINT('',(-53.1961524227,80.138438763306));
#2598 = ( GEOMETRIC_REPRESENTATION_CONTEXT(2) 
PARAMETRIC_REPRESENTATION_CONTEXT() REPRESENTATION_CONTEXT('2D SPACE',''
  ) );
#2599 = ADVANCED_FACE('',(#2600),#2569,.T.);
#2600 = FACE_BOUND('',#2601,.T.);
#2601 = EDGE_LOOP('',(#2602,#2603,#2624,#2650));
#2602 = ORIENTED_EDGE('',*,*,#2553,.F.);
#2603 = ORIENTED_EDGE('',*,*,#2604,.F.);
#2604 = EDGE_CURVE('',#2605,#2533,#2607,.T.);
#2605 = VERTEX_POINT('',#2606);
#2606 = CARTESIAN_POINT('',(-199.7219684482,-205.,698.12097560475));
#2607 = SURFACE_CURVE('',#2608,(#2612,#2618),.PCURVE_S1.);
#2608 = LINE('',#2609,#2610);
#2609 = CARTESIAN_POINT('',(-168.8038475772,-205.,644.56921938165));
#2610 = VECTOR('',#2611,1.);
#2611 = DIRECTION('',(0.5,-1.922962686384E-16,-0.866025403784));
#2612 = PCURVE('',#2569,#2613);
#2613 = DEFINITIONAL_REPRESENTATION('',(#2614),#2617);
#2614 = B_SPLINE_CURVE_WITH_KNOTS('',1,(#2615,#2616),.UNSPECIFIED.,.F.,
  .F.,(2,2),(-64.,-48.),.PIECEWISE_BEZIER_KNOTS.);
#2615 = CARTESIAN_POINT('',(16.,2.));
#2616 = CARTESIAN_POINT('',(0.,2.));
#2617 = ( GEOMETRIC_REPRESENTATION_CONTEXT(2) 
PARAMETRIC_REPRESENTATION_CONTEXT() REPRESENTATION_CONTEXT('2D SPACE',''
  ) );
#2618 = PCURVE('',#45,#2619);
#2619 = DEFINITIONAL_REPRESENTATION('',(#2620),#2623);
#2620 = B_SPLINE_CURVE_WITH_KNOTS('',1,(#2621,#2622),.UNSPECIFIED.,.F.,
  .F.,(2,2),(-64.,-48.),.PIECEWISE_BEZIER_KNOTS.);
#2621 = CARTESIAN_POINT('',(-50.80384757729,99.994845223857));
#2622 = CARTESIAN_POINT('',(-42.80384757729,86.138438763306));
#2623 = ( GEOMETRIC_REPRESENTATION_CONTEXT(2) 
PARAMETRIC_REPRESENTATION_CONTEXT() REPRESENTATION_CONTEXT('2D SPACE',''
  ) );
#2624 = ORIENTED_EDGE('',*,*,#2625,.F.);
#2625 = EDGE_CURVE('',#2626,#2605,#2628,.T.);
#2626 = VERTEX_POINT('',#2627);
#2627 = CARTESIAN_POINT('',(-199.7219684482,-195.,698.12097560475));
#2628 = SURFACE_CURVE('',#2629,(#2633,#2639),.PCURVE_S1.);
#2629 = LINE('',#2630,#2631);
#2630 = CARTESIAN_POINT('',(-199.7219684482,-195.,698.12097560475));
#2631 = VECTOR('',#2632,1.);
#2632 = DIRECTION('',(0.,-1.,2.22044604925E-16));
#2633 = PCURVE('',#2569,#2634);
#2634 = DEFINITIONAL_REPRESENTATION('',(#2635),#2638);
#2635 = B_SPLINE_CURVE_WITH_KNOTS('',1,(#2636,#2637),.UNSPECIFIED.,.F.,
  .F.,(2,2),(-5.999999928008E-07,10.0000006),.PIECEWISE_BEZIER_KNOTS.);
#2636 = CARTESIAN_POINT('',(13.836241741968,12.0000006));
#2637 = CARTESIAN_POINT('',(13.836241741968,1.9999994));
#2638 = ( GEOMETRIC_REPRESENTATION_CONTEXT(2) 
PARAMETRIC_REPRESENTATION_CONTEXT() REPRESENTATION_CONTEXT('2D SPACE',''
  ) );
#2639 = PCURVE('',#2640,#2645);
#2640 = CYLINDRICAL_SURFACE('',#2641,110.);
#2641 = AXIS2_PLACEMENT_3D('',#2642,#2643,#2644);
#2642 = CARTESIAN_POINT('',(-150.,-195.,600.));
#2643 = DIRECTION('',(0.,-1.,2.22044604925E-16));
#2644 = DIRECTION('',(1.,0.,0.));
#2645 = DEFINITIONAL_REPRESENTATION('',(#2646),#2649);
#2646 = B_SPLINE_CURVE_WITH_KNOTS('',1,(#2647,#2648),.UNSPECIFIED.,.F.,
  .F.,(2,2),(-5.999999928008E-07,10.0000006),.PIECEWISE_BEZIER_KNOTS.);
#2647 = CARTESIAN_POINT('',(2.039822564239,-5.999999994353E-07));
#2648 = CARTESIAN_POINT('',(2.039822564239,10.0000006));
#2649 = ( GEOMETRIC_REPRESENTATION_CONTEXT(2) 
PARAMETRIC_REPRESENTATION_CONTEXT() REPRESENTATION_CONTEXT('2D SPACE',''
  ) );
#2650 = ORIENTED_EDGE('',*,*,#2651,.T.);
#2651 = EDGE_CURVE('',#2626,#2554,#2652,.T.);
#2652 = SURFACE_CURVE('',#2653,(#2657,#2663),.PCURVE_S1.);
#2653 = LINE('',#2654,#2655);
#2654 = CARTESIAN_POINT('',(-168.8038475772,-195.,644.56921938165));
#2655 = VECTOR('',#2656,1.);
#2656 = DIRECTION('',(0.5,-1.922962686384E-16,-0.866025403784));
#2657 = PCURVE('',#2569,#2658);
#2658 = DEFINITIONAL_REPRESENTATION('',(#2659),#2662);
#2659 = B_SPLINE_CURVE_WITH_KNOTS('',1,(#2660,#2661),.UNSPECIFIED.,.F.,
  .F.,(2,2),(-64.,-48.),.PIECEWISE_BEZIER_KNOTS.);
#2660 = CARTESIAN_POINT('',(16.,12.));
#2661 = CARTESIAN_POINT('',(0.,12.));
#2662 = ( GEOMETRIC_REPRESENTATION_CONTEXT(2) 
PARAMETRIC_REPRESENTATION_CONTEXT() REPRESENTATION_CONTEXT('2D SPACE',''
  ) );
#2663 = PCURVE('',#100,#2664);
#2664 = DEFINITIONAL_REPRESENTATION('',(#2665),#2668);
#2665 = B_SPLINE_CURVE_WITH_KNOTS('',1,(#2666,#2667),.UNSPECIFIED.,.F.,
  .F.,(2,2),(-64.,-48.),.PIECEWISE_BEZIER_KNOTS.);
#2666 = CARTESIAN_POINT('',(-50.80384757729,99.994845223857));
#2667 = CARTESIAN_POINT('',(-42.80384757729,86.138438763306));
#2668 = ( GEOMETRIC_REPRESENTATION_CONTEXT(2) 
PARAMETRIC_REPRESENTATION_CONTEXT() REPRESENTATION_CONTEXT('2D SPACE',''
  ) );
#2669 = ADVANCED_FACE('',(#2670),#2640,.T.);
#2670 = FACE_BOUND('',#2671,.T.);
#2671 = EDGE_LOOP('',(#2672,#2696,#2722,#2744));
#2672 = ORIENTED_EDGE('',*,*,#2673,.F.);
#2673 = EDGE_CURVE('',#2674,#2605,#2676,.T.);
#2674 = VERTEX_POINT('',#2675);
#2675 = CARTESIAN_POINT('',(-156.,-205.,709.83624174196));
#2676 = SURFACE_CURVE('',#2677,(#2682,#2689),.PCURVE_S1.);
#2677 = CIRCLE('',#2678,110.);
#2678 = AXIS2_PLACEMENT_3D('',#2679,#2680,#2681);
#2679 = CARTESIAN_POINT('',(-150.,-205.,600.));
#2680 = DIRECTION('',(0.,-1.,2.22044604925E-16));
#2681 = DIRECTION('',(1.,0.,0.));
#2682 = PCURVE('',#2640,#2683);
#2683 = DEFINITIONAL_REPRESENTATION('',(#2684),#2688);
#2684 = LINE('',#2685,#2686);
#2685 = CARTESIAN_POINT('',(0.,10.));
#2686 = VECTOR('',#2687,1.);
#2687 = DIRECTION('',(1.,0.));
#2688 = ( GEOMETRIC_REPRESENTATION_CONTEXT(2) 
PARAMETRIC_REPRESENTATION_CONTEXT() REPRESENTATION_CONTEXT('2D SPACE',''
  ) );
#2689 = PCURVE('',#45,#2690);
#2690 = DEFINITIONAL_REPRESENTATION('',(#2691),#2695);
#2691 = CIRCLE('',#2692,110.);
#2692 = AXIS2_PLACEMENT_2D('',#2693,#2694);
#2693 = CARTESIAN_POINT('',(0.,0.));
#2694 = DIRECTION('',(1.,0.));
#2695 = ( GEOMETRIC_REPRESENTATION_CONTEXT(2) 
PARAMETRIC_REPRESENTATION_CONTEXT() REPRESENTATION_CONTEXT('2D SPACE',''
  ) );
#2696 = ORIENTED_EDGE('',*,*,#2697,.F.);
#2697 = EDGE_CURVE('',#2698,#2674,#2700,.T.);
#2698 = VERTEX_POINT('',#2699);
#2699 = CARTESIAN_POINT('',(-156.,-195.,709.83624174196));
#2700 = SURFACE_CURVE('',#2701,(#2705,#2711),.PCURVE_S1.);
#2701 = LINE('',#2702,#2703);
#2702 = CARTESIAN_POINT('',(-156.,-195.,709.83624174196));
#2703 = VECTOR('',#2704,1.);
#2704 = DIRECTION('',(0.,-1.,2.22044604925E-16));
#2705 = PCURVE('',#2640,#2706);
#2706 = DEFINITIONAL_REPRESENTATION('',(#2707),#2710);
#2707 = B_SPLINE_CURVE_WITH_KNOTS('',1,(#2708,#2709),.UNSPECIFIED.,.F.,
  .F.,(2,2),(-5.999999928008E-07,10.0000006),.PIECEWISE_BEZIER_KNOTS.);
#2708 = CARTESIAN_POINT('',(1.62536886495,-5.99999996834E-07));
#2709 = CARTESIAN_POINT('',(1.62536886495,10.0000006));
#2710 = ( GEOMETRIC_REPRESENTATION_CONTEXT(2) 
PARAMETRIC_REPRESENTATION_CONTEXT() REPRESENTATION_CONTEXT('2D SPACE',''
  ) );
#2711 = PCURVE('',#2712,#2717);
#2712 = PLANE('',#2713);
#2713 = AXIS2_PLACEMENT_3D('',#2714,#2715,#2716);
#2714 = CARTESIAN_POINT('',(-156.,-207.,696.));
#2715 = DIRECTION('',(-1.,0.,2.22044604925E-16));
#2716 = DIRECTION('',(2.22044604925E-16,0.,1.));
#2717 = DEFINITIONAL_REPRESENTATION('',(#2718),#2721);
#2718 = B_SPLINE_CURVE_WITH_KNOTS('',1,(#2719,#2720),.UNSPECIFIED.,.F.,
  .F.,(2,2),(-5.999999928008E-07,10.0000006),.PIECEWISE_BEZIER_KNOTS.);
#2719 = CARTESIAN_POINT('',(13.836241741968,12.0000006));
#2720 = CARTESIAN_POINT('',(13.836241741968,1.9999994));
#2721 = ( GEOMETRIC_REPRESENTATION_CONTEXT(2) 
PARAMETRIC_REPRESENTATION_CONTEXT() REPRESENTATION_CONTEXT('2D SPACE',''
  ) );
#2722 = ORIENTED_EDGE('',*,*,#2723,.T.);
#2723 = EDGE_CURVE('',#2698,#2626,#2724,.T.);
#2724 = SURFACE_CURVE('',#2725,(#2730,#2737),.PCURVE_S1.);
#2725 = CIRCLE('',#2726,110.);
#2726 = AXIS2_PLACEMENT_3D('',#2727,#2728,#2729);
#2727 = CARTESIAN_POINT('',(-150.,-195.,600.));
#2728 = DIRECTION('',(0.,-1.,2.22044604925E-16));
#2729 = DIRECTION('',(1.,0.,0.));
#2730 = PCURVE('',#2640,#2731);
#2731 = DEFINITIONAL_REPRESENTATION('',(#2732),#2736);
#2732 = LINE('',#2733,#2734);
#2733 = CARTESIAN_POINT('',(0.,0.));
#2734 = VECTOR('',#2735,1.);
#2735 = DIRECTION('',(1.,0.));
#2736 = ( GEOMETRIC_REPRESENTATION_CONTEXT(2) 
PARAMETRIC_REPRESENTATION_CONTEXT() REPRESENTATION_CONTEXT('2D SPACE',''
  ) );
#2737 = PCURVE('',#100,#2738);
#2738 = DEFINITIONAL_REPRESENTATION('',(#2739),#2743);
#2739 = CIRCLE('',#2740,110.);
#2740 = AXIS2_PLACEMENT_2D('',#2741,#2742);
#2741 = CARTESIAN_POINT('',(0.,0.));
#2742 = DIRECTION('',(1.,0.));
#2743 = ( GEOMETRIC_REPRESENTATION_CONTEXT(2) 
PARAMETRIC_REPRESENTATION_CONTEXT() REPRESENTATION_CONTEXT('2D SPACE',''
  ) );
#2744 = ORIENTED_EDGE('',*,*,#2625,.T.);
#2745 = ADVANCED_FACE('',(#2746),#2712,.F.);
#2746 = FACE_BOUND('',#2747,.F.);
#2747 = EDGE_LOOP('',(#2748,#2778,#2797,#2798));
#2748 = ORIENTED_EDGE('',*,*,#2749,.F.);
#2749 = EDGE_CURVE('',#2750,#2752,#2754,.T.);
#2750 = VERTEX_POINT('',#2751);
#2751 = CARTESIAN_POINT('',(-156.,-205.,696.));
#2752 = VERTEX_POINT('',#2753);
#2753 = CARTESIAN_POINT('',(-156.,-195.,696.));
#2754 = SURFACE_CURVE('',#2755,(#2759,#2766),.PCURVE_S1.);
#2755 = LINE('',#2756,#2757);
#2756 = CARTESIAN_POINT('',(-156.,-207.,696.));
#2757 = VECTOR('',#2758,1.);
#2758 = DIRECTION('',(-0.,1.,0.));
#2759 = PCURVE('',#2712,#2760);
#2760 = DEFINITIONAL_REPRESENTATION('',(#2761),#2765);
#2761 = LINE('',#2762,#2763);
#2762 = CARTESIAN_POINT('',(0.,0.));
#2763 = VECTOR('',#2764,1.);
#2764 = DIRECTION('',(0.,1.));
#2765 = ( GEOMETRIC_REPRESENTATION_CONTEXT(2) 
PARAMETRIC_REPRESENTATION_CONTEXT() REPRESENTATION_CONTEXT('2D SPACE',''
  ) );
#2766 = PCURVE('',#2767,#2772);
#2767 = PLANE('',#2768);
#2768 = AXIS2_PLACEMENT_3D('',#2769,#2770,#2771);
#2769 = CARTESIAN_POINT('',(-144.,-207.,696.));
#2770 = DIRECTION('',(2.22044604925E-16,0.,1.));
#2771 = DIRECTION('',(-1.,0.,2.22044604925E-16));
#2772 = DEFINITIONAL_REPRESENTATION('',(#2773),#2777);
#2773 = LINE('',#2774,#2775);
#2774 = CARTESIAN_POINT('',(12.,0.));
#2775 = VECTOR('',#2776,1.);
#2776 = DIRECTION('',(0.,-1.));
#2777 = ( GEOMETRIC_REPRESENTATION_CONTEXT(2) 
PARAMETRIC_REPRESENTATION_CONTEXT() REPRESENTATION_CONTEXT('2D SPACE',''
  ) );
#2778 = ORIENTED_EDGE('',*,*,#2779,.F.);
#2779 = EDGE_CURVE('',#2674,#2750,#2780,.T.);
#2780 = SURFACE_CURVE('',#2781,(#2785,#2791),.PCURVE_S1.);
#2781 = LINE('',#2782,#2783);
#2782 = CARTESIAN_POINT('',(-156.,-205.,648.));
#2783 = VECTOR('',#2784,1.);
#2784 = DIRECTION('',(-2.22044604925E-16,-2.22044604925E-16,-1.));
#2785 = PCURVE('',#2712,#2786);
#2786 = DEFINITIONAL_REPRESENTATION('',(#2787),#2790);
#2787 = B_SPLINE_CURVE_WITH_KNOTS('',1,(#2788,#2789),.UNSPECIFIED.,.F.,
  .F.,(2,2),(-62.,-48.),.PIECEWISE_BEZIER_KNOTS.);
#2788 = CARTESIAN_POINT('',(14.,2.));
#2789 = CARTESIAN_POINT('',(0.,2.));
#2790 = ( GEOMETRIC_REPRESENTATION_CONTEXT(2) 
PARAMETRIC_REPRESENTATION_CONTEXT() REPRESENTATION_CONTEXT('2D SPACE',''
  ) );
#2791 = PCURVE('',#45,#2792);
#2792 = DEFINITIONAL_REPRESENTATION('',(#2793),#2796);
#2793 = B_SPLINE_CURVE_WITH_KNOTS('',1,(#2794,#2795),.UNSPECIFIED.,.F.,
  .F.,(2,2),(-62.,-48.),.PIECEWISE_BEZIER_KNOTS.);
#2794 = CARTESIAN_POINT('',(-6.,110.));
#2795 = CARTESIAN_POINT('',(-6.,96.));
#2796 = ( GEOMETRIC_REPRESENTATION_CONTEXT(2) 
PARAMETRIC_REPRESENTATION_CONTEXT() REPRESENTATION_CONTEXT('2D SPACE',''
  ) );
#2797 = ORIENTED_EDGE('',*,*,#2697,.F.);
#2798 = ORIENTED_EDGE('',*,*,#2799,.T.);
#2799 = EDGE_CURVE('',#2698,#2752,#2800,.T.);
#2800 = SURFACE_CURVE('',#2801,(#2805,#2811),.PCURVE_S1.);
#2801 = LINE('',#2802,#2803);
#2802 = CARTESIAN_POINT('',(-156.,-195.,648.));
#2803 = VECTOR('',#2804,1.);
#2804 = DIRECTION('',(-2.22044604925E-16,-2.22044604925E-16,-1.));
#2805 = PCURVE('',#2712,#2806);
#2806 = DEFINITIONAL_REPRESENTATION('',(#2807),#2810);
#2807 = B_SPLINE_CURVE_WITH_KNOTS('',1,(#2808,#2809),.UNSPECIFIED.,.F.,
  .F.,(2,2),(-62.,-48.),.PIECEWISE_BEZIER_KNOTS.);
#2808 = CARTESIAN_POINT('',(14.,12.));
#2809 = CARTESIAN_POINT('',(0.,12.));
#2810 = ( GEOMETRIC_REPRESENTATION_CONTEXT(2) 
PARAMETRIC_REPRESENTATION_CONTEXT() REPRESENTATION_CONTEXT('2D SPACE',''
  ) );
#2811 = PCURVE('',#100,#2812);
#2812 = DEFINITIONAL_REPRESENTATION('',(#2813),#2816);
#2813 = B_SPLINE_CURVE_WITH_KNOTS('',1,(#2814,#2815),.UNSPECIFIED.,.F.,
  .F.,(2,2),(-62.,-48.),.PIECEWISE_BEZIER_KNOTS.);
#2814 = CARTESIAN_POINT('',(-6.,110.));
#2815 = CARTESIAN_POINT('',(-6.,96.));
#2816 = ( GEOMETRIC_REPRESENTATION_CONTEXT(2) 
PARAMETRIC_REPRESENTATION_CONTEXT() REPRESENTATION_CONTEXT('2D SPACE',''
  ) );
#2817 = ADVANCED_FACE('',(#2818),#2767,.T.);
#2818 = FACE_BOUND('',#2819,.T.);
#2819 = EDGE_LOOP('',(#2820,#2821,#2842,#2870));
#2820 = ORIENTED_EDGE('',*,*,#2749,.F.);
#2821 = ORIENTED_EDGE('',*,*,#2822,.F.);
#2822 = EDGE_CURVE('',#2823,#2750,#2825,.T.);
#2823 = VERTEX_POINT('',#2824);
#2824 = CARTESIAN_POINT('',(-144.,-205.,696.));
#2825 = SURFACE_CURVE('',#2826,(#2830,#2836),.PCURVE_S1.);
#2826 = LINE('',#2827,#2828);
#2827 = CARTESIAN_POINT('',(-147.,-205.,696.));
#2828 = VECTOR('',#2829,1.);
#2829 = DIRECTION('',(-1.,4.930380657631E-32,2.22044604925E-16));
#2830 = PCURVE('',#2767,#2831);
#2831 = DEFINITIONAL_REPRESENTATION('',(#2832),#2835);
#2832 = B_SPLINE_CURVE_WITH_KNOTS('',1,(#2833,#2834),.UNSPECIFIED.,.F.,
  .F.,(2,2),(-3.,9.),.PIECEWISE_BEZIER_KNOTS.);
#2833 = CARTESIAN_POINT('',(0.,-2.));
#2834 = CARTESIAN_POINT('',(12.,-2.));
#2835 = ( GEOMETRIC_REPRESENTATION_CONTEXT(2) 
PARAMETRIC_REPRESENTATION_CONTEXT() REPRESENTATION_CONTEXT('2D SPACE',''
  ) );
#2836 = PCURVE('',#45,#2837);
#2837 = DEFINITIONAL_REPRESENTATION('',(#2838),#2841);
#2838 = B_SPLINE_CURVE_WITH_KNOTS('',1,(#2839,#2840),.UNSPECIFIED.,.F.,
  .F.,(2,2),(-3.,9.),.PIECEWISE_BEZIER_KNOTS.);
#2839 = CARTESIAN_POINT('',(6.,96.));
#2840 = CARTESIAN_POINT('',(-6.,96.));
#2841 = ( GEOMETRIC_REPRESENTATION_CONTEXT(2) 
PARAMETRIC_REPRESENTATION_CONTEXT() REPRESENTATION_CONTEXT('2D SPACE',''
  ) );
#2842 = ORIENTED_EDGE('',*,*,#2843,.T.);
#2843 = EDGE_CURVE('',#2823,#2844,#2846,.T.);
#2844 = VERTEX_POINT('',#2845);
#2845 = CARTESIAN_POINT('',(-144.,-195.,696.));
#2846 = SURFACE_CURVE('',#2847,(#2851,#2858),.PCURVE_S1.);
#2847 = LINE('',#2848,#2849);
#2848 = CARTESIAN_POINT('',(-144.,-207.,696.));
#2849 = VECTOR('',#2850,1.);
#2850 = DIRECTION('',(-0.,1.,0.));
#2851 = PCURVE('',#2767,#2852);
#2852 = DEFINITIONAL_REPRESENTATION('',(#2853),#2857);
#2853 = LINE('',#2854,#2855);
#2854 = CARTESIAN_POINT('',(0.,0.));
#2855 = VECTOR('',#2856,1.);
#2856 = DIRECTION('',(0.,-1.));
#2857 = ( GEOMETRIC_REPRESENTATION_CONTEXT(2) 
PARAMETRIC_REPRESENTATION_CONTEXT() REPRESENTATION_CONTEXT('2D SPACE',''
  ) );
#2858 = PCURVE('',#2859,#2864);
#2859 = PLANE('',#2860);
#2860 = AXIS2_PLACEMENT_3D('',#2861,#2862,#2863);
#2861 = CARTESIAN_POINT('',(-144.,-207.,696.));
#2862 = DIRECTION('',(-1.,0.,2.22044604925E-16));
#2863 = DIRECTION('',(2.22044604925E-16,0.,1.));
#2864 = DEFINITIONAL_REPRESENTATION('',(#2865),#2869);
#2865 = LINE('',#2866,#2867);
#2866 = CARTESIAN_POINT('',(0.,0.));
#2867 = VECTOR('',#2868,1.);
#2868 = DIRECTION('',(0.,1.));
#2869 = ( GEOMETRIC_REPRESENTATION_CONTEXT(2) 
PARAMETRIC_REPRESENTATION_CONTEXT() REPRESENTATION_CONTEXT('2D SPACE',''
  ) );
#2870 = ORIENTED_EDGE('',*,*,#2871,.T.);
#2871 = EDGE_CURVE('',#2844,#2752,#2872,.T.);
#2872 = SURFACE_CURVE('',#2873,(#2877,#2883),.PCURVE_S1.);
#2873 = LINE('',#2874,#2875);
#2874 = CARTESIAN_POINT('',(-147.,-195.,696.));
#2875 = VECTOR('',#2876,1.);
#2876 = DIRECTION('',(-1.,4.930380657631E-32,2.22044604925E-16));
#2877 = PCURVE('',#2767,#2878);
#2878 = DEFINITIONAL_REPRESENTATION('',(#2879),#2882);
#2879 = B_SPLINE_CURVE_WITH_KNOTS('',1,(#2880,#2881),.UNSPECIFIED.,.F.,
  .F.,(2,2),(-3.,9.),.PIECEWISE_BEZIER_KNOTS.);
#2880 = CARTESIAN_POINT('',(0.,-12.));
#2881 = CARTESIAN_POINT('',(12.,-12.));
#2882 = ( GEOMETRIC_REPRESENTATION_CONTEXT(2) 
PARAMETRIC_REPRESENTATION_CONTEXT() REPRESENTATION_CONTEXT('2D SPACE',''
  ) );
#2883 = PCURVE('',#100,#2884);
#2884 = DEFINITIONAL_REPRESENTATION('',(#2885),#2888);
#2885 = B_SPLINE_CURVE_WITH_KNOTS('',1,(#2886,#2887),.UNSPECIFIED.,.F.,
  .F.,(2,2),(-3.,9.),.PIECEWISE_BEZIER_KNOTS.);
#2886 = CARTESIAN_POINT('',(6.,96.));
#2887 = CARTESIAN_POINT('',(-6.,96.));
#2888 = ( GEOMETRIC_REPRESENTATION_CONTEXT(2) 
PARAMETRIC_REPRESENTATION_CONTEXT() REPRESENTATION_CONTEXT('2D SPACE',''
  ) );
#2889 = ADVANCED_FACE('',(#2890),#2859,.T.);
#2890 = FACE_BOUND('',#2891,.T.);
#2891 = EDGE_LOOP('',(#2892,#2893,#2914,#2940));
#2892 = ORIENTED_EDGE('',*,*,#2843,.F.);
#2893 = ORIENTED_EDGE('',*,*,#2894,.F.);
#2894 = EDGE_CURVE('',#2895,#2823,#2897,.T.);
#2895 = VERTEX_POINT('',#2896);
#2896 = CARTESIAN_POINT('',(-144.,-205.,709.83624174196));
#2897 = SURFACE_CURVE('',#2898,(#2902,#2908),.PCURVE_S1.);
#2898 = LINE('',#2899,#2900);
#2899 = CARTESIAN_POINT('',(-144.,-205.,648.));
#2900 = VECTOR('',#2901,1.);
#2901 = DIRECTION('',(-2.22044604925E-16,-2.22044604925E-16,-1.));
#2902 = PCURVE('',#2859,#2903);
#2903 = DEFINITIONAL_REPRESENTATION('',(#2904),#2907);
#2904 = B_SPLINE_CURVE_WITH_KNOTS('',1,(#2905,#2906),.UNSPECIFIED.,.F.,
  .F.,(2,2),(-62.,-48.),.PIECEWISE_BEZIER_KNOTS.);
#2905 = CARTESIAN_POINT('',(14.,2.));
#2906 = CARTESIAN_POINT('',(0.,2.));
#2907 = ( GEOMETRIC_REPRESENTATION_CONTEXT(2) 
PARAMETRIC_REPRESENTATION_CONTEXT() REPRESENTATION_CONTEXT('2D SPACE',''
  ) );
#2908 = PCURVE('',#45,#2909);
#2909 = DEFINITIONAL_REPRESENTATION('',(#2910),#2913);
#2910 = B_SPLINE_CURVE_WITH_KNOTS('',1,(#2911,#2912),.UNSPECIFIED.,.F.,
  .F.,(2,2),(-62.,-48.),.PIECEWISE_BEZIER_KNOTS.);
#2911 = CARTESIAN_POINT('',(6.,110.));
#2912 = CARTESIAN_POINT('',(6.,96.));
#2913 = ( GEOMETRIC_REPRESENTATION_CONTEXT(2) 
PARAMETRIC_REPRESENTATION_CONTEXT() REPRESENTATION_CONTEXT('2D SPACE',''
  ) );
#2914 = ORIENTED_EDGE('',*,*,#2915,.F.);
#2915 = EDGE_CURVE('',#2916,#2895,#2918,.T.);
#2916 = VERTEX_POINT('',#2917);
#2917 = CARTESIAN_POINT('',(-144.,-195.,709.83624174196));
#2918 = SURFACE_CURVE('',#2919,(#2923,#2929),.PCURVE_S1.);
#2919 = LINE('',#2920,#2921);
#2920 = CARTESIAN_POINT('',(-144.,-195.,709.83624174196));
#2921 = VECTOR('',#2922,1.);
#2922 = DIRECTION('',(0.,-1.,2.22044604925E-16));
#2923 = PCURVE('',#2859,#2924);
#2924 = DEFINITIONAL_REPRESENTATION('',(#2925),#2928);
#2925 = B_SPLINE_CURVE_WITH_KNOTS('',1,(#2926,#2927),.UNSPECIFIED.,.F.,
  .F.,(2,2),(-5.999999928008E-07,10.0000006),.PIECEWISE_BEZIER_KNOTS.);
#2926 = CARTESIAN_POINT('',(13.836241741968,12.0000006));
#2927 = CARTESIAN_POINT('',(13.836241741968,1.9999994));
#2928 = ( GEOMETRIC_REPRESENTATION_CONTEXT(2) 
PARAMETRIC_REPRESENTATION_CONTEXT() REPRESENTATION_CONTEXT('2D SPACE',''
  ) );
#2929 = PCURVE('',#2930,#2935);
#2930 = CYLINDRICAL_SURFACE('',#2931,110.);
#2931 = AXIS2_PLACEMENT_3D('',#2932,#2933,#2934);
#2932 = CARTESIAN_POINT('',(-150.,-195.,600.));
#2933 = DIRECTION('',(0.,-1.,2.22044604925E-16));
#2934 = DIRECTION('',(1.,0.,0.));
#2935 = DEFINITIONAL_REPRESENTATION('',(#2936),#2939);
#2936 = B_SPLINE_CURVE_WITH_KNOTS('',1,(#2937,#2938),.UNSPECIFIED.,.F.,
  .F.,(2,2),(-5.999999928008E-07,10.0000006),.PIECEWISE_BEZIER_KNOTS.);
#2937 = CARTESIAN_POINT('',(1.51622378864,-5.99999996834E-07));
#2938 = CARTESIAN_POINT('',(1.51622378864,10.0000006));
#2939 = ( GEOMETRIC_REPRESENTATION_CONTEXT(2) 
PARAMETRIC_REPRESENTATION_CONTEXT() REPRESENTATION_CONTEXT('2D SPACE',''
  ) );
#2940 = ORIENTED_EDGE('',*,*,#2941,.T.);
#2941 = EDGE_CURVE('',#2916,#2844,#2942,.T.);
#2942 = SURFACE_CURVE('',#2943,(#2947,#2953),.PCURVE_S1.);
#2943 = LINE('',#2944,#2945);
#2944 = CARTESIAN_POINT('',(-144.,-195.,648.));
#2945 = VECTOR('',#2946,1.);
#2946 = DIRECTION('',(-2.22044604925E-16,-2.22044604925E-16,-1.));
#2947 = PCURVE('',#2859,#2948);
#2948 = DEFINITIONAL_REPRESENTATION('',(#2949),#2952);
#2949 = B_SPLINE_CURVE_WITH_KNOTS('',1,(#2950,#2951),.UNSPECIFIED.,.F.,
  .F.,(2,2),(-62.,-48.),.PIECEWISE_BEZIER_KNOTS.);
#2950 = CARTESIAN_POINT('',(14.,12.));
#2951 = CARTESIAN_POINT('',(0.,12.));
#2952 = ( GEOMETRIC_REPRESENTATION_CONTEXT(2) 
PARAMETRIC_REPRESENTATION_CONTEXT() REPRESENTATION_CONTEXT('2D SPACE',''
  ) );
#2953 = PCURVE('',#100,#2954);
#2954 = DEFINITIONAL_REPRESENTATION('',(#2955),#2958);
#2955 = B_SPLINE_CURVE_WITH_KNOTS('',1,(#2956,#2957),.UNSPECIFIED.,.F.,
  .F.,(2,2),(-62.,-48.),.PIECEWISE_BEZIER_KNOTS.);
#2956 = CARTESIAN_POINT('',(6.,110.));
#2957 = CARTESIAN_POINT('',(6.,96.));
#2958 = ( GEOMETRIC_REPRESENTATION_CONTEXT(2) 
PARAMETRIC_REPRESENTATION_CONTEXT() REPRESENTATION_CONTEXT('2D SPACE',''
  ) );
#2959 = ADVANCED_FACE('',(#2960),#2930,.T.);
#2960 = FACE_BOUND('',#2961,.T.);
#2961 = EDGE_LOOP('',(#2962,#2986,#3012,#3034));
#2962 = ORIENTED_EDGE('',*,*,#2963,.F.);
#2963 = EDGE_CURVE('',#2964,#2895,#2966,.T.);
#2964 = VERTEX_POINT('',#2965);
#2965 = CARTESIAN_POINT('',(-100.2780315517,-205.,698.12097560475));
#2966 = SURFACE_CURVE('',#2967,(#2972,#2979),.PCURVE_S1.);
#2967 = CIRCLE('',#2968,110.);
#2968 = AXIS2_PLACEMENT_3D('',#2969,#2970,#2971);
#2969 = CARTESIAN_POINT('',(-150.,-205.,600.));
#2970 = DIRECTION('',(0.,-1.,2.22044604925E-16));
#2971 = DIRECTION('',(1.,0.,0.));
#2972 = PCURVE('',#2930,#2973);
#2973 = DEFINITIONAL_REPRESENTATION('',(#2974),#2978);
#2974 = LINE('',#2975,#2976);
#2975 = CARTESIAN_POINT('',(0.,10.));
#2976 = VECTOR('',#2977,1.);
#2977 = DIRECTION('',(1.,0.));
#2978 = ( GEOMETRIC_REPRESENTATION_CONTEXT(2) 
PARAMETRIC_REPRESENTATION_CONTEXT() REPRESENTATION_CONTEXT('2D SPACE',''
  ) );
#2979 = PCURVE('',#45,#2980);
#2980 = DEFINITIONAL_REPRESENTATION('',(#2981),#2985);
#2981 = CIRCLE('',#2982,110.);
#2982 = AXIS2_PLACEMENT_2D('',#2983,#2984);
#2983 = CARTESIAN_POINT('',(0.,0.));
#2984 = DIRECTION('',(1.,0.));
#2985 = ( GEOMETRIC_REPRESENTATION_CONTEXT(2) 
PARAMETRIC_REPRESENTATION_CONTEXT() REPRESENTATION_CONTEXT('2D SPACE',''
  ) );
#2986 = ORIENTED_EDGE('',*,*,#2987,.F.);
#2987 = EDGE_CURVE('',#2988,#2964,#2990,.T.);
#2988 = VERTEX_POINT('',#2989);
#2989 = CARTESIAN_POINT('',(-100.2780315517,-195.,698.12097560475));
#2990 = SURFACE_CURVE('',#2991,(#2995,#3001),.PCURVE_S1.);
#2991 = LINE('',#2992,#2993);
#2992 = CARTESIAN_POINT('',(-100.2780315517,-195.,698.12097560475));
#2993 = VECTOR('',#2994,1.);
#2994 = DIRECTION('',(0.,-1.,2.22044604925E-16));
#2995 = PCURVE('',#2930,#2996);
#2996 = DEFINITIONAL_REPRESENTATION('',(#2997),#3000);
#2997 = B_SPLINE_CURVE_WITH_KNOTS('',1,(#2998,#2999),.UNSPECIFIED.,.F.,
  .F.,(2,2),(-5.999999928008E-07,10.0000006),.PIECEWISE_BEZIER_KNOTS.);
#2998 = CARTESIAN_POINT('',(1.101770089351,-5.999999994353E-07));
#2999 = CARTESIAN_POINT('',(1.101770089351,10.0000006));
#3000 = ( GEOMETRIC_REPRESENTATION_CONTEXT(2) 
PARAMETRIC_REPRESENTATION_CONTEXT() REPRESENTATION_CONTEXT('2D SPACE',''
  ) );
#3001 = PCURVE('',#3002,#3007);
#3002 = PLANE('',#3003);
#3003 = AXIS2_PLACEMENT_3D('',#3004,#3005,#3006);
#3004 = CARTESIAN_POINT('',(-107.1961524227,-207.,686.1384387633));
#3005 = DIRECTION('',(-0.866025403784,0.,0.5));
#3006 = DIRECTION('',(0.5,0.,0.866025403784));
#3007 = DEFINITIONAL_REPRESENTATION('',(#3008),#3011);
#3008 = B_SPLINE_CURVE_WITH_KNOTS('',1,(#3009,#3010),.UNSPECIFIED.,.F.,
  .F.,(2,2),(-5.999999928008E-07,10.0000006),.PIECEWISE_BEZIER_KNOTS.);
#3009 = CARTESIAN_POINT('',(13.836241741968,12.0000006));
#3010 = CARTESIAN_POINT('',(13.836241741968,1.9999994));
#3011 = ( GEOMETRIC_REPRESENTATION_CONTEXT(2) 
PARAMETRIC_REPRESENTATION_CONTEXT() REPRESENTATION_CONTEXT('2D SPACE',''
  ) );
#3012 = ORIENTED_EDGE('',*,*,#3013,.T.);
#3013 = EDGE_CURVE('',#2988,#2916,#3014,.T.);
#3014 = SURFACE_CURVE('',#3015,(#3020,#3027),.PCURVE_S1.);
#3015 = CIRCLE('',#3016,110.);
#3016 = AXIS2_PLACEMENT_3D('',#3017,#3018,#3019);
#3017 = CARTESIAN_POINT('',(-150.,-195.,600.));
#3018 = DIRECTION('',(0.,-1.,2.22044604925E-16));
#3019 = DIRECTION('',(1.,0.,0.));
#3020 = PCURVE('',#2930,#3021);
#3021 = DEFINITIONAL_REPRESENTATION('',(#3022),#3026);
#3022 = LINE('',#3023,#3024);
#3023 = CARTESIAN_POINT('',(0.,0.));
#3024 = VECTOR('',#3025,1.);
#3025 = DIRECTION('',(1.,0.));
#3026 = ( GEOMETRIC_REPRESENTATION_CONTEXT(2) 
PARAMETRIC_REPRESENTATION_CONTEXT() REPRESENTATION_CONTEXT('2D SPACE',''
  ) );
#3027 = PCURVE('',#100,#3028);
#3028 = DEFINITIONAL_REPRESENTATION('',(#3029),#3033);
#3029 = CIRCLE('',#3030,110.);
#3030 = AXIS2_PLACEMENT_2D('',#3031,#3032);
#3031 = CARTESIAN_POINT('',(0.,0.));
#3032 = DIRECTION('',(1.,0.));
#3033 = ( GEOMETRIC_REPRESENTATION_CONTEXT(2) 
PARAMETRIC_REPRESENTATION_CONTEXT() REPRESENTATION_CONTEXT('2D SPACE',''
  ) );
#3034 = ORIENTED_EDGE('',*,*,#2915,.T.);
#3035 = ADVANCED_FACE('',(#3036),#3002,.F.);
#3036 = FACE_BOUND('',#3037,.F.);
#3037 = EDGE_LOOP('',(#3038,#3068,#3087,#3088));
#3038 = ORIENTED_EDGE('',*,*,#3039,.F.);
#3039 = EDGE_CURVE('',#3040,#3042,#3044,.T.);
#3040 = VERTEX_POINT('',#3041);
#3041 = CARTESIAN_POINT('',(-107.1961524227,-205.,686.1384387633));
#3042 = VERTEX_POINT('',#3043);
#3043 = CARTESIAN_POINT('',(-107.1961524227,-195.,686.1384387633));
#3044 = SURFACE_CURVE('',#3045,(#3049,#3056),.PCURVE_S1.);
#3045 = LINE('',#3046,#3047);
#3046 = CARTESIAN_POINT('',(-107.1961524227,-207.,686.1384387633));
#3047 = VECTOR('',#3048,1.);
#3048 = DIRECTION('',(-0.,1.,0.));
#3049 = PCURVE('',#3002,#3050);
#3050 = DEFINITIONAL_REPRESENTATION('',(#3051),#3055);
#3051 = LINE('',#3052,#3053);
#3052 = CARTESIAN_POINT('',(0.,0.));
#3053 = VECTOR('',#3054,1.);
#3054 = DIRECTION('',(0.,1.));
#3055 = ( GEOMETRIC_REPRESENTATION_CONTEXT(2) 
PARAMETRIC_REPRESENTATION_CONTEXT() REPRESENTATION_CONTEXT('2D SPACE',''
  ) );
#3056 = PCURVE('',#3057,#3062);
#3057 = PLANE('',#3058);
#3058 = AXIS2_PLACEMENT_3D('',#3059,#3060,#3061);
#3059 = CARTESIAN_POINT('',(-96.80384757729,-207.,680.1384387633));
#3060 = DIRECTION('',(0.5,0.,0.866025403784));
#3061 = DIRECTION('',(-0.866025403784,0.,0.5));
#3062 = DEFINITIONAL_REPRESENTATION('',(#3063),#3067);
#3063 = LINE('',#3064,#3065);
#3064 = CARTESIAN_POINT('',(12.,0.));
#3065 = VECTOR('',#3066,1.);
#3066 = DIRECTION('',(0.,-1.));
#3067 = ( GEOMETRIC_REPRESENTATION_CONTEXT(2) 
PARAMETRIC_REPRESENTATION_CONTEXT() REPRESENTATION_CONTEXT('2D SPACE',''
  ) );
#3068 = ORIENTED_EDGE('',*,*,#3069,.F.);
#3069 = EDGE_CURVE('',#2964,#3040,#3070,.T.);
#3070 = SURFACE_CURVE('',#3071,(#3075,#3081),.PCURVE_S1.);
#3071 = LINE('',#3072,#3073);
#3072 = CARTESIAN_POINT('',(-131.1961524227,-205.,644.56921938165));
#3073 = VECTOR('',#3074,1.);
#3074 = DIRECTION('',(-0.5,-1.922962686384E-16,-0.866025403784));
#3075 = PCURVE('',#3002,#3076);
#3076 = DEFINITIONAL_REPRESENTATION('',(#3077),#3080);
#3077 = B_SPLINE_CURVE_WITH_KNOTS('',1,(#3078,#3079),.UNSPECIFIED.,.F.,
  .F.,(2,2),(-64.,-48.),.PIECEWISE_BEZIER_KNOTS.);
#3078 = CARTESIAN_POINT('',(16.,2.));
#3079 = CARTESIAN_POINT('',(0.,2.));
#3080 = ( GEOMETRIC_REPRESENTATION_CONTEXT(2) 
PARAMETRIC_REPRESENTATION_CONTEXT() REPRESENTATION_CONTEXT('2D SPACE',''
  ) );
#3081 = PCURVE('',#45,#3082);
#3082 = DEFINITIONAL_REPRESENTATION('',(#3083),#3086);
#3083 = B_SPLINE_CURVE_WITH_KNOTS('',1,(#3084,#3085),.UNSPECIFIED.,.F.,
  .F.,(2,2),(-64.,-48.),.PIECEWISE_BEZIER_KNOTS.);
#3084 = CARTESIAN_POINT('',(50.803847577293,99.994845223857));
#3085 = CARTESIAN_POINT('',(42.803847577293,86.138438763306));
#3086 = ( GEOMETRIC_REPRESENTATION_CONTEXT(2) 
PARAMETRIC_REPRESENTATION_CONTEXT() REPRESENTATION_CONTEXT('2D SPACE',''
  ) );
#3087 = ORIENTED_EDGE('',*,*,#2987,.F.);
#3088 = ORIENTED_EDGE('',*,*,#3089,.T.);
#3089 = EDGE_CURVE('',#2988,#3042,#3090,.T.);
#3090 = SURFACE_CURVE('',#3091,(#3095,#3101),.PCURVE_S1.);
#3091 = LINE('',#3092,#3093);
#3092 = CARTESIAN_POINT('',(-131.1961524227,-195.,644.56921938165));
#3093 = VECTOR('',#3094,1.);
#3094 = DIRECTION('',(-0.5,-1.922962686384E-16,-0.866025403784));
#3095 = PCURVE('',#3002,#3096);
#3096 = DEFINITIONAL_REPRESENTATION('',(#3097),#3100);
#3097 = B_SPLINE_CURVE_WITH_KNOTS('',1,(#3098,#3099),.UNSPECIFIED.,.F.,
  .F.,(2,2),(-64.,-48.),.PIECEWISE_BEZIER_KNOTS.);
#3098 = CARTESIAN_POINT('',(16.,12.));
#3099 = CARTESIAN_POINT('',(0.,12.));
#3100 = ( GEOMETRIC_REPRESENTATION_CONTEXT(2) 
PARAMETRIC_REPRESENTATION_CONTEXT() REPRESENTATION_CONTEXT('2D SPACE',''
  ) );
#3101 = PCURVE('',#100,#3102);
#3102 = DEFINITIONAL_REPRESENTATION('',(#3103),#3106);
#3103 = B_SPLINE_CURVE_WITH_KNOTS('',1,(#3104,#3105),.UNSPECIFIED.,.F.,
  .F.,(2,2),(-64.,-48.),.PIECEWISE_BEZIER_KNOTS.);
#3104 = CARTESIAN_POINT('',(50.803847577293,99.994845223857));
#3105 = CARTESIAN_POINT('',(42.803847577293,86.138438763306));
#3106 = ( GEOMETRIC_REPRESENTATION_CONTEXT(2) 
PARAMETRIC_REPRESENTATION_CONTEXT() REPRESENTATION_CONTEXT('2D SPACE',''
  ) );
#3107 = ADVANCED_FACE('',(#3108),#3057,.T.);
#3108 = FACE_BOUND('',#3109,.T.);
#3109 = EDGE_LOOP('',(#3110,#3111,#3132,#3160));
#3110 = ORIENTED_EDGE('',*,*,#3039,.F.);
#3111 = ORIENTED_EDGE('',*,*,#3112,.F.);
#3112 = EDGE_CURVE('',#3113,#3040,#3115,.T.);
#3113 = VERTEX_POINT('',#3114);
#3114 = CARTESIAN_POINT('',(-96.80384757729,-205.,680.1384387633));
#3115 = SURFACE_CURVE('',#3116,(#3120,#3126),.PCURVE_S1.);
#3116 = LINE('',#3117,#3118);
#3117 = CARTESIAN_POINT('',(-99.40192378864,-205.,681.6384387633));
#3118 = VECTOR('',#3119,1.);
#3119 = DIRECTION('',(-0.866025403784,1.110223024625E-16,0.5));
#3120 = PCURVE('',#3057,#3121);
#3121 = DEFINITIONAL_REPRESENTATION('',(#3122),#3125);
#3122 = B_SPLINE_CURVE_WITH_KNOTS('',1,(#3123,#3124),.UNSPECIFIED.,.F.,
  .F.,(2,2),(-3.,9.),.PIECEWISE_BEZIER_KNOTS.);
#3123 = CARTESIAN_POINT('',(0.,-2.));
#3124 = CARTESIAN_POINT('',(12.,-2.));
#3125 = ( GEOMETRIC_REPRESENTATION_CONTEXT(2) 
PARAMETRIC_REPRESENTATION_CONTEXT() REPRESENTATION_CONTEXT('2D SPACE',''
  ) );
#3126 = PCURVE('',#45,#3127);
#3127 = DEFINITIONAL_REPRESENTATION('',(#3128),#3131);
#3128 = B_SPLINE_CURVE_WITH_KNOTS('',1,(#3129,#3130),.UNSPECIFIED.,.F.,
  .F.,(2,2),(-3.,9.),.PIECEWISE_BEZIER_KNOTS.);
#3129 = CARTESIAN_POINT('',(53.196152422707,80.138438763306));
#3130 = CARTESIAN_POINT('',(42.803847577293,86.138438763306));
#3131 = ( GEOMETRIC_REPRESENTATION_CONTEXT(2) 
PARAMETRIC_REPRESENTATION_CONTEXT() REPRESENTATION_CONTEXT('2D SPACE',''
  ) );
#3132 = ORIENTED_EDGE('',*,*,#3133,.T.);
#3133 = EDGE_CURVE('',#3113,#3134,#3136,.T.);
#3134 = VERTEX_POINT('',#3135);
#3135 = CARTESIAN_POINT('',(-96.80384757729,-195.,680.1384387633));
#3136 = SURFACE_CURVE('',#3137,(#3141,#3148),.PCURVE_S1.);
#3137 = LINE('',#3138,#3139);
#3138 = CARTESIAN_POINT('',(-96.80384757729,-207.,680.1384387633));
#3139 = VECTOR('',#3140,1.);
#3140 = DIRECTION('',(-0.,1.,0.));
#3141 = PCURVE('',#3057,#3142);
#3142 = DEFINITIONAL_REPRESENTATION('',(#3143),#3147);
#3143 = LINE('',#3144,#3145);
#3144 = CARTESIAN_POINT('',(0.,0.));
#3145 = VECTOR('',#3146,1.);
#3146 = DIRECTION('',(0.,-1.));
#3147 = ( GEOMETRIC_REPRESENTATION_CONTEXT(2) 
PARAMETRIC_REPRESENTATION_CONTEXT() REPRESENTATION_CONTEXT('2D SPACE',''
  ) );
#3148 = PCURVE('',#3149,#3154);
#3149 = PLANE('',#3150);
#3150 = AXIS2_PLACEMENT_3D('',#3151,#3152,#3153);
#3151 = CARTESIAN_POINT('',(-96.80384757729,-207.,680.1384387633));
#3152 = DIRECTION('',(-0.866025403784,0.,0.5));
#3153 = DIRECTION('',(0.5,0.,0.866025403784));
#3154 = DEFINITIONAL_REPRESENTATION('',(#3155),#3159);
#3155 = LINE('',#3156,#3157);
#3156 = CARTESIAN_POINT('',(0.,0.));
#3157 = VECTOR('',#3158,1.);
#3158 = DIRECTION('',(0.,1.));
#3159 = ( GEOMETRIC_REPRESENTATION_CONTEXT(2) 
PARAMETRIC_REPRESENTATION_CONTEXT() REPRESENTATION_CONTEXT('2D SPACE',''
  ) );
#3160 = ORIENTED_EDGE('',*,*,#3161,.T.);
#3161 = EDGE_CURVE('',#3134,#3042,#3162,.T.);
#3162 = SURFACE_CURVE('',#3163,(#3167,#3173),.PCURVE_S1.);
#3163 = LINE('',#3164,#3165);
#3164 = CARTESIAN_POINT('',(-99.40192378864,-195.,681.6384387633));
#3165 = VECTOR('',#3166,1.);
#3166 = DIRECTION('',(-0.866025403784,1.110223024625E-16,0.5));
#3167 = PCURVE('',#3057,#3168);
#3168 = DEFINITIONAL_REPRESENTATION('',(#3169),#3172);
#3169 = B_SPLINE_CURVE_WITH_KNOTS('',1,(#3170,#3171),.UNSPECIFIED.,.F.,
  .F.,(2,2),(-3.,9.),.PIECEWISE_BEZIER_KNOTS.);
#3170 = CARTESIAN_POINT('',(0.,-12.));
#3171 = CARTESIAN_POINT('',(12.,-12.));
#3172 = ( GEOMETRIC_REPRESENTATION_CONTEXT(2) 
PARAMETRIC_REPRESENTATION_CONTEXT() REPRESENTATION_CONTEXT('2D SPACE',''
  ) );
#3173 = PCURVE('',#100,#3174);
#3174 = DEFINITIONAL_REPRESENTATION('',(#3175),#3178);
#3175 = B_SPLINE_CURVE_WITH_KNOTS('',1,(#3176,#3177),.UNSPECIFIED.,.F.,
  .F.,(2,2),(-3.,9.),.PIECEWISE_BEZIER_KNOTS.);
#3176 = CARTESIAN_POINT('',(53.196152422707,80.138438763306));
#3177 = CARTESIAN_POINT('',(42.803847577293,86.138438763306));
#3178 = ( GEOMETRIC_REPRESENTATION_CONTEXT(2) 
PARAMETRIC_REPRESENTATION_CONTEXT() REPRESENTATION_CONTEXT('2D SPACE',''
  ) );
#3179 = ADVANCED_FACE('',(#3180),#3149,.T.);
#3180 = FACE_BOUND('',#3181,.T.);
#3181 = EDGE_LOOP('',(#3182,#3183,#3204,#3230));
#3182 = ORIENTED_EDGE('',*,*,#3133,.F.);
#3183 = ORIENTED_EDGE('',*,*,#3184,.F.);
#3184 = EDGE_CURVE('',#3185,#3113,#3187,.T.);
#3185 = VERTEX_POINT('',#3186);
#3186 = CARTESIAN_POINT('',(-89.8857267063,-205.,692.12097560475));
#3187 = SURFACE_CURVE('',#3188,(#3192,#3198),.PCURVE_S1.);
#3188 = LINE('',#3189,#3190);
#3189 = CARTESIAN_POINT('',(-120.8038475772,-205.,638.56921938165));
#3190 = VECTOR('',#3191,1.);
#3191 = DIRECTION('',(-0.5,-1.922962686384E-16,-0.866025403784));
#3192 = PCURVE('',#3149,#3193);
#3193 = DEFINITIONAL_REPRESENTATION('',(#3194),#3197);
#3194 = B_SPLINE_CURVE_WITH_KNOTS('',1,(#3195,#3196),.UNSPECIFIED.,.F.,
  .F.,(2,2),(-64.,-48.),.PIECEWISE_BEZIER_KNOTS.);
#3195 = CARTESIAN_POINT('',(16.,2.));
#3196 = CARTESIAN_POINT('',(0.,2.));
#3197 = ( GEOMETRIC_REPRESENTATION_CONTEXT(2) 
PARAMETRIC_REPRESENTATION_CONTEXT() REPRESENTATION_CONTEXT('2D SPACE',''
  ) );
#3198 = PCURVE('',#45,#3199);
#3199 = DEFINITIONAL_REPRESENTATION('',(#3200),#3203);
#3200 = B_SPLINE_CURVE_WITH_KNOTS('',1,(#3201,#3202),.UNSPECIFIED.,.F.,
  .F.,(2,2),(-64.,-48.),.PIECEWISE_BEZIER_KNOTS.);
#3201 = CARTESIAN_POINT('',(61.196152422707,93.994845223857));
#3202 = CARTESIAN_POINT('',(53.196152422707,80.138438763306));
#3203 = ( GEOMETRIC_REPRESENTATION_CONTEXT(2) 
PARAMETRIC_REPRESENTATION_CONTEXT() REPRESENTATION_CONTEXT('2D SPACE',''
  ) );
#3204 = ORIENTED_EDGE('',*,*,#3205,.F.);
#3205 = EDGE_CURVE('',#3206,#3185,#3208,.T.);
#3206 = VERTEX_POINT('',#3207);
#3207 = CARTESIAN_POINT('',(-89.8857267063,-195.,692.12097560475));
#3208 = SURFACE_CURVE('',#3209,(#3213,#3219),.PCURVE_S1.);
#3209 = LINE('',#3210,#3211);
#3210 = CARTESIAN_POINT('',(-89.8857267063,-195.,692.12097560475));
#3211 = VECTOR('',#3212,1.);
#3212 = DIRECTION('',(0.,-1.,2.22044604925E-16));
#3213 = PCURVE('',#3149,#3214);
#3214 = DEFINITIONAL_REPRESENTATION('',(#3215),#3218);
#3215 = B_SPLINE_CURVE_WITH_KNOTS('',1,(#3216,#3217),.UNSPECIFIED.,.F.,
  .F.,(2,2),(-5.999999928008E-07,10.0000006),.PIECEWISE_BEZIER_KNOTS.);
#3216 = CARTESIAN_POINT('',(13.836241741968,12.0000006));
#3217 = CARTESIAN_POINT('',(13.836241741968,1.9999994));
#3218 = ( GEOMETRIC_REPRESENTATION_CONTEXT(2) 
PARAMETRIC_REPRESENTATION_CONTEXT() REPRESENTATION_CONTEXT('2D SPACE',''
  ) );
#3219 = PCURVE('',#3220,#3225);
#3220 = CYLINDRICAL_SURFACE('',#3221,110.);
#3221 = AXIS2_PLACEMENT_3D('',#3222,#3223,#3224);
#3222 = CARTESIAN_POINT('',(-150.,-195.,600.));
#3223 = DIRECTION('',(0.,-1.,2.22044604925E-16));
#3224 = DIRECTION('',(1.,0.,0.));
#3225 = DEFINITIONAL_REPRESENTATION('',(#3226),#3229);
#3226 = B_SPLINE_CURVE_WITH_KNOTS('',1,(#3227,#3228),.UNSPECIFIED.,.F.,
  .F.,(2,2),(-5.999999928008E-07,10.0000006),.PIECEWISE_BEZIER_KNOTS.);
#3227 = CARTESIAN_POINT('',(0.992625013042,-6.000000007675E-07));
#3228 = CARTESIAN_POINT('',(0.992625013042,10.0000006));
#3229 = ( GEOMETRIC_REPRESENTATION_CONTEXT(2) 
PARAMETRIC_REPRESENTATION_CONTEXT() REPRESENTATION_CONTEXT('2D SPACE',''
  ) );
#3230 = ORIENTED_EDGE('',*,*,#3231,.T.);
#3231 = EDGE_CURVE('',#3206,#3134,#3232,.T.);
#3232 = SURFACE_CURVE('',#3233,(#3237,#3243),.PCURVE_S1.);
#3233 = LINE('',#3234,#3235);
#3234 = CARTESIAN_POINT('',(-120.8038475772,-195.,638.56921938165));
#3235 = VECTOR('',#3236,1.);
#3236 = DIRECTION('',(-0.5,-1.922962686384E-16,-0.866025403784));
#3237 = PCURVE('',#3149,#3238);
#3238 = DEFINITIONAL_REPRESENTATION('',(#3239),#3242);
#3239 = B_SPLINE_CURVE_WITH_KNOTS('',1,(#3240,#3241),.UNSPECIFIED.,.F.,
  .F.,(2,2),(-64.,-48.),.PIECEWISE_BEZIER_KNOTS.);
#3240 = CARTESIAN_POINT('',(16.,12.));
#3241 = CARTESIAN_POINT('',(0.,12.));
#3242 = ( GEOMETRIC_REPRESENTATION_CONTEXT(2) 
PARAMETRIC_REPRESENTATION_CONTEXT() REPRESENTATION_CONTEXT('2D SPACE',''
  ) );
#3243 = PCURVE('',#100,#3244);
#3244 = DEFINITIONAL_REPRESENTATION('',(#3245),#3248);
#3245 = B_SPLINE_CURVE_WITH_KNOTS('',1,(#3246,#3247),.UNSPECIFIED.,.F.,
  .F.,(2,2),(-64.,-48.),.PIECEWISE_BEZIER_KNOTS.);
#3246 = CARTESIAN_POINT('',(61.196152422707,93.994845223857));
#3247 = CARTESIAN_POINT('',(53.196152422707,80.138438763306));
#3248 = ( GEOMETRIC_REPRESENTATION_CONTEXT(2) 
PARAMETRIC_REPRESENTATION_CONTEXT() REPRESENTATION_CONTEXT('2D SPACE',''
  ) );
#3249 = ADVANCED_FACE('',(#3250),#3220,.T.);
#3250 = FACE_BOUND('',#3251,.T.);
#3251 = EDGE_LOOP('',(#3252,#3276,#3302,#3324));
#3252 = ORIENTED_EDGE('',*,*,#3253,.F.);
#3253 = EDGE_CURVE('',#3254,#3185,#3256,.T.);
#3254 = VERTEX_POINT('',#3255);
#3255 = CARTESIAN_POINT('',(-57.87902439524,-205.,660.11427329369));
#3256 = SURFACE_CURVE('',#3257,(#3262,#3269),.PCURVE_S1.);
#3257 = CIRCLE('',#3258,110.);
#3258 = AXIS2_PLACEMENT_3D('',#3259,#3260,#3261);
#3259 = CARTESIAN_POINT('',(-150.,-205.,600.));
#3260 = DIRECTION('',(0.,-1.,2.22044604925E-16));
#3261 = DIRECTION('',(1.,0.,0.));
#3262 = PCURVE('',#3220,#3263);
#3263 = DEFINITIONAL_REPRESENTATION('',(#3264),#3268);
#3264 = LINE('',#3265,#3266);
#3265 = CARTESIAN_POINT('',(0.,10.));
#3266 = VECTOR('',#3267,1.);
#3267 = DIRECTION('',(1.,0.));
#3268 = ( GEOMETRIC_REPRESENTATION_CONTEXT(2) 
PARAMETRIC_REPRESENTATION_CONTEXT() REPRESENTATION_CONTEXT('2D SPACE',''
  ) );
#3269 = PCURVE('',#45,#3270);
#3270 = DEFINITIONAL_REPRESENTATION('',(#3271),#3275);
#3271 = CIRCLE('',#3272,110.);
#3272 = AXIS2_PLACEMENT_2D('',#3273,#3274);
#3273 = CARTESIAN_POINT('',(0.,0.));
#3274 = DIRECTION('',(1.,0.));
#3275 = ( GEOMETRIC_REPRESENTATION_CONTEXT(2) 
PARAMETRIC_REPRESENTATION_CONTEXT() REPRESENTATION_CONTEXT('2D SPACE',''
  ) );
#3276 = ORIENTED_EDGE('',*,*,#3277,.F.);
#3277 = EDGE_CURVE('',#3278,#3254,#3280,.T.);
#3278 = VERTEX_POINT('',#3279);
#3279 = CARTESIAN_POINT('',(-57.87902439524,-195.,660.11427329369));
#3280 = SURFACE_CURVE('',#3281,(#3285,#3291),.PCURVE_S1.);
#3281 = LINE('',#3282,#3283);
#3282 = CARTESIAN_POINT('',(-57.87902439524,-195.,660.11427329369));
#3283 = VECTOR('',#3284,1.);
#3284 = DIRECTION('',(0.,-1.,2.22044604925E-16));
#3285 = PCURVE('',#3220,#3286);
#3286 = DEFINITIONAL_REPRESENTATION('',(#3287),#3290);
#3287 = B_SPLINE_CURVE_WITH_KNOTS('',1,(#3288,#3289),.UNSPECIFIED.,.F.,
  .F.,(2,2),(-6.000000212225E-07,10.0000006),.PIECEWISE_BEZIER_KNOTS.);
#3288 = CARTESIAN_POINT('',(0.578171313753,-6.000000078745E-07));
#3289 = CARTESIAN_POINT('',(0.578171313753,10.0000006));
#3290 = ( GEOMETRIC_REPRESENTATION_CONTEXT(2) 
PARAMETRIC_REPRESENTATION_CONTEXT() REPRESENTATION_CONTEXT('2D SPACE',''
  ) );
#3291 = PCURVE('',#3292,#3297);
#3292 = PLANE('',#3293);
#3293 = AXIS2_PLACEMENT_3D('',#3294,#3295,#3296);
#3294 = CARTESIAN_POINT('',(-69.86156123669,-207.,653.1961524227));
#3295 = DIRECTION('',(-0.5,0.,0.866025403784));
#3296 = DIRECTION('',(0.866025403784,0.,0.5));
#3297 = DEFINITIONAL_REPRESENTATION('',(#3298),#3301);
#3298 = B_SPLINE_CURVE_WITH_KNOTS('',1,(#3299,#3300),.UNSPECIFIED.,.F.,
  .F.,(2,2),(-6.000000212225E-07,10.0000006),.PIECEWISE_BEZIER_KNOTS.);
#3299 = CARTESIAN_POINT('',(13.836241741968,12.0000006));
#3300 = CARTESIAN_POINT('',(13.836241741968,1.9999994));
#3301 = ( GEOMETRIC_REPRESENTATION_CONTEXT(2) 
PARAMETRIC_REPRESENTATION_CONTEXT() REPRESENTATION_CONTEXT('2D SPACE',''
  ) );
#3302 = ORIENTED_EDGE('',*,*,#3303,.T.);
#3303 = EDGE_CURVE('',#3278,#3206,#3304,.T.);
#3304 = SURFACE_CURVE('',#3305,(#3310,#3317),.PCURVE_S1.);
#3305 = CIRCLE('',#3306,110.);
#3306 = AXIS2_PLACEMENT_3D('',#3307,#3308,#3309);
#3307 = CARTESIAN_POINT('',(-150.,-195.,600.));
#3308 = DIRECTION('',(0.,-1.,2.22044604925E-16));
#3309 = DIRECTION('',(1.,0.,0.));
#3310 = PCURVE('',#3220,#3311);
#3311 = DEFINITIONAL_REPRESENTATION('',(#3312),#3316);
#3312 = LINE('',#3313,#3314);
#3313 = CARTESIAN_POINT('',(0.,0.));
#3314 = VECTOR('',#3315,1.);
#3315 = DIRECTION('',(1.,0.));
#3316 = ( GEOMETRIC_REPRESENTATION_CONTEXT(2) 
PARAMETRIC_REPRESENTATION_CONTEXT() REPRESENTATION_CONTEXT('2D SPACE',''
  ) );
#3317 = PCURVE('',#100,#3318);
#3318 = DEFINITIONAL_REPRESENTATION('',(#3319),#3323);
#3319 = CIRCLE('',#3320,110.);
#3320 = AXIS2_PLACEMENT_2D('',#3321,#3322);
#3321 = CARTESIAN_POINT('',(0.,0.));
#3322 = DIRECTION('',(1.,0.));
#3323 = ( GEOMETRIC_REPRESENTATION_CONTEXT(2) 
PARAMETRIC_REPRESENTATION_CONTEXT() REPRESENTATION_CONTEXT('2D SPACE',''
  ) );
#3324 = ORIENTED_EDGE('',*,*,#3205,.T.);
#3325 = ADVANCED_FACE('',(#3326),#3292,.F.);
#3326 = FACE_BOUND('',#3327,.F.);
#3327 = EDGE_LOOP('',(#3328,#3358,#3377,#3378));
#3328 = ORIENTED_EDGE('',*,*,#3329,.F.);
#3329 = EDGE_CURVE('',#3330,#3332,#3334,.T.);
#3330 = VERTEX_POINT('',#3331);
#3331 = CARTESIAN_POINT('',(-69.86156123669,-205.,653.1961524227));
#3332 = VERTEX_POINT('',#3333);
#3333 = CARTESIAN_POINT('',(-69.86156123669,-195.,653.1961524227));
#3334 = SURFACE_CURVE('',#3335,(#3339,#3346),.PCURVE_S1.);
#3335 = LINE('',#3336,#3337);
#3336 = CARTESIAN_POINT('',(-69.86156123669,-207.,653.1961524227));
#3337 = VECTOR('',#3338,1.);
#3338 = DIRECTION('',(-0.,1.,0.));
#3339 = PCURVE('',#3292,#3340);
#3340 = DEFINITIONAL_REPRESENTATION('',(#3341),#3345);
#3341 = LINE('',#3342,#3343);
#3342 = CARTESIAN_POINT('',(0.,0.));
#3343 = VECTOR('',#3344,1.);
#3344 = DIRECTION('',(0.,1.));
#3345 = ( GEOMETRIC_REPRESENTATION_CONTEXT(2) 
PARAMETRIC_REPRESENTATION_CONTEXT() REPRESENTATION_CONTEXT('2D SPACE',''
  ) );
#3346 = PCURVE('',#3347,#3352);
#3347 = PLANE('',#3348);
#3348 = AXIS2_PLACEMENT_3D('',#3349,#3350,#3351);
#3349 = CARTESIAN_POINT('',(-63.86156123669,-207.,642.80384757729));
#3350 = DIRECTION('',(0.866025403784,0.,0.5));
#3351 = DIRECTION('',(-0.5,0.,0.866025403784));
#3352 = DEFINITIONAL_REPRESENTATION('',(#3353),#3357);
#3353 = LINE('',#3354,#3355);
#3354 = CARTESIAN_POINT('',(12.,0.));
#3355 = VECTOR('',#3356,1.);
#3356 = DIRECTION('',(0.,-1.));
#3357 = ( GEOMETRIC_REPRESENTATION_CONTEXT(2) 
PARAMETRIC_REPRESENTATION_CONTEXT() REPRESENTATION_CONTEXT('2D SPACE',''
  ) );
#3358 = ORIENTED_EDGE('',*,*,#3359,.F.);
#3359 = EDGE_CURVE('',#3254,#3330,#3360,.T.);
#3360 = SURFACE_CURVE('',#3361,(#3365,#3371),.PCURVE_S1.);
#3361 = LINE('',#3362,#3363);
#3362 = CARTESIAN_POINT('',(-111.4307806183,-205.,629.1961524227));
#3363 = VECTOR('',#3364,1.);
#3364 = DIRECTION('',(-0.866025403784,-1.110223024625E-16,-0.5));
#3365 = PCURVE('',#3292,#3366);
#3366 = DEFINITIONAL_REPRESENTATION('',(#3367),#3370);
#3367 = B_SPLINE_CURVE_WITH_KNOTS('',1,(#3368,#3369),.UNSPECIFIED.,.F.,
  .F.,(2,2),(-64.,-48.),.PIECEWISE_BEZIER_KNOTS.);
#3368 = CARTESIAN_POINT('',(16.,2.));
#3369 = CARTESIAN_POINT('',(0.,2.));
#3370 = ( GEOMETRIC_REPRESENTATION_CONTEXT(2) 
PARAMETRIC_REPRESENTATION_CONTEXT() REPRESENTATION_CONTEXT('2D SPACE',''
  ) );
#3371 = PCURVE('',#45,#3372);
#3372 = DEFINITIONAL_REPRESENTATION('',(#3373),#3376);
#3373 = B_SPLINE_CURVE_WITH_KNOTS('',1,(#3374,#3375),.UNSPECIFIED.,.F.,
  .F.,(2,2),(-64.,-48.),.PIECEWISE_BEZIER_KNOTS.);
#3374 = CARTESIAN_POINT('',(93.994845223857,61.196152422707));
#3375 = CARTESIAN_POINT('',(80.138438763306,53.196152422707));
#3376 = ( GEOMETRIC_REPRESENTATION_CONTEXT(2) 
PARAMETRIC_REPRESENTATION_CONTEXT() REPRESENTATION_CONTEXT('2D SPACE',''
  ) );
#3377 = ORIENTED_EDGE('',*,*,#3277,.F.);
#3378 = ORIENTED_EDGE('',*,*,#3379,.T.);
#3379 = EDGE_CURVE('',#3278,#3332,#3380,.T.);
#3380 = SURFACE_CURVE('',#3381,(#3385,#3391),.PCURVE_S1.);
#3381 = LINE('',#3382,#3383);
#3382 = CARTESIAN_POINT('',(-111.4307806183,-195.,629.1961524227));
#3383 = VECTOR('',#3384,1.);
#3384 = DIRECTION('',(-0.866025403784,-1.110223024625E-16,-0.5));
#3385 = PCURVE('',#3292,#3386);
#3386 = DEFINITIONAL_REPRESENTATION('',(#3387),#3390);
#3387 = B_SPLINE_CURVE_WITH_KNOTS('',1,(#3388,#3389),.UNSPECIFIED.,.F.,
  .F.,(2,2),(-64.,-48.),.PIECEWISE_BEZIER_KNOTS.);
#3388 = CARTESIAN_POINT('',(16.,12.));
#3389 = CARTESIAN_POINT('',(0.,12.));
#3390 = ( GEOMETRIC_REPRESENTATION_CONTEXT(2) 
PARAMETRIC_REPRESENTATION_CONTEXT() REPRESENTATION_CONTEXT('2D SPACE',''
  ) );
#3391 = PCURVE('',#100,#3392);
#3392 = DEFINITIONAL_REPRESENTATION('',(#3393),#3396);
#3393 = B_SPLINE_CURVE_WITH_KNOTS('',1,(#3394,#3395),.UNSPECIFIED.,.F.,
  .F.,(2,2),(-64.,-48.),.PIECEWISE_BEZIER_KNOTS.);
#3394 = CARTESIAN_POINT('',(93.994845223857,61.196152422707));
#3395 = CARTESIAN_POINT('',(80.138438763306,53.196152422707));
#3396 = ( GEOMETRIC_REPRESENTATION_CONTEXT(2) 
PARAMETRIC_REPRESENTATION_CONTEXT() REPRESENTATION_CONTEXT('2D SPACE',''
  ) );
#3397 = ADVANCED_FACE('',(#3398),#3347,.T.);
#3398 = FACE_BOUND('',#3399,.T.);
#3399 = EDGE_LOOP('',(#3400,#3401,#3422,#3445));
#3400 = ORIENTED_EDGE('',*,*,#3329,.F.);
#3401 = ORIENTED_EDGE('',*,*,#3402,.F.);
#3402 = EDGE_CURVE('',#3403,#3330,#3405,.T.);
#3403 = VERTEX_POINT('',#3404);
#3404 = CARTESIAN_POINT('',(-63.86156123669,-205.,642.80384757729));
#3405 = SURFACE_CURVE('',#3406,(#3410,#3416),.PCURVE_S1.);
#3406 = LINE('',#3407,#3408);
#3407 = CARTESIAN_POINT('',(-65.36156123669,-205.,645.40192378864));
#3408 = VECTOR('',#3409,1.);
#3409 = DIRECTION('',(-0.5,1.922962686384E-16,0.866025403784));
#3410 = PCURVE('',#3347,#3411);
#3411 = DEFINITIONAL_REPRESENTATION('',(#3412),#3415);
#3412 = B_SPLINE_CURVE_WITH_KNOTS('',1,(#3413,#3414),.UNSPECIFIED.,.F.,
  .F.,(2,2),(-3.,9.),.PIECEWISE_BEZIER_KNOTS.);
#3413 = CARTESIAN_POINT('',(0.,-2.));
#3414 = CARTESIAN_POINT('',(12.,-2.));
#3415 = ( GEOMETRIC_REPRESENTATION_CONTEXT(2) 
PARAMETRIC_REPRESENTATION_CONTEXT() REPRESENTATION_CONTEXT('2D SPACE',''
  ) );
#3416 = PCURVE('',#45,#3417);
#3417 = DEFINITIONAL_REPRESENTATION('',(#3418),#3421);
#3418 = B_SPLINE_CURVE_WITH_KNOTS('',1,(#3419,#3420),.UNSPECIFIED.,.F.,
  .F.,(2,2),(-3.,9.),.PIECEWISE_BEZIER_KNOTS.);
#3419 = CARTESIAN_POINT('',(86.138438763306,42.803847577293));
#3420 = CARTESIAN_POINT('',(80.138438763306,53.196152422707));
#3421 = ( GEOMETRIC_REPRESENTATION_CONTEXT(2) 
PARAMETRIC_REPRESENTATION_CONTEXT() REPRESENTATION_CONTEXT('2D SPACE',''
  ) );
#3422 = ORIENTED_EDGE('',*,*,#3423,.T.);
#3423 = EDGE_CURVE('',#3403,#3424,#3426,.T.);
#3424 = VERTEX_POINT('',#3425);
#3425 = CARTESIAN_POINT('',(-63.86156123669,-195.,642.80384757729));
#3426 = SURFACE_CURVE('',#3427,(#3431,#3438),.PCURVE_S1.);
#3427 = LINE('',#3428,#3429);
#3428 = CARTESIAN_POINT('',(-63.86156123669,-207.,642.80384757729));
#3429 = VECTOR('',#3430,1.);
#3430 = DIRECTION('',(-0.,1.,0.));
#3431 = PCURVE('',#3347,#3432);
#3432 = DEFINITIONAL_REPRESENTATION('',(#3433),#3437);
#3433 = LINE('',#3434,#3435);
#3434 = CARTESIAN_POINT('',(0.,0.));
#3435 = VECTOR('',#3436,1.);
#3436 = DIRECTION('',(0.,-1.));
#3437 = ( GEOMETRIC_REPRESENTATION_CONTEXT(2) 
PARAMETRIC_REPRESENTATION_CONTEXT() REPRESENTATION_CONTEXT('2D SPACE',''
  ) );
#3438 = PCURVE('',#125,#3439);
#3439 = DEFINITIONAL_REPRESENTATION('',(#3440),#3444);
#3440 = LINE('',#3441,#3442);
#3441 = CARTESIAN_POINT('',(0.,0.));
#3442 = VECTOR('',#3443,1.);
#3443 = DIRECTION('',(0.,1.));
#3444 = ( GEOMETRIC_REPRESENTATION_CONTEXT(2) 
PARAMETRIC_REPRESENTATION_CONTEXT() REPRESENTATION_CONTEXT('2D SPACE',''
  ) );
#3445 = ORIENTED_EDGE('',*,*,#3446,.T.);
#3446 = EDGE_CURVE('',#3424,#3332,#3447,.T.);
#3447 = SURFACE_CURVE('',#3448,(#3452,#3458),.PCURVE_S1.);
#3448 = LINE('',#3449,#3450);
#3449 = CARTESIAN_POINT('',(-65.36156123669,-195.,645.40192378864));
#3450 = VECTOR('',#3451,1.);
#3451 = DIRECTION('',(-0.5,1.922962686384E-16,0.866025403784));
#3452 = PCURVE('',#3347,#3453);
#3453 = DEFINITIONAL_REPRESENTATION('',(#3454),#3457);
#3454 = B_SPLINE_CURVE_WITH_KNOTS('',1,(#3455,#3456),.UNSPECIFIED.,.F.,
  .F.,(2,2),(-3.,9.),.PIECEWISE_BEZIER_KNOTS.);
#3455 = CARTESIAN_POINT('',(0.,-12.));
#3456 = CARTESIAN_POINT('',(12.,-12.));
#3457 = ( GEOMETRIC_REPRESENTATION_CONTEXT(2) 
PARAMETRIC_REPRESENTATION_CONTEXT() REPRESENTATION_CONTEXT('2D SPACE',''
  ) );
#3458 = PCURVE('',#100,#3459);
#3459 = DEFINITIONAL_REPRESENTATION('',(#3460),#3463);
#3460 = B_SPLINE_CURVE_WITH_KNOTS('',1,(#3461,#3462),.UNSPECIFIED.,.F.,
  .F.,(2,2),(-3.,9.),.PIECEWISE_BEZIER_KNOTS.);
#3461 = CARTESIAN_POINT('',(86.138438763306,42.803847577293));
#3462 = CARTESIAN_POINT('',(80.138438763306,53.196152422707));
#3463 = ( GEOMETRIC_REPRESENTATION_CONTEXT(2) 
PARAMETRIC_REPRESENTATION_CONTEXT() REPRESENTATION_CONTEXT('2D SPACE',''
  ) );
#3464 = ADVANCED_FACE('',(#3465,#3533),#100,.F.);
#3465 = FACE_BOUND('',#3466,.F.);
#3466 = EDGE_LOOP('',(#3467,#3468,#3469,#3488,#3489,#3490,#3491,#3492,
    #3493,#3494,#3495,#3496,#3497,#3498,#3499,#3500,#3501,#3502,#3503,
    #3504,#3505,#3506,#3507,#3508,#3509,#3510,#3511,#3512,#3513,#3514,
    #3515,#3516,#3517,#3518,#3519,#3520,#3521,#3522,#3523,#3524,#3525,
    #3526,#3527,#3528,#3529,#3530,#3531,#3532));
#3467 = ORIENTED_EDGE('',*,*,#189,.F.);
#3468 = ORIENTED_EDGE('',*,*,#83,.T.);
#3469 = ORIENTED_EDGE('',*,*,#3470,.T.);
#3470 = EDGE_CURVE('',#84,#3424,#3471,.T.);
#3471 = SURFACE_CURVE('',#3472,(#3476,#3482),.PCURVE_S1.);
#3472 = LINE('',#3473,#3474);
#3473 = CARTESIAN_POINT('',(-105.4307806183,-195.,618.80384757729));
#3474 = VECTOR('',#3475,1.);
#3475 = DIRECTION('',(-0.866025403784,-1.110223024625E-16,-0.5));
#3476 = PCURVE('',#100,#3477);
#3477 = DEFINITIONAL_REPRESENTATION('',(#3478),#3481);
#3478 = B_SPLINE_CURVE_WITH_KNOTS('',1,(#3479,#3480),.UNSPECIFIED.,.F.,
  .F.,(2,2),(-64.,-48.),.PIECEWISE_BEZIER_KNOTS.);
#3479 = CARTESIAN_POINT('',(99.994845223857,50.803847577293));
#3480 = CARTESIAN_POINT('',(86.138438763306,42.803847577293));
#3481 = ( GEOMETRIC_REPRESENTATION_CONTEXT(2) 
PARAMETRIC_REPRESENTATION_CONTEXT() REPRESENTATION_CONTEXT('2D SPACE',''
  ) );
#3482 = PCURVE('',#125,#3483);
#3483 = DEFINITIONAL_REPRESENTATION('',(#3484),#3487);
#3484 = B_SPLINE_CURVE_WITH_KNOTS('',1,(#3485,#3486),.UNSPECIFIED.,.F.,
  .F.,(2,2),(-64.,-48.),.PIECEWISE_BEZIER_KNOTS.);
#3485 = CARTESIAN_POINT('',(16.,12.));
#3486 = CARTESIAN_POINT('',(0.,12.));
#3487 = ( GEOMETRIC_REPRESENTATION_CONTEXT(2) 
PARAMETRIC_REPRESENTATION_CONTEXT() REPRESENTATION_CONTEXT('2D SPACE',''
  ) );
#3488 = ORIENTED_EDGE('',*,*,#3446,.T.);
#3489 = ORIENTED_EDGE('',*,*,#3379,.F.);
#3490 = ORIENTED_EDGE('',*,*,#3303,.T.);
#3491 = ORIENTED_EDGE('',*,*,#3231,.T.);
#3492 = ORIENTED_EDGE('',*,*,#3161,.T.);
#3493 = ORIENTED_EDGE('',*,*,#3089,.F.);
#3494 = ORIENTED_EDGE('',*,*,#3013,.T.);
#3495 = ORIENTED_EDGE('',*,*,#2941,.T.);
#3496 = ORIENTED_EDGE('',*,*,#2871,.T.);
#3497 = ORIENTED_EDGE('',*,*,#2799,.F.);
#3498 = ORIENTED_EDGE('',*,*,#2723,.T.);
#3499 = ORIENTED_EDGE('',*,*,#2651,.T.);
#3500 = ORIENTED_EDGE('',*,*,#2581,.T.);
#3501 = ORIENTED_EDGE('',*,*,#2509,.F.);
#3502 = ORIENTED_EDGE('',*,*,#2433,.T.);
#3503 = ORIENTED_EDGE('',*,*,#2361,.T.);
#3504 = ORIENTED_EDGE('',*,*,#2291,.T.);
#3505 = ORIENTED_EDGE('',*,*,#2219,.F.);
#3506 = ORIENTED_EDGE('',*,*,#2143,.T.);
#3507 = ORIENTED_EDGE('',*,*,#2071,.T.);
#3508 = ORIENTED_EDGE('',*,*,#2001,.T.);
#3509 = ORIENTED_EDGE('',*,*,#1929,.F.);
#3510 = ORIENTED_EDGE('',*,*,#1853,.T.);
#3511 = ORIENTED_EDGE('',*,*,#1781,.T.);
#3512 = ORIENTED_EDGE('',*,*,#1711,.T.);
#3513 = ORIENTED_EDGE('',*,*,#1639,.F.);
#3514 = ORIENTED_EDGE('',*,*,#1563,.T.);
#3515 = ORIENTED_EDGE('',*,*,#1491,.T.);
#3516 = ORIENTED_EDGE('',*,*,#1421,.T.);
#3517 = ORIENTED_EDGE('',*,*,#1349,.F.);
#3518 = ORIENTED_EDGE('',*,*,#1273,.T.);
#3519 = ORIENTED_EDGE('',*,*,#1201,.T.);
#3520 = ORIENTED_EDGE('',*,*,#1131,.T.);
#3521 = ORIENTED_EDGE('',*,*,#1059,.F.);
#3522 = ORIENTED_EDGE('',*,*,#983,.T.);
#3523 = ORIENTED_EDGE('',*,*,#911,.T.);
#3524 = ORIENTED_EDGE('',*,*,#841,.T.);
#3525 = ORIENTED_EDGE('',*,*,#769,.F.);
#3526 = ORIENTED_EDGE('',*,*,#693,.T.);
#3527 = ORIENTED_EDGE('',*,*,#621,.T.);
#3528 = ORIENTED_EDGE('',*,*,#551,.T.);
#3529 = ORIENTED_EDGE('',*,*,#479,.F.);
#3530 = ORIENTED_EDGE('',*,*,#403,.T.);
#3531 = ORIENTED_EDGE('',*,*,#331,.T.);
#3532 = ORIENTED_EDGE('',*,*,#261,.T.);
#3533 = FACE_BOUND('',#3534,.F.);
#3534 = EDGE_LOOP('',(#3535));
#3535 = ORIENTED_EDGE('',*,*,#3536,.F.);
#3536 = EDGE_CURVE('',#3537,#3537,#3539,.T.);
#3537 = VERTEX_POINT('',#3538);
#3538 = CARTESIAN_POINT('',(-120.,-195.,600.));
#3539 = SURFACE_CURVE('',#3540,(#3545,#3552),.PCURVE_S1.);
#3540 = CIRCLE('',#3541,30.);
#3541 = AXIS2_PLACEMENT_3D('',#3542,#3543,#3544);
#3542 = CARTESIAN_POINT('',(-150.,-195.,600.));
#3543 = DIRECTION('',(0.,-1.,2.22044604925E-16));
#3544 = DIRECTION('',(1.,0.,0.));
#3545 = PCURVE('',#100,#3546);
#3546 = DEFINITIONAL_REPRESENTATION('',(#3547),#3551);
#3547 = CIRCLE('',#3548,30.);
#3548 = AXIS2_PLACEMENT_2D('',#3549,#3550);
#3549 = CARTESIAN_POINT('',(0.,0.));
#3550 = DIRECTION('',(1.,0.));
#3551 = ( GEOMETRIC_REPRESENTATION_CONTEXT(2) 
PARAMETRIC_REPRESENTATION_CONTEXT() REPRESENTATION_CONTEXT('2D SPACE',''
  ) );
#3552 = PCURVE('',#3553,#3558);
#3553 = CYLINDRICAL_SURFACE('',#3554,30.);
#3554 = AXIS2_PLACEMENT_3D('',#3555,#3556,#3557);
#3555 = CARTESIAN_POINT('',(-150.,-175.,600.));
#3556 = DIRECTION('',(0.,-1.,2.22044604925E-16));
#3557 = DIRECTION('',(1.,0.,0.));
#3558 = DEFINITIONAL_REPRESENTATION('',(#3559),#3563);
#3559 = LINE('',#3560,#3561);
#3560 = CARTESIAN_POINT('',(0.,20.));
#3561 = VECTOR('',#3562,1.);
#3562 = DIRECTION('',(1.,0.));
#3563 = ( GEOMETRIC_REPRESENTATION_CONTEXT(2) 
PARAMETRIC_REPRESENTATION_CONTEXT() REPRESENTATION_CONTEXT('2D SPACE',''
  ) );
#3564 = ADVANCED_FACE('',(#3565),#3553,.T.);
#3565 = FACE_BOUND('',#3566,.T.);
#3566 = EDGE_LOOP('',(#3567,#3568,#3591,#3618));
#3567 = ORIENTED_EDGE('',*,*,#3536,.F.);
#3568 = ORIENTED_EDGE('',*,*,#3569,.F.);
#3569 = EDGE_CURVE('',#3570,#3537,#3572,.T.);
#3570 = VERTEX_POINT('',#3571);
#3571 = CARTESIAN_POINT('',(-120.,-175.,600.));
#3572 = SEAM_CURVE('',#3573,(#3577,#3584),.PCURVE_S1.);
#3573 = LINE('',#3574,#3575);
#3574 = CARTESIAN_POINT('',(-120.,-175.,600.));
#3575 = VECTOR('',#3576,1.);
#3576 = DIRECTION('',(0.,-1.,2.22044604925E-16));
#3577 = PCURVE('',#3553,#3578);
#3578 = DEFINITIONAL_REPRESENTATION('',(#3579),#3583);
#3579 = LINE('',#3580,#3581);
#3580 = CARTESIAN_POINT('',(6.28318530718,-0.));
#3581 = VECTOR('',#3582,1.);
#3582 = DIRECTION('',(0.,1.));
#3583 = ( GEOMETRIC_REPRESENTATION_CONTEXT(2) 
PARAMETRIC_REPRESENTATION_CONTEXT() REPRESENTATION_CONTEXT('2D SPACE',''
  ) );
#3584 = PCURVE('',#3553,#3585);
#3585 = DEFINITIONAL_REPRESENTATION('',(#3586),#3590);
#3586 = LINE('',#3587,#3588);
#3587 = CARTESIAN_POINT('',(0.,-0.));
#3588 = VECTOR('',#3589,1.);
#3589 = DIRECTION('',(0.,1.));
#3590 = ( GEOMETRIC_REPRESENTATION_CONTEXT(2) 
PARAMETRIC_REPRESENTATION_CONTEXT() REPRESENTATION_CONTEXT('2D SPACE',''
  ) );
#3591 = ORIENTED_EDGE('',*,*,#3592,.T.);
#3592 = EDGE_CURVE('',#3570,#3570,#3593,.T.);
#3593 = SURFACE_CURVE('',#3594,(#3599,#3606),.PCURVE_S1.);
#3594 = CIRCLE('',#3595,30.);
#3595 = AXIS2_PLACEMENT_3D('',#3596,#3597,#3598);
#3596 = CARTESIAN_POINT('',(-150.,-175.,600.));
#3597 = DIRECTION('',(0.,-1.,2.22044604925E-16));
#3598 = DIRECTION('',(1.,0.,0.));
#3599 = PCURVE('',#3553,#3600);
#3600 = DEFINITIONAL_REPRESENTATION('',(#3601),#3605);
#3601 = LINE('',#3602,#3603);
#3602 = CARTESIAN_POINT('',(0.,0.));
#3603 = VECTOR('',#3604,1.);
#3604 = DIRECTION('',(1.,0.));
#3605 = ( GEOMETRIC_REPRESENTATION_CONTEXT(2) 
PARAMETRIC_REPRESENTATION_CONTEXT() REPRESENTATION_CONTEXT('2D SPACE',''
  ) );
#3606 = PCURVE('',#3607,#3612);
#3607 = PLANE('',#3608);
#3608 = AXIS2_PLACEMENT_3D('',#3609,#3610,#3611);
#3609 = CARTESIAN_POINT('',(-150.,-175.,600.));
#3610 = DIRECTION('',(0.,-1.,2.22044604925E-16));
#3611 = DIRECTION('',(1.,0.,0.));
#3612 = DEFINITIONAL_REPRESENTATION('',(#3613),#3617);
#3613 = CIRCLE('',#3614,30.);
#3614 = AXIS2_PLACEMENT_2D('',#3615,#3616);
#3615 = CARTESIAN_POINT('',(0.,0.));
#3616 = DIRECTION('',(1.,0.));
#3617 = ( GEOMETRIC_REPRESENTATION_CONTEXT(2) 
PARAMETRIC_REPRESENTATION_CONTEXT() REPRESENTATION_CONTEXT('2D SPACE',''
  ) );
#3618 = ORIENTED_EDGE('',*,*,#3569,.T.);
#3619 = ADVANCED_FACE('',(#3620,#3623),#3607,.F.);
#3620 = FACE_BOUND('',#3621,.F.);
#3621 = EDGE_LOOP('',(#3622));
#3622 = ORIENTED_EDGE('',*,*,#3592,.T.);
#3623 = FACE_BOUND('',#3624,.F.);
#3624 = EDGE_LOOP('',(#3625));
#3625 = ORIENTED_EDGE('',*,*,#3626,.F.);
#3626 = EDGE_CURVE('',#3627,#3627,#3629,.T.);
#3627 = VERTEX_POINT('',#3628);
#3628 = CARTESIAN_POINT('',(-135.,-175.,600.));
#3629 = SURFACE_CURVE('',#3630,(#3635,#3642),.PCURVE_S1.);
#3630 = CIRCLE('',#3631,15.);
#3631 = AXIS2_PLACEMENT_3D('',#3632,#3633,#3634);
#3632 = CARTESIAN_POINT('',(-150.,-175.,600.));
#3633 = DIRECTION('',(0.,-1.,2.22044604925E-16));
#3634 = DIRECTION('',(1.,0.,0.));
#3635 = PCURVE('',#3607,#3636);
#3636 = DEFINITIONAL_REPRESENTATION('',(#3637),#3641);
#3637 = CIRCLE('',#3638,15.);
#3638 = AXIS2_PLACEMENT_2D('',#3639,#3640);
#3639 = CARTESIAN_POINT('',(0.,0.));
#3640 = DIRECTION('',(1.,0.));
#3641 = ( GEOMETRIC_REPRESENTATION_CONTEXT(2) 
PARAMETRIC_REPRESENTATION_CONTEXT() REPRESENTATION_CONTEXT('2D SPACE',''
  ) );
#3642 = PCURVE('',#3643,#3648);
#3643 = CYLINDRICAL_SURFACE('',#3644,15.);
#3644 = AXIS2_PLACEMENT_3D('',#3645,#3646,#3647);
#3645 = CARTESIAN_POINT('',(-150.,-190.,600.));
#3646 = DIRECTION('',(0.,-1.,2.22044604925E-16));
#3647 = DIRECTION('',(1.,0.,0.));
#3648 = DEFINITIONAL_REPRESENTATION('',(#3649),#3653);
#3649 = LINE('',#3650,#3651);
#3650 = CARTESIAN_POINT('',(0.,-15.));
#3651 = VECTOR('',#3652,1.);
#3652 = DIRECTION('',(1.,0.));
#3653 = ( GEOMETRIC_REPRESENTATION_CONTEXT(2) 
PARAMETRIC_REPRESENTATION_CONTEXT() REPRESENTATION_CONTEXT('2D SPACE',''
  ) );
#3654 = ADVANCED_FACE('',(#3655),#3643,.F.);
#3655 = FACE_BOUND('',#3656,.F.);
#3656 = EDGE_LOOP('',(#3657,#3681,#3702,#3703));
#3657 = ORIENTED_EDGE('',*,*,#3658,.F.);
#3658 = EDGE_CURVE('',#3659,#3659,#3661,.T.);
#3659 = VERTEX_POINT('',#3660);
#3660 = CARTESIAN_POINT('',(-135.,-205.,600.));
#3661 = SURFACE_CURVE('',#3662,(#3667,#3674),.PCURVE_S1.);
#3662 = CIRCLE('',#3663,15.);
#3663 = AXIS2_PLACEMENT_3D('',#3664,#3665,#3666);
#3664 = CARTESIAN_POINT('',(-150.,-205.,600.));
#3665 = DIRECTION('',(0.,-1.,2.22044604925E-16));
#3666 = DIRECTION('',(1.,0.,0.));
#3667 = PCURVE('',#3643,#3668);
#3668 = DEFINITIONAL_REPRESENTATION('',(#3669),#3673);
#3669 = LINE('',#3670,#3671);
#3670 = CARTESIAN_POINT('',(0.,15.));
#3671 = VECTOR('',#3672,1.);
#3672 = DIRECTION('',(1.,0.));
#3673 = ( GEOMETRIC_REPRESENTATION_CONTEXT(2) 
PARAMETRIC_REPRESENTATION_CONTEXT() REPRESENTATION_CONTEXT('2D SPACE',''
  ) );
#3674 = PCURVE('',#45,#3675);
#3675 = DEFINITIONAL_REPRESENTATION('',(#3676),#3680);
#3676 = CIRCLE('',#3677,15.);
#3677 = AXIS2_PLACEMENT_2D('',#3678,#3679);
#3678 = CARTESIAN_POINT('',(0.,0.));
#3679 = DIRECTION('',(1.,0.));
#3680 = ( GEOMETRIC_REPRESENTATION_CONTEXT(2) 
PARAMETRIC_REPRESENTATION_CONTEXT() REPRESENTATION_CONTEXT('2D SPACE',''
  ) );
#3681 = ORIENTED_EDGE('',*,*,#3682,.F.);
#3682 = EDGE_CURVE('',#3627,#3659,#3683,.T.);
#3683 = SEAM_CURVE('',#3684,(#3688,#3695),.PCURVE_S1.);
#3684 = LINE('',#3685,#3686);
#3685 = CARTESIAN_POINT('',(-135.,-175.,600.));
#3686 = VECTOR('',#3687,1.);
#3687 = DIRECTION('',(0.,-1.,0.));
#3688 = PCURVE('',#3643,#3689);
#3689 = DEFINITIONAL_REPRESENTATION('',(#3690),#3694);
#3690 = LINE('',#3691,#3692);
#3691 = CARTESIAN_POINT('',(0.,-15.));
#3692 = VECTOR('',#3693,1.);
#3693 = DIRECTION('',(0.,1.));
#3694 = ( GEOMETRIC_REPRESENTATION_CONTEXT(2) 
PARAMETRIC_REPRESENTATION_CONTEXT() REPRESENTATION_CONTEXT('2D SPACE',''
  ) );
#3695 = PCURVE('',#3643,#3696);
#3696 = DEFINITIONAL_REPRESENTATION('',(#3697),#3701);
#3697 = LINE('',#3698,#3699);
#3698 = CARTESIAN_POINT('',(6.28318530718,-15.));
#3699 = VECTOR('',#3700,1.);
#3700 = DIRECTION('',(0.,1.));
#3701 = ( GEOMETRIC_REPRESENTATION_CONTEXT(2) 
PARAMETRIC_REPRESENTATION_CONTEXT() REPRESENTATION_CONTEXT('2D SPACE',''
  ) );
#3702 = ORIENTED_EDGE('',*,*,#3626,.T.);
#3703 = ORIENTED_EDGE('',*,*,#3682,.T.);
#3704 = ADVANCED_FACE('',(#3705),#125,.T.);
#3705 = FACE_BOUND('',#3706,.T.);
#3706 = EDGE_LOOP('',(#3707,#3708,#3727,#3728));
#3707 = ORIENTED_EDGE('',*,*,#3423,.F.);
#3708 = ORIENTED_EDGE('',*,*,#3709,.F.);
#3709 = EDGE_CURVE('',#24,#3403,#3710,.T.);
#3710 = SURFACE_CURVE('',#3711,(#3715,#3721),.PCURVE_S1.);
#3711 = LINE('',#3712,#3713);
#3712 = CARTESIAN_POINT('',(-105.4307806183,-205.,618.80384757729));
#3713 = VECTOR('',#3714,1.);
#3714 = DIRECTION('',(-0.866025403784,-1.110223024625E-16,-0.5));
#3715 = PCURVE('',#125,#3716);
#3716 = DEFINITIONAL_REPRESENTATION('',(#3717),#3720);
#3717 = B_SPLINE_CURVE_WITH_KNOTS('',1,(#3718,#3719),.UNSPECIFIED.,.F.,
  .F.,(2,2),(-64.,-48.),.PIECEWISE_BEZIER_KNOTS.);
#3718 = CARTESIAN_POINT('',(16.,2.));
#3719 = CARTESIAN_POINT('',(0.,2.));
#3720 = ( GEOMETRIC_REPRESENTATION_CONTEXT(2) 
PARAMETRIC_REPRESENTATION_CONTEXT() REPRESENTATION_CONTEXT('2D SPACE',''
  ) );
#3721 = PCURVE('',#45,#3722);
#3722 = DEFINITIONAL_REPRESENTATION('',(#3723),#3726);
#3723 = B_SPLINE_CURVE_WITH_KNOTS('',1,(#3724,#3725),.UNSPECIFIED.,.F.,
  .F.,(2,2),(-64.,-48.),.PIECEWISE_BEZIER_KNOTS.);
#3724 = CARTESIAN_POINT('',(99.994845223857,50.803847577293));
#3725 = CARTESIAN_POINT('',(86.138438763306,42.803847577293));
#3726 = ( GEOMETRIC_REPRESENTATION_CONTEXT(2) 
PARAMETRIC_REPRESENTATION_CONTEXT() REPRESENTATION_CONTEXT('2D SPACE',''
  ) );
#3727 = ORIENTED_EDGE('',*,*,#112,.F.);
#3728 = ORIENTED_EDGE('',*,*,#3470,.T.);
#3729 = ADVANCED_FACE('',(#3730,#3780),#45,.T.);
#3730 = FACE_BOUND('',#3731,.T.);
#3731 = EDGE_LOOP('',(#3732,#3733,#3734,#3735,#3736,#3737,#3738,#3739,
    #3740,#3741,#3742,#3743,#3744,#3745,#3746,#3747,#3748,#3749,#3750,
    #3751,#3752,#3753,#3754,#3755,#3756,#3757,#3758,#3759,#3760,#3761,
    #3762,#3763,#3764,#3765,#3766,#3767,#3768,#3769,#3770,#3771,#3772,
    #3773,#3774,#3775,#3776,#3777,#3778,#3779));
#3732 = ORIENTED_EDGE('',*,*,#169,.F.);
#3733 = ORIENTED_EDGE('',*,*,#21,.T.);
#3734 = ORIENTED_EDGE('',*,*,#3709,.T.);
#3735 = ORIENTED_EDGE('',*,*,#3402,.T.);
#3736 = ORIENTED_EDGE('',*,*,#3359,.F.);
#3737 = ORIENTED_EDGE('',*,*,#3253,.T.);
#3738 = ORIENTED_EDGE('',*,*,#3184,.T.);
#3739 = ORIENTED_EDGE('',*,*,#3112,.T.);
#3740 = ORIENTED_EDGE('',*,*,#3069,.F.);
#3741 = ORIENTED_EDGE('',*,*,#2963,.T.);
#3742 = ORIENTED_EDGE('',*,*,#2894,.T.);
#3743 = ORIENTED_EDGE('',*,*,#2822,.T.);
#3744 = ORIENTED_EDGE('',*,*,#2779,.F.);
#3745 = ORIENTED_EDGE('',*,*,#2673,.T.);
#3746 = ORIENTED_EDGE('',*,*,#2604,.T.);
#3747 = ORIENTED_EDGE('',*,*,#2532,.T.);
#3748 = ORIENTED_EDGE('',*,*,#2489,.F.);
#3749 = ORIENTED_EDGE('',*,*,#2383,.T.);
#3750 = ORIENTED_EDGE('',*,*,#2314,.T.);
#3751 = ORIENTED_EDGE('',*,*,#2242,.T.);
#3752 = ORIENTED_EDGE('',*,*,#2199,.F.);
#3753 = ORIENTED_EDGE('',*,*,#2093,.T.);
#3754 = ORIENTED_EDGE('',*,*,#2024,.T.);
#3755 = ORIENTED_EDGE('',*,*,#1952,.T.);
#3756 = ORIENTED_EDGE('',*,*,#1909,.F.);
#3757 = ORIENTED_EDGE('',*,*,#1803,.T.);
#3758 = ORIENTED_EDGE('',*,*,#1734,.T.);
#3759 = ORIENTED_EDGE('',*,*,#1662,.T.);
#3760 = ORIENTED_EDGE('',*,*,#1619,.F.);
#3761 = ORIENTED_EDGE('',*,*,#1513,.T.);
#3762 = ORIENTED_EDGE('',*,*,#1444,.T.);
#3763 = ORIENTED_EDGE('',*,*,#1372,.T.);
#3764 = ORIENTED_EDGE('',*,*,#1329,.F.);
#3765 = ORIENTED_EDGE('',*,*,#1223,.T.);
#3766 = ORIENTED_EDGE('',*,*,#1154,.T.);
#3767 = ORIENTED_EDGE('',*,*,#1082,.T.);
#3768 = ORIENTED_EDGE('',*,*,#1039,.F.);
#3769 = ORIENTED_EDGE('',*,*,#933,.T.);
#3770 = ORIENTED_EDGE('',*,*,#864,.T.);
#3771 = ORIENTED_EDGE('',*,*,#792,.T.);
#3772 = ORIENTED_EDGE('',*,*,#749,.F.);
#3773 = ORIENTED_EDGE('',*,*,#643,.T.);
#3774 = ORIENTED_EDGE('',*,*,#574,.T.);
#3775 = ORIENTED_EDGE('',*,*,#502,.T.);
#3776 = ORIENTED_EDGE('',*,*,#459,.F.);
#3777 = ORIENTED_EDGE('',*,*,#353,.T.);
#3778 = ORIENTED_EDGE('',*,*,#284,.T.);
#3779 = ORIENTED_EDGE('',*,*,#212,.T.);
#3780 = FACE_BOUND('',#3781,.T.);
#3781 = EDGE_LOOP('',(#3782));
#3782 = ORIENTED_EDGE('',*,*,#3658,.F.);
#3783 = ( GEOMETRIC_REPRESENTATION_CONTEXT(3) 
GLOBAL_UNCERTAINTY_ASSIGNED_CONTEXT((#3787)) 
GLOBAL_UNIT_ASSIGNED_CONTEXT((#3784,#3785,#3786)) REPRESENTATION_CONTEXT
('Context #1','3D Context with UNIT and UNCERTAINTY') );
#3784 = ( LENGTH_UNIT() NAMED_UNIT(*) SI_UNIT(.MILLI.,.METRE.) );
#3785 = ( NAMED_UNIT(*) PLANE_ANGLE_UNIT() SI_UNIT($,.RADIAN.) );
#3786 = ( NAMED_UNIT(*) SI_UNIT($,.STERADIAN.) SOLID_ANGLE_UNIT() );
#3787 = UNCERTAINTY_MEASURE_WITH_UNIT(LENGTH_MEASURE(2.E-07),#3784,
  'distance_accuracy_value','confusion accuracy');
#3788 = PRODUCT_RELATED_PRODUCT_CATEGORY('part',$,(#7));
ENDSEC;
END-ISO-10303-21;
