ISO-10303-21;
HEADER;
FILE_DESCRIPTION(('Open CASCADE Model'),'2;1');
FILE_NAME('Open CASCADE Shape Model','2026-10-03T04:54:00',('Author'),(
    'Open CASCADE'),'Open CASCADE STEP processor 8.0','build123d',
  'Unknown');
FILE_SCHEMA(('AUTOMOTIVE_DESIGN { 1 0 10303 214 1 1 1 1 }'));
ENDSEC;
DATA;
#1 = APPLICATION_PROTOCOL_DEFINITION('international standard',
  'automotive_design',2000,#2);
#2 = APPLICATION_CONTEXT(
  'core data for automotive mechanical design processes');
#3 = SHAPE_DEFINITION_REPRESENTATION(#4,#10);
#4 = PRODUCT_DEFINITION_SHAPE('','',#5);
#5 = PRODUCT_DEFINITION('design','',#6,#9);
#6 = PRODUCT_DEFINITION_FORMATION('','',#7);
#7 = PRODUCT('COMPOUND','COMPOUND','',(#8));
#8 = PRODUCT_CONTEXT('',#2,'mechanical');
#9 = PRODUCT_DEFINITION_CONTEXT('part definition',#2,'design');
#10 = ADVANCED_BREP_SHAPE_REPRESENTATION('',(#11,#15),#1830);
#11 = AXIS2_PLACEMENT_3D('',#12,#13,#14);
#12 = CARTESIAN_POINT('',(0.,0.,0.));
#13 = DIRECTION('',(0.,0.,1.));
#14 = DIRECTION('',(1.,0.,-0.));
#15 = MANIFOLD_SOLID_BREP('',#16);
#16 = CLOSED_SHELL('',(#17,#873,#877,#1359,#1364,#1368,#1374,#1592,#1678
    ,#1786,#1813,#1817,#1821,#1826));
#17 = ADVANCED_FACE('',(#18,#744),#31,.T.);
#18 = FACE_BOUND('',#19,.T.);
#19 = EDGE_LOOP('',(#20,#54,#77,#132,#158,#208,#231,#258,#259,#489,#515,
    #743));
#20 = ORIENTED_EDGE('',*,*,#21,.T.);
#21 = EDGE_CURVE('',#22,#22,#24,.T.);
#22 = VERTEX_POINT('',#23);
#23 = CARTESIAN_POINT('',(708.,530.,820.));
#24 = SURFACE_CURVE('',#25,(#30,#42),.PCURVE_S1.);
#25 = CIRCLE('',#26,8.);
#26 = AXIS2_PLACEMENT_3D('',#27,#28,#29);
#27 = CARTESIAN_POINT('',(700.,530.,820.));
#28 = DIRECTION('',(0.,-1.,2.22044604925E-16));
#29 = DIRECTION('',(1.,0.,0.));
#30 = PCURVE('',#31,#36);
#31 = CYLINDRICAL_SURFACE('',#32,8.);
#32 = AXIS2_PLACEMENT_3D('',#33,#34,#35);
#33 = CARTESIAN_POINT('',(700.,530.,820.));
#34 = DIRECTION('',(0.,-1.,2.22044604925E-16));
#35 = DIRECTION('',(1.,0.,0.));
#36 = DEFINITIONAL_REPRESENTATION('',(#37),#41);
#37 = LINE('',#38,#39);
#38 = CARTESIAN_POINT('',(0.,0.));
#39 = VECTOR('',#40,1.);
#40 = DIRECTION('',(1.,0.));
#41 = ( GEOMETRIC_REPRESENTATION_CONTEXT(2) 
PARAMETRIC_REPRESENTATION_CONTEXT() REPRESENTATION_CONTEXT('2D SPACE',''
  ) );
#42 = PCURVE('',#43,#48);
#43 = PLANE('',#44);
#44 = AXIS2_PLACEMENT_3D('',#45,#46,#47);
#45 = CARTESIAN_POINT('',(700.,530.,820.));
#46 = DIRECTION('',(0.,-1.,2.22044604925E-16));
#47 = DIRECTION('',(1.,0.,0.));
#48 = DEFINITIONAL_REPRESENTATION('',(#49),#53);
#49 = CIRCLE('',#50,8.);
#50 = AXIS2_PLACEMENT_2D('',#51,#52);
#51 = CARTESIAN_POINT('',(0.,0.));
#52 = DIRECTION('',(1.,0.));
#53 = ( GEOMETRIC_REPRESENTATION_CONTEXT(2) 
PARAMETRIC_REPRESENTATION_CONTEXT() REPRESENTATION_CONTEXT('2D SPACE',''
  ) );
#54 = ORIENTED_EDGE('',*,*,#55,.T.);
#55 = EDGE_CURVE('',#22,#56,#58,.T.);
#56 = VERTEX_POINT('',#57);
#57 = CARTESIAN_POINT('',(708.,525.21295317102,820.));
#58 = SEAM_CURVE('',#59,(#63,#70),.PCURVE_S1.);
#59 = LINE('',#60,#61);
#60 = CARTESIAN_POINT('',(708.,530.,820.));
#61 = VECTOR('',#62,1.);
#62 = DIRECTION('',(0.,-1.,2.22044604925E-16));
#63 = PCURVE('',#31,#64);
#64 = DEFINITIONAL_REPRESENTATION('',(#65),#69);
#65 = LINE('',#66,#67);
#66 = CARTESIAN_POINT('',(0.,-0.));
#67 = VECTOR('',#68,1.);
#68 = DIRECTION('',(0.,1.));
#69 = ( GEOMETRIC_REPRESENTATION_CONTEXT(2) 
PARAMETRIC_REPRESENTATION_CONTEXT() REPRESENTATION_CONTEXT('2D SPACE',''
  ) );
#70 = PCURVE('',#31,#71);
#71 = DEFINITIONAL_REPRESENTATION('',(#72),#76);
#72 = LINE('',#73,#74);
#73 = CARTESIAN_POINT('',(6.28318530718,-0.));
#74 = VECTOR('',#75,1.);
#75 = DIRECTION('',(0.,1.));
#76 = ( GEOMETRIC_REPRESENTATION_CONTEXT(2) 
PARAMETRIC_REPRESENTATION_CONTEXT() REPRESENTATION_CONTEXT('2D SPACE',''
  ) );
#77 = ORIENTED_EDGE('',*,*,#78,.F.);
#78 = EDGE_CURVE('',#79,#56,#81,.T.);
#79 = VERTEX_POINT('',#80);
#80 = CARTESIAN_POINT('',(707.33656045002,524.12310562561,
    816.81019110868));
#81 = SURFACE_CURVE('',#82,(#95,#111),.PCURVE_S1.);
#82 = B_SPLINE_CURVE_WITH_KNOTS('',6,(#83,#84,#85,#86,#87,#88,#89,#90,
    #91,#92,#93,#94),.UNSPECIFIED.,.F.,.F.,(7,5,7),(0.,0.473755896332,1.
    ),.UNSPECIFIED.);
#83 = CARTESIAN_POINT('',(707.33655949382,524.12310562561,
    816.81018890942));
#84 = CARTESIAN_POINT('',(707.44594969456,524.12310546604,
    817.06178616485));
#85 = CARTESIAN_POINT('',(707.54428031967,524.14501068224,
    817.31626197736));
#86 = CARTESIAN_POINT('',(707.63154061685,524.18829571764,
    817.57290582911));
#87 = CARTESIAN_POINT('',(707.70766436193,524.25119998275,
    817.83073816971));
#88 = CARTESIAN_POINT('',(707.77248256882,524.33067926795,
    818.08801710472));
#89 = CARTESIAN_POINT('',(707.88588605575,524.52454170325,
    818.62316601991));
#90 = CARTESIAN_POINT('',(707.93235664171,524.642636039,818.90242273398)
  );
#91 = CARTESIAN_POINT('',(707.96650364192,524.77320078565,
    819.17954073194));
#92 = CARTESIAN_POINT('',(707.98889519101,524.91317665571,
    819.45463842173));
#93 = CARTESIAN_POINT('',(708.,525.06026810922,819.72790961497));
#94 = CARTESIAN_POINT('',(708.,525.212953171,820.));
#95 = PCURVE('',#31,#96);
#96 = DEFINITIONAL_REPRESENTATION('',(#97),#110);
#97 = B_SPLINE_CURVE_WITH_KNOTS('',6,(#98,#99,#100,#101,#102,#103,#104,
    #105,#106,#107,#108,#109),.UNSPECIFIED.,.F.,.F.,(7,5,7),(0.,
    0.473755896332,1.),.UNSPECIFIED.);
#98 = CARTESIAN_POINT('',(5.873057667103,5.876894374382));
#99 = CARTESIAN_POINT('',(5.907351296923,5.876894533952));
#100 = CARTESIAN_POINT('',(5.94142364723,5.854989317757));
#101 = CARTESIAN_POINT('',(5.975265613047,5.811704282356));
#102 = CARTESIAN_POINT('',(6.008828511736,5.74880001725));
#103 = CARTESIAN_POINT('',(6.041969354668,5.669320732042));
#104 = CARTESIAN_POINT('',(6.110348435016,5.475458296746));
#105 = CARTESIAN_POINT('',(6.145701449891,5.357363960996));
#106 = CARTESIAN_POINT('',(6.18055722583,5.226799214344));
#107 = CARTESIAN_POINT('',(6.215015072767,5.08682334429));
#108 = CARTESIAN_POINT('',(6.249174009052,4.93973189078));
#109 = CARTESIAN_POINT('',(6.28318530718,4.787046828993));
#110 = ( GEOMETRIC_REPRESENTATION_CONTEXT(2) 
PARAMETRIC_REPRESENTATION_CONTEXT() REPRESENTATION_CONTEXT('2D SPACE',''
  ) );
#111 = PCURVE('',#112,#117);
#112 = CYLINDRICAL_SURFACE('',#113,9.);
#113 = AXIS2_PLACEMENT_3D('',#114,#115,#116);
#114 = CARTESIAN_POINT('',(700.,520.,820.));
#115 = DIRECTION('',(0.398726111414,0.,0.917070056253));
#116 = DIRECTION('',(0.917070056253,0.,-0.398726111414));
#117 = DEFINITIONAL_REPRESENTATION('',(#118),#131);
#118 = B_SPLINE_CURVE_WITH_KNOTS('',6,(#119,#120,#121,#122,#123,#124,
    #125,#126,#127,#128,#129,#130),.UNSPECIFIED.,.F.,.F.,(7,5,7),(0.,
    0.473755896332,1.),.UNSPECIFIED.);
#119 = CARTESIAN_POINT('',(0.475882249661,-2.4E-06));
#120 = CARTESIAN_POINT('',(0.475882229714,0.27434663856));
#121 = CARTESIAN_POINT('',(0.478620367565,0.546925783323));
#122 = CARTESIAN_POINT('',(0.484031067598,0.817079118663));
#123 = CARTESIAN_POINT('',(0.491922886184,1.083881973483));
#124 = CARTESIAN_POINT('',(0.501969592792,1.345669489381));
#125 = CARTESIAN_POINT('',(0.526701835062,1.8816554665));
#126 = CARTESIAN_POINT('',(0.541882563131,2.156282473018));
#127 = CARTESIAN_POINT('',(0.558844402166,2.4240343916));
#128 = CARTESIAN_POINT('',(0.577276512275,2.685246340753));
#129 = CARTESIAN_POINT('',(0.596956322098,2.940282946619));
#130 = CARTESIAN_POINT('',(0.617767853991,3.189808891316));
#131 = ( GEOMETRIC_REPRESENTATION_CONTEXT(2) 
PARAMETRIC_REPRESENTATION_CONTEXT() REPRESENTATION_CONTEXT('2D SPACE',''
  ) );
#132 = ORIENTED_EDGE('',*,*,#133,.T.);
#133 = EDGE_CURVE('',#79,#134,#136,.T.);
#134 = VERTEX_POINT('',#135);
#135 = CARTESIAN_POINT('',(707.33656045002,515.87689437438,
    816.81019110868));
#136 = SURFACE_CURVE('',#137,(#141,#147),.PCURVE_S1.);
#137 = LINE('',#138,#139);
#138 = CARTESIAN_POINT('',(707.33656045002,530.,816.81019110868));
#139 = VECTOR('',#140,1.);
#140 = DIRECTION('',(0.,-1.,2.22044604925E-16));
#141 = PCURVE('',#31,#142);
#142 = DEFINITIONAL_REPRESENTATION('',(#143),#146);
#143 = B_SPLINE_CURVE_WITH_KNOTS('',1,(#144,#145),.UNSPECIFIED.,.F.,.F.,
  (2,2),(-2.399999971203E-06,20.8),.PIECEWISE_BEZIER_KNOTS.);
#144 = CARTESIAN_POINT('',(5.873057966638,-2.399999971911E-06));
#145 = CARTESIAN_POINT('',(5.873057966638,20.8));
#146 = ( GEOMETRIC_REPRESENTATION_CONTEXT(2) 
PARAMETRIC_REPRESENTATION_CONTEXT() REPRESENTATION_CONTEXT('2D SPACE',''
  ) );
#147 = PCURVE('',#148,#153);
#148 = PLANE('',#149);
#149 = AXIS2_PLACEMENT_3D('',#150,#151,#152);
#150 = CARTESIAN_POINT('',(700.,520.,820.));
#151 = DIRECTION('',(0.398726111414,0.,0.917070056253));
#152 = DIRECTION('',(0.917070056253,0.,-0.398726111414));
#153 = DEFINITIONAL_REPRESENTATION('',(#154),#157);
#154 = B_SPLINE_CURVE_WITH_KNOTS('',1,(#155,#156),.UNSPECIFIED.,.F.,.F.,
  (2,2),(-2.399999971203E-06,20.8),.PIECEWISE_BEZIER_KNOTS.);
#155 = CARTESIAN_POINT('',(8.,10.0000024));
#156 = CARTESIAN_POINT('',(8.,-10.8));
#157 = ( GEOMETRIC_REPRESENTATION_CONTEXT(2) 
PARAMETRIC_REPRESENTATION_CONTEXT() REPRESENTATION_CONTEXT('2D SPACE',''
  ) );
#158 = ORIENTED_EDGE('',*,*,#159,.T.);
#159 = EDGE_CURVE('',#134,#160,#162,.T.);
#160 = VERTEX_POINT('',#161);
#161 = CARTESIAN_POINT('',(708.,514.78704682897,820.));
#162 = SURFACE_CURVE('',#163,(#176,#192),.PCURVE_S1.);
#163 = B_SPLINE_CURVE_WITH_KNOTS('',6,(#164,#165,#166,#167,#168,#169,
    #170,#171,#172,#173,#174,#175),.UNSPECIFIED.,.F.,.F.,(7,5,7),(0.,
    0.473755896333,1.),.UNSPECIFIED.);
#164 = CARTESIAN_POINT('',(707.33655949382,515.87689437438,
    816.81018890942));
#165 = CARTESIAN_POINT('',(707.44594969456,515.87689453395,
    817.06178616485));
#166 = CARTESIAN_POINT('',(707.54428031967,515.85498931775,
    817.31626197736));
#167 = CARTESIAN_POINT('',(707.63154061685,515.81170428235,
    817.57290582911));
#168 = CARTESIAN_POINT('',(707.70766436193,515.74880001725,
    817.83073816971));
#169 = CARTESIAN_POINT('',(707.77248256882,515.66932073204,
    818.08801710472));
#170 = CARTESIAN_POINT('',(707.88588605575,515.47545829674,
    818.62316601991));
#171 = CARTESIAN_POINT('',(707.93235664171,515.35736396099,
    818.90242273398));
#172 = CARTESIAN_POINT('',(707.96650364192,515.22679921434,
    819.17954073194));
#173 = CARTESIAN_POINT('',(707.98889519101,515.08682334429,
    819.45463842173));
#174 = CARTESIAN_POINT('',(708.,514.93973189078,819.72790961497));
#175 = CARTESIAN_POINT('',(708.,514.78704682899,820.));
#176 = PCURVE('',#31,#177);
#177 = DEFINITIONAL_REPRESENTATION('',(#178),#191);
#178 = B_SPLINE_CURVE_WITH_KNOTS('',6,(#179,#180,#181,#182,#183,#184,
    #185,#186,#187,#188,#189,#190),.UNSPECIFIED.,.F.,.F.,(7,5,7),(0.,
    0.473755896333,1.),.UNSPECIFIED.);
#179 = CARTESIAN_POINT('',(5.873057667103,14.123105625618));
#180 = CARTESIAN_POINT('',(5.907351296923,14.123105466048));
#181 = CARTESIAN_POINT('',(5.94142364723,14.145010682243));
#182 = CARTESIAN_POINT('',(5.975265613047,14.188295717644));
#183 = CARTESIAN_POINT('',(6.008828511736,14.25119998275));
#184 = CARTESIAN_POINT('',(6.041969354668,14.330679267958));
#185 = CARTESIAN_POINT('',(6.110348435016,14.524541703254));
#186 = CARTESIAN_POINT('',(6.145701449891,14.642636039004));
#187 = CARTESIAN_POINT('',(6.18055722583,14.773200785656));
#188 = CARTESIAN_POINT('',(6.215015072767,14.91317665571));
#189 = CARTESIAN_POINT('',(6.249174009052,15.06026810922));
#190 = CARTESIAN_POINT('',(6.28318530718,15.212953171007));
#191 = ( GEOMETRIC_REPRESENTATION_CONTEXT(2) 
PARAMETRIC_REPRESENTATION_CONTEXT() REPRESENTATION_CONTEXT('2D SPACE',''
  ) );
#192 = PCURVE('',#112,#193);
#193 = DEFINITIONAL_REPRESENTATION('',(#194),#207);
#194 = B_SPLINE_CURVE_WITH_KNOTS('',6,(#195,#196,#197,#198,#199,#200,
    #201,#202,#203,#204,#205,#206),.UNSPECIFIED.,.F.,.F.,(7,5,7),(0.,
    0.473755896333,1.),.UNSPECIFIED.);
#195 = CARTESIAN_POINT('',(5.807303057519,-2.4E-06));
#196 = CARTESIAN_POINT('',(5.807303077465,0.27434663856));
#197 = CARTESIAN_POINT('',(5.804564939614,0.546925783323));
#198 = CARTESIAN_POINT('',(5.799154239582,0.817079118664));
#199 = CARTESIAN_POINT('',(5.791262420995,1.083881973483));
#200 = CARTESIAN_POINT('',(5.781215714388,1.345669489381));
#201 = CARTESIAN_POINT('',(5.756483472117,1.881655466499));
#202 = CARTESIAN_POINT('',(5.741302744048,2.156282473018));
#203 = CARTESIAN_POINT('',(5.724340905013,2.424034391601));
#204 = CARTESIAN_POINT('',(5.705908794904,2.685246340753));
#205 = CARTESIAN_POINT('',(5.686228985081,2.940282946618));
#206 = CARTESIAN_POINT('',(5.665417453189,3.189808891316));
#207 = ( GEOMETRIC_REPRESENTATION_CONTEXT(2) 
PARAMETRIC_REPRESENTATION_CONTEXT() REPRESENTATION_CONTEXT('2D SPACE',''
  ) );
#208 = ORIENTED_EDGE('',*,*,#209,.T.);
#209 = EDGE_CURVE('',#160,#210,#212,.T.);
#210 = VERTEX_POINT('',#211);
#211 = CARTESIAN_POINT('',(708.,335.,820.));
#212 = SEAM_CURVE('',#213,(#217,#224),.PCURVE_S1.);
#213 = LINE('',#214,#215);
#214 = CARTESIAN_POINT('',(708.,530.,820.));
#215 = VECTOR('',#216,1.);
#216 = DIRECTION('',(0.,-1.,2.22044604925E-16));
#217 = PCURVE('',#31,#218);
#218 = DEFINITIONAL_REPRESENTATION('',(#219),#223);
#219 = LINE('',#220,#221);
#220 = CARTESIAN_POINT('',(0.,-0.));
#221 = VECTOR('',#222,1.);
#222 = DIRECTION('',(0.,1.));
#223 = ( GEOMETRIC_REPRESENTATION_CONTEXT(2) 
PARAMETRIC_REPRESENTATION_CONTEXT() REPRESENTATION_CONTEXT('2D SPACE',''
  ) );
#224 = PCURVE('',#31,#225);
#225 = DEFINITIONAL_REPRESENTATION('',(#226),#230);
#226 = LINE('',#227,#228);
#227 = CARTESIAN_POINT('',(6.28318530718,-0.));
#228 = VECTOR('',#229,1.);
#229 = DIRECTION('',(0.,1.));
#230 = ( GEOMETRIC_REPRESENTATION_CONTEXT(2) 
PARAMETRIC_REPRESENTATION_CONTEXT() REPRESENTATION_CONTEXT('2D SPACE',''
  ) );
#231 = ORIENTED_EDGE('',*,*,#232,.F.);
#232 = EDGE_CURVE('',#210,#210,#233,.T.);
#233 = SURFACE_CURVE('',#234,(#239,#246),.PCURVE_S1.);
#234 = CIRCLE('',#235,8.);
#235 = AXIS2_PLACEMENT_3D('',#236,#237,#238);
#236 = CARTESIAN_POINT('',(700.,335.,820.));
#237 = DIRECTION('',(0.,-1.,2.22044604925E-16));
#238 = DIRECTION('',(1.,0.,0.));
#239 = PCURVE('',#31,#240);
#240 = DEFINITIONAL_REPRESENTATION('',(#241),#245);
#241 = LINE('',#242,#243);
#242 = CARTESIAN_POINT('',(0.,195.));
#243 = VECTOR('',#244,1.);
#244 = DIRECTION('',(1.,0.));
#245 = ( GEOMETRIC_REPRESENTATION_CONTEXT(2) 
PARAMETRIC_REPRESENTATION_CONTEXT() REPRESENTATION_CONTEXT('2D SPACE',''
  ) );
#246 = PCURVE('',#247,#252);
#247 = PLANE('',#248);
#248 = AXIS2_PLACEMENT_3D('',#249,#250,#251);
#249 = CARTESIAN_POINT('',(700.,335.,820.));
#250 = DIRECTION('',(0.,-1.,2.22044604925E-16));
#251 = DIRECTION('',(1.,0.,0.));
#252 = DEFINITIONAL_REPRESENTATION('',(#253),#257);
#253 = CIRCLE('',#254,8.);
#254 = AXIS2_PLACEMENT_2D('',#255,#256);
#255 = CARTESIAN_POINT('',(0.,0.));
#256 = DIRECTION('',(1.,0.));
#257 = ( GEOMETRIC_REPRESENTATION_CONTEXT(2) 
PARAMETRIC_REPRESENTATION_CONTEXT() REPRESENTATION_CONTEXT('2D SPACE',''
  ) );
#258 = ORIENTED_EDGE('',*,*,#209,.F.);
#259 = ORIENTED_EDGE('',*,*,#260,.T.);
#260 = EDGE_CURVE('',#160,#261,#263,.T.);
#261 = VERTEX_POINT('',#262);
#262 = CARTESIAN_POINT('',(692.66343954997,515.87689437438,
    823.18980889131));
#263 = SURFACE_CURVE('',#264,(#337,#413),.PCURVE_S1.);
#264 = B_SPLINE_CURVE_WITH_KNOTS('',8,(#265,#266,#267,#268,#269,#270,
    #271,#272,#273,#274,#275,#276,#277,#278,#279,#280,#281,#282,#283,
    #284,#285,#286,#287,#288,#289,#290,#291,#292,#293,#294,#295,#296,
    #297,#298,#299,#300,#301,#302,#303,#304,#305,#306,#307,#308,#309,
    #310,#311,#312,#313,#314,#315,#316,#317,#318,#319,#320,#321,#322,
    #323,#324,#325,#326,#327,#328,#329,#330,#331,#332,#333,#334,#335,
    #336),.UNSPECIFIED.,.F.,.F.,(9,7,7,7,7,7,7,7,7,7,9),(0.,
    7.04129396595E-02,0.302677566448,0.370303484729,0.484595489753,
    0.530159756402,0.590031634826,0.762124978329,0.909306049144,
    0.970269357851,1.),.UNSPECIFIED.);
#265 = CARTESIAN_POINT('',(708.,514.78704682899,820.));
#266 = CARTESIAN_POINT('',(708.,514.6946315752,820.16468737471));
#267 = CARTESIAN_POINT('',(707.99612547928,514.60024035515,
    820.32900551948));
#268 = CARTESIAN_POINT('',(707.98840672403,514.50420708166,
    820.49298569348));
#269 = CARTESIAN_POINT('',(707.97685946784,514.40681433801,
    820.65667491014));
#270 = CARTESIAN_POINT('',(707.96148199223,514.30830010198,
    820.82013424357));
#271 = CARTESIAN_POINT('',(707.94225222702,514.20886446987,
    820.98343713494));
#272 = CARTESIAN_POINT('',(707.91912485085,514.1086763806,
    821.14666769897));
#273 = CARTESIAN_POINT('',(707.80264781718,513.6753937978,821.8484210405
    ));
#274 = CARTESIAN_POINT('',(707.67090089965,513.33934605067,
    822.38220625306));
#275 = CARTESIAN_POINT('',(707.49518814636,513.00361363144,822.917066585
    ));
#276 = CARTESIAN_POINT('',(707.27047410617,512.67092687902,
    823.45598545426));
#277 = CARTESIAN_POINT('',(706.98953937681,512.3463208217,823.9991064394
    ));
#278 = CARTESIAN_POINT('',(706.64348065529,512.0376103903,
    824.54296648663));
#279 = CARTESIAN_POINT('',(706.22228771526,511.75628775389,
    825.08007187296));
#280 = CARTESIAN_POINT('',(705.56836118531,511.44897297285,
    825.74784956129));
#281 = CARTESIAN_POINT('',(705.41333600195,511.38318691025,
    825.89708855245));
#282 = CARTESIAN_POINT('',(705.25071571019,511.32146710852,
    826.04436130987));
#283 = CARTESIAN_POINT('',(705.08049858841,511.26434739459,
    826.18905996842));
#284 = CARTESIAN_POINT('',(704.90271247271,511.21234208571,
    826.33058793098));
#285 = CARTESIAN_POINT('',(704.71741436947,511.16594487788,
    826.46835898217));
#286 = CARTESIAN_POINT('',(704.52469006808,511.12562773439,
    826.60179640215));
#287 = CARTESIAN_POINT('',(703.98657994909,511.03473602175,
    826.94756536542));
#288 = CARTESIAN_POINT('',(703.62860769774,510.99644808834,
    827.1501641123));
#289 = CARTESIAN_POINT('',(703.25441653539,510.97944986064,
    827.33365157831));
#290 = CARTESIAN_POINT('',(702.86835521827,510.98497305044,
    827.49473462739));
#291 = CARTESIAN_POINT('',(702.47532976745,511.01298238903,
    827.63132353425));
#292 = CARTESIAN_POINT('',(702.08072444404,511.06217291606,
    827.74256048805));
#293 = CARTESIAN_POINT('',(701.69035565522,511.12998936296,
    827.82885679544));
#294 = CARTESIAN_POINT('',(701.1590070597,511.24562859478,
    827.91708738835));
#295 = CARTESIAN_POINT('',(701.00876699734,511.28105019208,
    827.93862155256));
#296 = CARTESIAN_POINT('',(700.85984412281,511.31878567217,
    827.95666278416));
#297 = CARTESIAN_POINT('',(700.71233945504,511.3586884538,
    827.97133360417));
#298 = CARTESIAN_POINT('',(700.56634956263,511.40061223314,
    827.98275762958));
#299 = CARTESIAN_POINT('',(700.42196661361,511.44441109176,
    827.99105965653));
#300 = CARTESIAN_POINT('',(700.27927842522,511.48993960464,
    827.99636574363));
#301 = CARTESIAN_POINT('',(699.95321155373,511.59896032823,
    828.00200626093));
#302 = CARTESIAN_POINT('',(699.7710687271,511.66362286444,
    828.00025746024));
#303 = CARTESIAN_POINT('',(699.59197034813,511.73076955645,
    827.99384287131));
#304 = CARTESIAN_POINT('',(699.41593097497,511.80014967131,
    827.98302991843));
#305 = CARTESIAN_POINT('',(699.24294946127,511.8715325981,
    827.96806736394));
#306 = CARTESIAN_POINT('',(699.07300900787,511.94470770263,
    827.94918520026));
#307 = CARTESIAN_POINT('',(698.90607721457,512.01948418202,
    827.92659454193));
#308 = CARTESIAN_POINT('',(698.27079418009,512.31473653114,
    827.82544652646));
#309 = CARTESIAN_POINT('',(697.82279905847,512.54613142165,
    827.72117083943));
#310 = CARTESIAN_POINT('',(697.39754693961,512.78575069506,
    827.59201788082));
#311 = CARTESIAN_POINT('',(696.99388759296,513.03042185444,
    827.44132478579));
#312 = CARTESIAN_POINT('',(696.61026451718,513.2777329779,
    827.27144384213));
#313 = CARTESIAN_POINT('',(696.24492399701,513.5258312272,
    827.08379651492));
#314 = CARTESIAN_POINT('',(695.89610768071,513.77308770528,
    826.87889149913));
#315 = CARTESIAN_POINT('',(695.27657929075,514.22653979454,
    826.46584230193));
#316 = CARTESIAN_POINT('',(695.00372178184,514.43214209865,
    826.2636948449));
#317 = CARTESIAN_POINT('',(694.74160516339,514.63363972557,
    826.04932118598));
#318 = CARTESIAN_POINT('',(694.48910999848,514.82974184961,
    825.82193050679));
#319 = CARTESIAN_POINT('',(694.24595195809,515.01816413485,
    825.58076587786));
#320 = CARTESIAN_POINT('',(694.01240946931,515.19538373488,
    825.32523682746));
#321 = CARTESIAN_POINT('',(693.78902500621,515.35664939376,
    825.05479326768));
#322 = CARTESIAN_POINT('',(693.48844958671,515.55424624845,
    824.6498951742));
#323 = CARTESIAN_POINT('',(693.40204289715,515.60857688193,
    824.52827030795));
#324 = CARTESIAN_POINT('',(693.31751661202,515.65881054724,
    824.40376951391));
#325 = CARTESIAN_POINT('',(693.23506735456,515.70442987311,
    824.27651629583));
#326 = CARTESIAN_POINT('',(693.1548474683,515.74495609262,
    824.14659736081));
#327 = CARTESIAN_POINT('',(693.07697581583,515.77995146631,
    824.01406084662));
#328 = CARTESIAN_POINT('',(693.00154857765,515.80902170524,
    823.87891454902));
#329 = CARTESIAN_POINT('',(692.89309883079,515.84293590427,
    823.6739264007));
#330 = CARTESIAN_POINT('',(692.85818214032,515.85255101786,
    823.60616248976));
#331 = CARTESIAN_POINT('',(692.82392922425,515.86062124951,
    823.53787114145));
#332 = CARTESIAN_POINT('',(692.79036624407,515.86711239393,
    823.46909039085));
#333 = CARTESIAN_POINT('',(692.7575164494,515.87199857198,
    823.39985752531));
#334 = CARTESIAN_POINT('',(692.72540034924,515.87526227665,
    823.33020902704));
#335 = CARTESIAN_POINT('',(692.69403588324,515.87689441905,
    823.26018051558));
#336 = CARTESIAN_POINT('',(692.66343859302,515.87689437438,
    823.18980669034));
#337 = PCURVE('',#31,#338);
#338 = DEFINITIONAL_REPRESENTATION('',(#339),#412);
#339 = B_SPLINE_CURVE_WITH_KNOTS('',8,(#340,#341,#342,#343,#344,#345,
    #346,#347,#348,#349,#350,#351,#352,#353,#354,#355,#356,#357,#358,
    #359,#360,#361,#362,#363,#364,#365,#366,#367,#368,#369,#370,#371,
    #372,#373,#374,#375,#376,#377,#378,#379,#380,#381,#382,#383,#384,
    #385,#386,#387,#388,#389,#390,#391,#392,#393,#394,#395,#396,#397,
    #398,#399,#400,#401,#402,#403,#404,#405,#406,#407,#408,#409,#410,
    #411),.UNSPECIFIED.,.F.,.F.,(9,7,7,7,7,7,7,7,7,7,9),(0.,
    7.04129396595E-02,0.302677566448,0.370303484729,0.484595489753,
    0.530159756402,0.590031634826,0.762124978329,0.909306049144,
    0.970269357851,1.),.UNSPECIFIED.);
#340 = CARTESIAN_POINT('',(0.,15.212953171007));
#341 = CARTESIAN_POINT('',(2.058592183968E-02,15.305368424793));
#342 = CARTESIAN_POINT('',(4.112567553649E-02,15.39975964485));
#343 = CARTESIAN_POINT('',(6.163650750939E-02,15.495792918339));
#344 = CARTESIAN_POINT('',(8.213730431834E-02,15.593185661983));
#345 = CARTESIAN_POINT('',(0.102648686208,15.691699898016));
#346 = CARTESIAN_POINT('',(0.123193100649,15.791135530123));
#347 = CARTESIAN_POINT('',(0.143794915885,15.891323619395));
#348 = CARTESIAN_POINT('',(0.232714178045,16.324606202198));
#349 = CARTESIAN_POINT('',(0.301233397374,16.660653949325));
#350 = CARTESIAN_POINT('',(0.371268676141,16.996386368551));
#351 = CARTESIAN_POINT('',(0.443794350667,17.329073120977));
#352 = CARTESIAN_POINT('',(0.519663652647,17.653679178299));
#353 = CARTESIAN_POINT('',(0.59962919587,17.962389609691));
#354 = CARTESIAN_POINT('',(0.684434432297,18.243712246103));
#355 = CARTESIAN_POINT('',(0.801264099147,18.551027027144));
#356 = CARTESIAN_POINT('',(0.828150662564,18.616813089747));
#357 = CARTESIAN_POINT('',(0.855553750291,18.678532891477));
#358 = CARTESIAN_POINT('',(0.883451881484,18.735652605401));
#359 = CARTESIAN_POINT('',(0.911826621936,18.787657914287));
#360 = CARTESIAN_POINT('',(0.940662396211,18.834055122118));
#361 = CARTESIAN_POINT('',(0.969946299782,18.874372265602));
#362 = CARTESIAN_POINT('',(1.04989928168,18.965263978244));
#363 = CARTESIAN_POINT('',(1.101234382705,19.003551911659));
#364 = CARTESIAN_POINT('',(1.153176546643,19.020550139354));
#365 = CARTESIAN_POINT('',(1.205275315129,19.015026949551));
#366 = CARTESIAN_POINT('',(1.257099235978,18.987017610964));
#367 = CARTESIAN_POINT('',(1.308206024395,18.937827083936));
#368 = CARTESIAN_POINT('',(1.358110088445,18.870010637031));
#369 = CARTESIAN_POINT('',(1.425438106328,18.754371405216));
#370 = CARTESIAN_POINT('',(1.444405373647,18.718949807914));
#371 = CARTESIAN_POINT('',(1.463149461659,18.681214327827));
#372 = CARTESIAN_POINT('',(1.48167014311,18.641311546197));
#373 = CARTESIAN_POINT('',(1.499966749862,18.599387766856));
#374 = CARTESIAN_POINT('',(1.518038200171,18.555588908233));
#375 = CARTESIAN_POINT('',(1.535883025962,18.510060395357));
#376 = CARTESIAN_POINT('',(1.576647482776,18.40103967177));
#377 = CARTESIAN_POINT('',(1.599408158408,18.336377135553));
#378 = CARTESIAN_POINT('',(1.621797126858,18.269230443544));
#379 = CARTESIAN_POINT('',(1.643829418623,18.19985032869));
#380 = CARTESIAN_POINT('',(1.66551973912,18.128467401894));
#381 = CARTESIAN_POINT('',(1.686882812957,18.055292297367));
#382 = CARTESIAN_POINT('',(1.707933728206,17.980515817974));
#383 = CARTESIAN_POINT('',(1.788344339964,17.685263468858));
#384 = CARTESIAN_POINT('',(1.845696639208,17.453868578345));
#385 = CARTESIAN_POINT('',(1.901053912106,17.214249304936));
#386 = CARTESIAN_POINT('',(1.954711160241,16.969578145559));
#387 = CARTESIAN_POINT('',(2.006976684422,16.722267022097));
#388 = CARTESIAN_POINT('',(2.05817763443,16.474168772792));
#389 = CARTESIAN_POINT('',(2.10866422379,16.226912294715));
#390 = CARTESIAN_POINT('',(2.201738880087,15.773460205455));
#391 = CARTESIAN_POINT('',(2.244134215696,15.567857901343));
#392 = CARTESIAN_POINT('',(2.286380774065,15.366360274425));
#393 = CARTESIAN_POINT('',(2.328757600281,15.170258150382));
#394 = CARTESIAN_POINT('',(2.371464979214,14.981835865143));
#395 = CARTESIAN_POINT('',(2.414647227432,14.804616265119));
#396 = CARTESIAN_POINT('',(2.458434823968,14.643350606232));
#397 = CARTESIAN_POINT('',(2.521468551164,14.445753751545));
#398 = CARTESIAN_POINT('',(2.540113637269,14.391423118063));
#399 = CARTESIAN_POINT('',(2.55891694993,14.341189452756));
#400 = CARTESIAN_POINT('',(2.577861726417,14.295570126887));
#401 = CARTESIAN_POINT('',(2.596938786802,14.255043907375));
#402 = CARTESIAN_POINT('',(2.616145938441,14.220048533689));
#403 = CARTESIAN_POINT('',(2.635487380457,14.190978294752));
#404 = CARTESIAN_POINT('',(2.664475925755,14.157064095724));
#405 = CARTESIAN_POINT('',(2.674004206674,14.147448982132));
#406 = CARTESIAN_POINT('',(2.683553271526,14.139378750485));
#407 = CARTESIAN_POINT('',(2.69311872473,14.132887606063));
#408 = CARTESIAN_POINT('',(2.70269643972,14.128001428011));
#409 = CARTESIAN_POINT('',(2.712282544091,14.124737723342));
#410 = CARTESIAN_POINT('',(2.721873404747,14.12310558095));
#411 = CARTESIAN_POINT('',(2.73146561305,14.123105625618));
#412 = ( GEOMETRIC_REPRESENTATION_CONTEXT(2) 
PARAMETRIC_REPRESENTATION_CONTEXT() REPRESENTATION_CONTEXT('2D SPACE',''
  ) );
#413 = PCURVE('',#112,#414);
#414 = DEFINITIONAL_REPRESENTATION('',(#415),#488);
#415 = B_SPLINE_CURVE_WITH_KNOTS('',8,(#416,#417,#418,#419,#420,#421,
    #422,#423,#424,#425,#426,#427,#428,#429,#430,#431,#432,#433,#434,
    #435,#436,#437,#438,#439,#440,#441,#442,#443,#444,#445,#446,#447,
    #448,#449,#450,#451,#452,#453,#454,#455,#456,#457,#458,#459,#460,
    #461,#462,#463,#464,#465,#466,#467,#468,#469,#470,#471,#472,#473,
    #474,#475,#476,#477,#478,#479,#480,#481,#482,#483,#484,#485,#486,
    #487),.UNSPECIFIED.,.F.,.F.,(9,7,7,7,7,7,7,7,7,7,9),(0.,
    7.04129396595E-02,0.302677566448,0.370303484729,0.484595489753,
    0.530159756402,0.590031634826,0.762124978329,0.909306049144,
    0.970269357851,1.),.UNSPECIFIED.);
#416 = CARTESIAN_POINT('',(5.665417453189,3.189808891316));
#417 = CARTESIAN_POINT('',(5.652820916376,3.340838751312));
#418 = CARTESIAN_POINT('',(5.63982622048,3.489985128994));
#419 = CARTESIAN_POINT('',(5.62646150494,3.637288767122));
#420 = CARTESIAN_POINT('',(5.612748262937,3.782799053703));
#421 = CARTESIAN_POINT('',(5.598701778746,3.926571312747));
#422 = CARTESIAN_POINT('',(5.584331565077,4.06866409502));
#423 = CARTESIAN_POINT('',(5.569641800423,4.209136468792));
#424 = CARTESIAN_POINT('',(5.505119560753,4.806251010478));
#425 = CARTESIAN_POINT('',(5.452577042417,5.243238509272));
#426 = CARTESIAN_POINT('',(5.396861192501,5.663681641119));
#427 = CARTESIAN_POINT('',(5.337489110892,6.068308643453));
#428 = CARTESIAN_POINT('',(5.273972585482,6.454372623638));
#429 = CARTESIAN_POINT('',(5.205808373737,6.815147739399));
#430 = CARTESIAN_POINT('',(5.132482463037,7.13977038312));
#431 = CARTESIAN_POINT('',(5.03038570281,7.491431722883));
#432 = CARTESIAN_POINT('',(5.006823154913,7.56648174437));
#433 = CARTESIAN_POINT('',(4.98274587752,7.636700223727));
#434 = CARTESIAN_POINT('',(4.958176643981,7.701529019606));
#435 = CARTESIAN_POINT('',(4.933136302455,7.760432109612));
#436 = CARTESIAN_POINT('',(4.907643871941,7.812894623122));
#437 = CARTESIAN_POINT('',(4.881716638309,7.858421874099));
#438 = CARTESIAN_POINT('',(4.810843217169,7.960957681438));
#439 = CARTESIAN_POINT('',(4.76524875509,8.004022041864));
#440 = CARTESIAN_POINT('',(4.719059728417,8.02309311555));
#441 = CARTESIAN_POINT('',(4.672715664877,8.016884828685));
#442 = CARTESIAN_POINT('',(4.626642581044,7.985436915494));
#443 = CARTESIAN_POINT('',(4.581274348112,7.930109548825));
#444 = CARTESIAN_POINT('',(4.537075598002,7.85359907911));
#445 = CARTESIAN_POINT('',(4.477619132074,7.722650154615));
#446 = CARTESIAN_POINT('',(4.460889904391,7.682493855959));
#447 = CARTESIAN_POINT('',(4.444379836388,7.639659490573));
#448 = CARTESIAN_POINT('',(4.428090581408,7.594299697711));
#449 = CARTESIAN_POINT('',(4.412024071799,7.546566347224));
#450 = CARTESIAN_POINT('',(4.396182494224,7.496610635736));
#451 = CARTESIAN_POINT('',(4.380568264953,7.444583182831));
#452 = CARTESIAN_POINT('',(4.344968941944,7.31974455662));
#453 = CARTESIAN_POINT('',(4.325144794677,7.245515682878));
#454 = CARTESIAN_POINT('',(4.305700235883,7.168221855242));
#455 = CARTESIAN_POINT('',(4.286624435498,7.088114125226));
#456 = CARTESIAN_POINT('',(4.26790682914,7.005420168235));
#457 = CARTESIAN_POINT('',(4.249536886369,6.920344205171));
#458 = CARTESIAN_POINT('',(4.231503878942,6.833066924046));
#459 = CARTESIAN_POINT('',(4.162899692574,6.487003173828));
#460 = CARTESIAN_POINT('',(4.114570720563,6.212747710876));
#461 = CARTESIAN_POINT('',(4.068607273909,5.924746276134));
#462 = CARTESIAN_POINT('',(4.024828842904,5.625600629373));
#463 = CARTESIAN_POINT('',(3.983069158328,5.316847365563));
#464 = CARTESIAN_POINT('',(3.943181661569,4.99909081569));
#465 = CARTESIAN_POINT('',(3.905064813454,4.672096387936));
#466 = CARTESIAN_POINT('',(3.837625155993,4.046279191588));
#467 = CARTESIAN_POINT('',(3.808029735378,3.752100398296));
#468 = CARTESIAN_POINT('',(3.779816673517,3.45099199484));
#469 = CARTESIAN_POINT('',(3.753013741503,3.141782396628));
#470 = CARTESIAN_POINT('',(3.727796925892,2.823664076904));
#471 = CARTESIAN_POINT('',(3.704496539758,2.496206547884));
#472 = CARTESIAN_POINT('',(3.683588204303,2.159121638979));
#473 = CARTESIAN_POINT('',(3.658229697873,1.667954453408));
#474 = CARTESIAN_POINT('',(3.651293662216,1.521963327149));
#475 = CARTESIAN_POINT('',(3.644910733554,1.374084539977));
#476 = CARTESIAN_POINT('',(3.639137735082,1.224509752298));
#477 = CARTESIAN_POINT('',(3.634026659277,1.073379223941));
#478 = CARTESIAN_POINT('',(3.629624915705,0.920784494241));
#479 = CARTESIAN_POINT('',(3.625975578824,0.766771062117));
#480 = CARTESIAN_POINT('',(3.621723871518,0.535540823561));
#481 = CARTESIAN_POINT('',(3.620519618997,0.459474373732));
#482 = CARTESIAN_POINT('',(3.619509644034,0.383188891067));
#483 = CARTESIAN_POINT('',(3.618697769464,0.306729687661));
#484 = CARTESIAN_POINT('',(3.618086878281,0.230140228876));
#485 = CARTESIAN_POINT('',(3.617678916774,0.153462148918));
#486 = CARTESIAN_POINT('',(3.617474897667,7.673526641693E-02));
#487 = CARTESIAN_POINT('',(3.61747490325,-2.4E-06));
#488 = ( GEOMETRIC_REPRESENTATION_CONTEXT(2) 
PARAMETRIC_REPRESENTATION_CONTEXT() REPRESENTATION_CONTEXT('2D SPACE',''
  ) );
#489 = ORIENTED_EDGE('',*,*,#490,.F.);
#490 = EDGE_CURVE('',#491,#261,#493,.T.);
#491 = VERTEX_POINT('',#492);
#492 = CARTESIAN_POINT('',(692.66343954997,524.12310562561,
    823.18980889131));
#493 = SURFACE_CURVE('',#494,(#498,#504),.PCURVE_S1.);
#494 = LINE('',#495,#496);
#495 = CARTESIAN_POINT('',(692.66343954997,530.,823.18980889131));
#496 = VECTOR('',#497,1.);
#497 = DIRECTION('',(0.,-1.,2.22044604925E-16));
#498 = PCURVE('',#31,#499);
#499 = DEFINITIONAL_REPRESENTATION('',(#500),#503);
#500 = B_SPLINE_CURVE_WITH_KNOTS('',1,(#501,#502),.UNSPECIFIED.,.F.,.F.,
  (2,2),(-2.399999971203E-06,20.8),.PIECEWISE_BEZIER_KNOTS.);
#501 = CARTESIAN_POINT('',(2.731465313048,-2.399999970495E-06));
#502 = CARTESIAN_POINT('',(2.731465313048,20.8));
#503 = ( GEOMETRIC_REPRESENTATION_CONTEXT(2) 
PARAMETRIC_REPRESENTATION_CONTEXT() REPRESENTATION_CONTEXT('2D SPACE',''
  ) );
#504 = PCURVE('',#505,#510);
#505 = PLANE('',#506);
#506 = AXIS2_PLACEMENT_3D('',#507,#508,#509);
#507 = CARTESIAN_POINT('',(700.,520.,820.));
#508 = DIRECTION('',(0.398726111414,0.,0.917070056253));
#509 = DIRECTION('',(0.917070056253,0.,-0.398726111414));
#510 = DEFINITIONAL_REPRESENTATION('',(#511),#514);
#511 = B_SPLINE_CURVE_WITH_KNOTS('',1,(#512,#513),.UNSPECIFIED.,.F.,.F.,
  (2,2),(-2.399999971203E-06,20.8),.PIECEWISE_BEZIER_KNOTS.);
#512 = CARTESIAN_POINT('',(-8.,10.0000024));
#513 = CARTESIAN_POINT('',(-8.,-10.8));
#514 = ( GEOMETRIC_REPRESENTATION_CONTEXT(2) 
PARAMETRIC_REPRESENTATION_CONTEXT() REPRESENTATION_CONTEXT('2D SPACE',''
  ) );
#515 = ORIENTED_EDGE('',*,*,#516,.F.);
#516 = EDGE_CURVE('',#56,#491,#517,.T.);
#517 = SURFACE_CURVE('',#518,(#591,#667),.PCURVE_S1.);
#518 = B_SPLINE_CURVE_WITH_KNOTS('',8,(#519,#520,#521,#522,#523,#524,
    #525,#526,#527,#528,#529,#530,#531,#532,#533,#534,#535,#536,#537,
    #538,#539,#540,#541,#542,#543,#544,#545,#546,#547,#548,#549,#550,
    #551,#552,#553,#554,#555,#556,#557,#558,#559,#560,#561,#562,#563,
    #564,#565,#566,#567,#568,#569,#570,#571,#572,#573,#574,#575,#576,
    #577,#578,#579,#580,#581,#582,#583,#584,#585,#586,#587,#588,#589,
    #590),.UNSPECIFIED.,.F.,.F.,(9,7,7,7,7,7,7,7,7,7,9),(0.,
    7.041294056638E-02,0.302677570347,0.3703034895,0.484595494665,
    0.530159760884,0.590031638743,0.762124980622,0.909306050049,
    0.970269358155,1.),.UNSPECIFIED.);
#519 = CARTESIAN_POINT('',(708.,525.212953171,820.));
#520 = CARTESIAN_POINT('',(708.,525.30536842479,820.16468737471));
#521 = CARTESIAN_POINT('',(707.99612547928,525.39975964485,
    820.32900551948));
#522 = CARTESIAN_POINT('',(707.98840672403,525.49579291834,
    820.49298569348));
#523 = CARTESIAN_POINT('',(707.97685946784,525.59318566198,
    820.65667491014));
#524 = CARTESIAN_POINT('',(707.96148199223,525.69169989801,
    820.82013424357));
#525 = CARTESIAN_POINT('',(707.94225222702,525.79113553012,
    820.98343713494));
#526 = CARTESIAN_POINT('',(707.91912485085,525.89132361939,
    821.14666769897));
#527 = CARTESIAN_POINT('',(707.80264781718,526.32460620219,
    821.8484210405));
#528 = CARTESIAN_POINT('',(707.67090089965,526.66065394932,
    822.38220625306));
#529 = CARTESIAN_POINT('',(707.49518814637,526.99638636855,822.917066585
    ));
#530 = CARTESIAN_POINT('',(707.27047410616,527.32907312097,
    823.45598545426));
#531 = CARTESIAN_POINT('',(706.98953937681,527.65367917829,
    823.9991064394));
#532 = CARTESIAN_POINT('',(706.64348065529,527.96238960969,
    824.54296648663));
#533 = CARTESIAN_POINT('',(706.22228771526,528.2437122461,
    825.08007187296));
#534 = CARTESIAN_POINT('',(705.56836118531,528.55102702714,
    825.74784956129));
#535 = CARTESIAN_POINT('',(705.41333600195,528.61681308974,
    825.89708855245));
#536 = CARTESIAN_POINT('',(705.25071571019,528.67853289147,
    826.04436130987));
#537 = CARTESIAN_POINT('',(705.08049858841,528.7356526054,
    826.18905996842));
#538 = CARTESIAN_POINT('',(704.90271247271,528.78765791428,
    826.33058793098));
#539 = CARTESIAN_POINT('',(704.71741436947,528.83405512211,
    826.46835898217));
#540 = CARTESIAN_POINT('',(704.52469006808,528.8743722656,
    826.60179640215));
#541 = CARTESIAN_POINT('',(703.98657995303,528.96526397757,
    826.94756536289));
#542 = CARTESIAN_POINT('',(703.62860769117,529.00355191179,
    827.15016411533));
#543 = CARTESIAN_POINT('',(703.25441653539,529.02055014005,
    827.33365157918));
#544 = CARTESIAN_POINT('',(702.86835522435,529.01502694976,
    827.49473462501));
#545 = CARTESIAN_POINT('',(702.47532976728,528.98701761027,
    827.63132353347));
#546 = CARTESIAN_POINT('',(702.08072443736,528.93782708334,
    827.74256049023));
#547 = CARTESIAN_POINT('',(701.69035565928,528.87001063791,
    827.82885679476));
#548 = CARTESIAN_POINT('',(701.1590070597,528.75437140521,
    827.91708738835));
#549 = CARTESIAN_POINT('',(701.00876699733,528.71894980791,
    827.93862155256));
#550 = CARTESIAN_POINT('',(700.85984412281,528.68121432782,
    827.95666278416));
#551 = CARTESIAN_POINT('',(700.71233945504,528.64131154619,
    827.97133360417));
#552 = CARTESIAN_POINT('',(700.56634956263,528.59938776685,
    827.98275762958));
#553 = CARTESIAN_POINT('',(700.42196661361,528.55558890823,
    827.99105965653));
#554 = CARTESIAN_POINT('',(700.27927842522,528.51006039535,
    827.99636574363));
#555 = CARTESIAN_POINT('',(699.95321155373,528.40103967177,
    828.00200626093));
#556 = CARTESIAN_POINT('',(699.7710687271,528.33637713555,
    828.00025746024));
#557 = CARTESIAN_POINT('',(699.59197034813,528.26923044354,
    827.99384287131));
#558 = CARTESIAN_POINT('',(699.41593097497,528.19985032869,
    827.98302991843));
#559 = CARTESIAN_POINT('',(699.24294946127,528.12846740189,
    827.96806736394));
#560 = CARTESIAN_POINT('',(699.07300900787,528.05529229736,
    827.94918520026));
#561 = CARTESIAN_POINT('',(698.90607721457,527.98051581797,
    827.92659454193));
#562 = CARTESIAN_POINT('',(698.27079418009,527.68526346885,
    827.82544652646));
#563 = CARTESIAN_POINT('',(697.82279905847,527.45386857834,
    827.72117083943));
#564 = CARTESIAN_POINT('',(697.39754693961,527.21424930493,
    827.59201788082));
#565 = CARTESIAN_POINT('',(696.99388759296,526.96957814555,
    827.44132478579));
#566 = CARTESIAN_POINT('',(696.61026451718,526.72226702209,
    827.27144384213));
#567 = CARTESIAN_POINT('',(696.24492399701,526.47416877279,
    827.08379651492));
#568 = CARTESIAN_POINT('',(695.89610768071,526.22691229471,
    826.87889149913));
#569 = CARTESIAN_POINT('',(695.27657929075,525.77346020545,
    826.46584230193));
#570 = CARTESIAN_POINT('',(695.00372178184,525.56785790134,
    826.2636948449));
#571 = CARTESIAN_POINT('',(694.74160516339,525.36636027442,
    826.04932118598));
#572 = CARTESIAN_POINT('',(694.48910999848,525.17025815038,
    825.82193050679));
#573 = CARTESIAN_POINT('',(694.24595195809,524.98183586514,
    825.58076587786));
#574 = CARTESIAN_POINT('',(694.01240946931,524.80461626512,
    825.32523682746));
#575 = CARTESIAN_POINT('',(693.78902500621,524.64335060623,
    825.05479326768));
#576 = CARTESIAN_POINT('',(693.48844958675,524.44575375156,
    824.64989517425));
#577 = CARTESIAN_POINT('',(693.40204289716,524.39142311806,
    824.52827030797));
#578 = CARTESIAN_POINT('',(693.317516612,524.34118945274,824.40376951389
    ));
#579 = CARTESIAN_POINT('',(693.23506735453,524.29557012687,
    824.27651629579));
#580 = CARTESIAN_POINT('',(693.15484746829,524.25504390737,
    824.14659736079));
#581 = CARTESIAN_POINT('',(693.07697581584,524.22004853369,
    824.01406084665));
#582 = CARTESIAN_POINT('',(693.00154857768,524.19097829476,
    823.87891454907));
#583 = CARTESIAN_POINT('',(692.89309883079,524.15706409572,
    823.6739264007));
#584 = CARTESIAN_POINT('',(692.85818214032,524.14744898213,
    823.60616248976));
#585 = CARTESIAN_POINT('',(692.82392922425,524.13937875048,
    823.53787114146));
#586 = CARTESIAN_POINT('',(692.79036624407,524.13288760606,
    823.46909039085));
#587 = CARTESIAN_POINT('',(692.7575164494,524.12800142801,
    823.39985752531));
#588 = CARTESIAN_POINT('',(692.72540034924,524.12473772334,
    823.33020902704));
#589 = CARTESIAN_POINT('',(692.69403588324,524.12310558095,
    823.26018051558));
#590 = CARTESIAN_POINT('',(692.66343859302,524.12310562561,
    823.18980669034));
#591 = PCURVE('',#31,#592);
#592 = DEFINITIONAL_REPRESENTATION('',(#593),#666);
#593 = B_SPLINE_CURVE_WITH_KNOTS('',8,(#594,#595,#596,#597,#598,#599,
    #600,#601,#602,#603,#604,#605,#606,#607,#608,#609,#610,#611,#612,
    #613,#614,#615,#616,#617,#618,#619,#620,#621,#622,#623,#624,#625,
    #626,#627,#628,#629,#630,#631,#632,#633,#634,#635,#636,#637,#638,
    #639,#640,#641,#642,#643,#644,#645,#646,#647,#648,#649,#650,#651,
    #652,#653,#654,#655,#656,#657,#658,#659,#660,#661,#662,#663,#664,
    #665),.UNSPECIFIED.,.F.,.F.,(9,7,7,7,7,7,7,7,7,7,9),(0.,
    7.041294056638E-02,0.302677570347,0.3703034895,0.484595494665,
    0.530159760884,0.590031638743,0.762124980622,0.909306050049,
    0.970269358155,1.),.UNSPECIFIED.);
#594 = CARTESIAN_POINT('',(0.,4.787046828993));
#595 = CARTESIAN_POINT('',(2.058592183959E-02,4.694631575208));
#596 = CARTESIAN_POINT('',(4.112567553651E-02,4.60024035515));
#597 = CARTESIAN_POINT('',(6.163650750947E-02,4.50420708166));
#598 = CARTESIAN_POINT('',(8.213730431838E-02,4.406814338016));
#599 = CARTESIAN_POINT('',(0.102648686208,4.308300101985));
#600 = CARTESIAN_POINT('',(0.123193100649,4.208864469877));
#601 = CARTESIAN_POINT('',(0.143794915885,4.108676380605));
#602 = CARTESIAN_POINT('',(0.232714178045,3.675393797802));
#603 = CARTESIAN_POINT('',(0.301233397373,3.339346050678));
#604 = CARTESIAN_POINT('',(0.371268676142,3.003613631444));
#605 = CARTESIAN_POINT('',(0.443794350666,2.670926879027));
#606 = CARTESIAN_POINT('',(0.519663652647,2.346320821699));
#607 = CARTESIAN_POINT('',(0.59962919587,2.03761039031));
#608 = CARTESIAN_POINT('',(0.684434432297,1.756287753896));
#609 = CARTESIAN_POINT('',(0.801264099147,1.448972972856));
#610 = CARTESIAN_POINT('',(0.828150662564,1.383186910253));
#611 = CARTESIAN_POINT('',(0.855553750291,1.321467108523));
#612 = CARTESIAN_POINT('',(0.883451881484,1.264347394599));
#613 = CARTESIAN_POINT('',(0.911826621936,1.212342085713));
#614 = CARTESIAN_POINT('',(0.940662396211,1.165944877882));
#615 = CARTESIAN_POINT('',(0.969946299782,1.125627734398));
#616 = CARTESIAN_POINT('',(1.049899281095,1.034736022421));
#617 = CARTESIAN_POINT('',(1.101234383624,0.996448088203));
#618 = CARTESIAN_POINT('',(1.153176546684,0.979449859944));
#619 = CARTESIAN_POINT('',(1.2052753143,0.984973050235));
#620 = CARTESIAN_POINT('',(1.257099235963,1.012982389728));
#621 = CARTESIAN_POINT('',(1.308206025287,1.062172916655));
#622 = CARTESIAN_POINT('',(1.358110087931,1.129989362086));
#623 = CARTESIAN_POINT('',(1.425438106328,1.245628594784));
#624 = CARTESIAN_POINT('',(1.444405373647,1.281050192086));
#625 = CARTESIAN_POINT('',(1.463149461659,1.318785672173));
#626 = CARTESIAN_POINT('',(1.48167014311,1.358688453803));
#627 = CARTESIAN_POINT('',(1.499966749862,1.400612233144));
#628 = CARTESIAN_POINT('',(1.518038200171,1.444411091767));
#629 = CARTESIAN_POINT('',(1.535883025962,1.489939604643));
#630 = CARTESIAN_POINT('',(1.576647482776,1.59896032823));
#631 = CARTESIAN_POINT('',(1.599408158408,1.663622864447));
#632 = CARTESIAN_POINT('',(1.621797126858,1.730769556456));
#633 = CARTESIAN_POINT('',(1.643829418623,1.80014967131));
#634 = CARTESIAN_POINT('',(1.66551973912,1.871532598105));
#635 = CARTESIAN_POINT('',(1.686882812957,1.944707702633));
#636 = CARTESIAN_POINT('',(1.707933728206,2.019484182026));
#637 = CARTESIAN_POINT('',(1.788344339964,2.314736531143));
#638 = CARTESIAN_POINT('',(1.845696639208,2.546131421656));
#639 = CARTESIAN_POINT('',(1.901053912105,2.785750695063));
#640 = CARTESIAN_POINT('',(1.954711160241,3.030421854441));
#641 = CARTESIAN_POINT('',(2.006976684423,3.277732977903));
#642 = CARTESIAN_POINT('',(2.05817763443,3.525831227208));
#643 = CARTESIAN_POINT('',(2.10866422379,3.773087705285));
#644 = CARTESIAN_POINT('',(2.201738880087,4.226539794545));
#645 = CARTESIAN_POINT('',(2.244134215696,4.432142098657));
#646 = CARTESIAN_POINT('',(2.286380774065,4.633639725575));
#647 = CARTESIAN_POINT('',(2.328757600281,4.829741849618));
#648 = CARTESIAN_POINT('',(2.371464979214,5.018164134856));
#649 = CARTESIAN_POINT('',(2.414647227432,5.195383734881));
#650 = CARTESIAN_POINT('',(2.458434823968,5.356649393768));
#651 = CARTESIAN_POINT('',(2.521468551157,5.554246248431));
#652 = CARTESIAN_POINT('',(2.540113637267,5.608576881934));
#653 = CARTESIAN_POINT('',(2.558916949935,5.658810547258));
#654 = CARTESIAN_POINT('',(2.577861726424,5.704429873128));
#655 = CARTESIAN_POINT('',(2.596938786805,5.744956092628));
#656 = CARTESIAN_POINT('',(2.616145938438,5.779951466302));
#657 = CARTESIAN_POINT('',(2.63548738045,5.80902170524));
#658 = CARTESIAN_POINT('',(2.664475925755,5.842935904276));
#659 = CARTESIAN_POINT('',(2.674004206674,5.852551017868));
#660 = CARTESIAN_POINT('',(2.683553271526,5.860621249515));
#661 = CARTESIAN_POINT('',(2.69311872473,5.867112393937));
#662 = CARTESIAN_POINT('',(2.70269643972,5.871998571989));
#663 = CARTESIAN_POINT('',(2.712282544091,5.875262276658));
#664 = CARTESIAN_POINT('',(2.721873404747,5.87689441905));
#665 = CARTESIAN_POINT('',(2.73146561305,5.876894374382));
#666 = ( GEOMETRIC_REPRESENTATION_CONTEXT(2) 
PARAMETRIC_REPRESENTATION_CONTEXT() REPRESENTATION_CONTEXT('2D SPACE',''
  ) );
#667 = PCURVE('',#112,#668);
#668 = DEFINITIONAL_REPRESENTATION('',(#669),#742);
#669 = B_SPLINE_CURVE_WITH_KNOTS('',8,(#670,#671,#672,#673,#674,#675,
    #676,#677,#678,#679,#680,#681,#682,#683,#684,#685,#686,#687,#688,
    #689,#690,#691,#692,#693,#694,#695,#696,#697,#698,#699,#700,#701,
    #702,#703,#704,#705,#706,#707,#708,#709,#710,#711,#712,#713,#714,
    #715,#716,#717,#718,#719,#720,#721,#722,#723,#724,#725,#726,#727,
    #728,#729,#730,#731,#732,#733,#734,#735,#736,#737,#738,#739,#740,
    #741),.UNSPECIFIED.,.F.,.F.,(9,7,7,7,7,7,7,7,7,7,9),(0.,
    7.041294056638E-02,0.302677570347,0.3703034895,0.484595494665,
    0.530159760884,0.590031638743,0.762124980622,0.909306050049,
    0.970269358155,1.),.UNSPECIFIED.);
#670 = CARTESIAN_POINT('',(0.617767853991,3.189808891316));
#671 = CARTESIAN_POINT('',(0.630364390803,3.340838751311));
#672 = CARTESIAN_POINT('',(0.643359086699,3.489985128994));
#673 = CARTESIAN_POINT('',(0.65672380224,3.637288767122));
#674 = CARTESIAN_POINT('',(0.670437044243,3.782799053703));
#675 = CARTESIAN_POINT('',(0.684483528433,3.926571312747));
#676 = CARTESIAN_POINT('',(0.698853742102,4.06866409502));
#677 = CARTESIAN_POINT('',(0.713543506756,4.209136468792));
#678 = CARTESIAN_POINT('',(0.778065746427,4.806251010479));
#679 = CARTESIAN_POINT('',(0.830608264762,5.243238509266));
#680 = CARTESIAN_POINT('',(0.886324114679,5.663681641131));
#681 = CARTESIAN_POINT('',(0.945696196287,6.068308643441));
#682 = CARTESIAN_POINT('',(1.009212721697,6.454372623645));
#683 = CARTESIAN_POINT('',(1.077376933443,6.815147739397));
#684 = CARTESIAN_POINT('',(1.150702844142,7.139770383121));
#685 = CARTESIAN_POINT('',(1.25279960437,7.491431722883));
#686 = CARTESIAN_POINT('',(1.276362152266,7.56648174437));
#687 = CARTESIAN_POINT('',(1.30043942966,7.636700223727));
#688 = CARTESIAN_POINT('',(1.325008663199,7.701529019606));
#689 = CARTESIAN_POINT('',(1.350049004724,7.760432109612));
#690 = CARTESIAN_POINT('',(1.375541435239,7.812894623122));
#691 = CARTESIAN_POINT('',(1.40146866887,7.858421874099));
#692 = CARTESIAN_POINT('',(1.472342089492,7.960957680687));
#693 = CARTESIAN_POINT('',(1.517936552904,8.004022042018));
#694 = CARTESIAN_POINT('',(1.5641255788,8.023093116343));
#695 = CARTESIAN_POINT('',(1.610469641568,8.016884828929));
#696 = CARTESIAN_POINT('',(1.656542726121,7.985436914712));
#697 = CARTESIAN_POINT('',(1.701910959857,7.930109548155));
#698 = CARTESIAN_POINT('',(1.746109708723,7.85359908011));
#699 = CARTESIAN_POINT('',(1.805566175105,7.722650154615));
#700 = CARTESIAN_POINT('',(1.822295402789,7.682493855959));
#701 = CARTESIAN_POINT('',(1.838805470791,7.639659490573));
#702 = CARTESIAN_POINT('',(1.855094725772,7.594299697711));
#703 = CARTESIAN_POINT('',(1.87116123538,7.546566347224));
#704 = CARTESIAN_POINT('',(1.887002812956,7.496610635736));
#705 = CARTESIAN_POINT('',(1.902617042227,7.444583182831));
#706 = CARTESIAN_POINT('',(1.938216365235,7.31974455662));
#707 = CARTESIAN_POINT('',(1.958040512503,7.245515682878));
#708 = CARTESIAN_POINT('',(1.977485071297,7.168221855242));
#709 = CARTESIAN_POINT('',(1.996560871682,7.088114125226));
#710 = CARTESIAN_POINT('',(2.015278478039,7.005420168235));
#711 = CARTESIAN_POINT('',(2.033648420811,6.920344205171));
#712 = CARTESIAN_POINT('',(2.051681428238,6.833066924046));
#713 = CARTESIAN_POINT('',(2.120285614606,6.487003173828));
#714 = CARTESIAN_POINT('',(2.168614586617,6.212747710876));
#715 = CARTESIAN_POINT('',(2.21457803327,5.924746276135));
#716 = CARTESIAN_POINT('',(2.258356464276,5.625600629374));
#717 = CARTESIAN_POINT('',(2.300116148852,5.316847365562));
#718 = CARTESIAN_POINT('',(2.34000364561,4.99909081569));
#719 = CARTESIAN_POINT('',(2.378120493726,4.672096387936));
#720 = CARTESIAN_POINT('',(2.445560151187,4.046279191588));
#721 = CARTESIAN_POINT('',(2.475155571802,3.752100398296));
#722 = CARTESIAN_POINT('',(2.503368633662,3.450991994841));
#723 = CARTESIAN_POINT('',(2.530171565676,3.141782396628));
#724 = CARTESIAN_POINT('',(2.555388381288,2.823664076904));
#725 = CARTESIAN_POINT('',(2.578688767422,2.496206547885));
#726 = CARTESIAN_POINT('',(2.599597102877,2.159121638978));
#727 = CARTESIAN_POINT('',(2.624955609303,1.667954453469));
#728 = CARTESIAN_POINT('',(2.631891644963,1.521963327168));
#729 = CARTESIAN_POINT('',(2.638274573628,1.374084539942));
#730 = CARTESIAN_POINT('',(2.6440475721,1.224509752244));
#731 = CARTESIAN_POINT('',(2.649158647903,1.073379223914));
#732 = CARTESIAN_POINT('',(2.653560391473,0.920784494267));
#733 = CARTESIAN_POINT('',(2.657209728354,0.766771062174));
#734 = CARTESIAN_POINT('',(2.661461435662,0.535540823561));
#735 = CARTESIAN_POINT('',(2.662665688183,0.459474373732));
#736 = CARTESIAN_POINT('',(2.663675663145,0.383188891067));
#737 = CARTESIAN_POINT('',(2.664487537715,0.306729687661));
#738 = CARTESIAN_POINT('',(2.665098428899,0.230140228876));
#739 = CARTESIAN_POINT('',(2.665506390406,0.153462148918));
#740 = CARTESIAN_POINT('',(2.665710409513,7.67352664168E-02));
#741 = CARTESIAN_POINT('',(2.665710403929,-2.4E-06));
#742 = ( GEOMETRIC_REPRESENTATION_CONTEXT(2) 
PARAMETRIC_REPRESENTATION_CONTEXT() REPRESENTATION_CONTEXT('2D SPACE',''
  ) );
#743 = ORIENTED_EDGE('',*,*,#55,.F.);
#744 = FACE_BOUND('',#745,.T.);
#745 = EDGE_LOOP('',(#746,#803,#839));
#746 = ORIENTED_EDGE('',*,*,#747,.F.);
#747 = EDGE_CURVE('',#748,#750,#752,.T.);
#748 = VERTEX_POINT('',#749);
#749 = CARTESIAN_POINT('',(698.1789543596,418.,827.78998028082));
#750 = VERTEX_POINT('',#751);
#751 = CARTESIAN_POINT('',(701.82104564039,418.,812.21001971917));
#752 = SURFACE_CURVE('',#753,(#758,#778),.PCURVE_S1.);
#753 = ELLIPSE('',#754,11.313708498985,8.);
#754 = AXIS2_PLACEMENT_3D('',#755,#756,#757);
#755 = CARTESIAN_POINT('',(700.,418.,820.));
#756 = DIRECTION('',(-0.688543485235,-0.707106781187,-0.160959215147));
#757 = DIRECTION('',(0.688543485235,-0.707106781187,0.160959215147));
#758 = PCURVE('',#31,#759);
#759 = DEFINITIONAL_REPRESENTATION('',(#760),#777);
#760 = B_SPLINE_CURVE_WITH_KNOTS('',8,(#761,#762,#763,#764,#765,#766,
    #767,#768,#769,#770,#771,#772,#773,#774,#775,#776),.UNSPECIFIED.,.F.
  ,.F.,(9,7,9),(1.570796176795,3.141592435691,4.712388694588),
  .UNSPECIFIED.);
#761 = CARTESIAN_POINT('',(1.800439993165,112.0000012));
#762 = CARTESIAN_POINT('',(1.996789525527,110.4292049411));
#763 = CARTESIAN_POINT('',(2.193139057887,108.85840825633));
#764 = CARTESIAN_POINT('',(2.389488590247,107.37989514321));
#765 = CARTESIAN_POINT('',(2.585838122612,106.08593110635));
#766 = CARTESIAN_POINT('',(2.782187654975,105.05745654436));
#767 = CARTESIAN_POINT('',(2.978537187336,104.352486862));
#768 = CARTESIAN_POINT('',(3.174886719699,104.00000034227));
#769 = CARTESIAN_POINT('',(3.567585784423,103.99999965772));
#770 = CARTESIAN_POINT('',(3.763935316778,104.35248549278));
#771 = CARTESIAN_POINT('',(3.960284849158,105.05745453084));
#772 = CARTESIAN_POINT('',(4.156634381481,106.08592852857));
#773 = CARTESIAN_POINT('',(4.352983913888,107.37989211775));
#774 = CARTESIAN_POINT('',(4.549333446229,108.85840492346));
#775 = CARTESIAN_POINT('',(4.745682978595,110.42920145472));
#776 = CARTESIAN_POINT('',(4.942032510957,111.99999771362));
#777 = ( GEOMETRIC_REPRESENTATION_CONTEXT(2) 
PARAMETRIC_REPRESENTATION_CONTEXT() REPRESENTATION_CONTEXT('2D SPACE',''
  ) );
#778 = PCURVE('',#779,#784);
#779 = CYLINDRICAL_SURFACE('',#780,8.);
#780 = AXIS2_PLACEMENT_3D('',#781,#782,#783);
#781 = CARTESIAN_POINT('',(700.,418.,820.));
#782 = DIRECTION('',(-0.973747535103,0.,-0.22763070505));
#783 = DIRECTION('',(0.22763070505,0.,-0.973747535103));
#784 = DEFINITIONAL_REPRESENTATION('',(#785),#802);
#785 = B_SPLINE_CURVE_WITH_KNOTS('',8,(#786,#787,#788,#789,#790,#791,
    #792,#793,#794,#795,#796,#797,#798,#799,#800,#801),.UNSPECIFIED.,.F.
  ,.F.,(9,7,9),(1.570796176795,3.141592435691,4.712388694588),
  .UNSPECIFIED.);
#786 = CARTESIAN_POINT('',(3.14159250359,-1.199999928758E-06));
#787 = CARTESIAN_POINT('',(3.337942035952,1.570795058896));
#788 = CARTESIAN_POINT('',(3.534291568312,3.141591743622));
#789 = CARTESIAN_POINT('',(3.730641100668,4.620104856564));
#790 = CARTESIAN_POINT('',(3.926990633052,5.914068893791));
#791 = CARTESIAN_POINT('',(4.123340165392,6.942543455418));
#792 = CARTESIAN_POINT('',(4.319689697762,7.647513138028));
#793 = CARTESIAN_POINT('',(4.516039230124,7.999999657726));
#794 = CARTESIAN_POINT('',(4.908738294848,8.000000342274));
#795 = CARTESIAN_POINT('',(5.105087827206,7.647514507131));
#796 = CARTESIAN_POINT('',(5.301437359569,6.942545468839));
#797 = CARTESIAN_POINT('',(5.497786891934,5.914071471107));
#798 = CARTESIAN_POINT('',(5.694136424299,4.620107882114));
#799 = CARTESIAN_POINT('',(5.890485956654,3.141595076388));
#800 = CARTESIAN_POINT('',(6.086835489021,1.570798545273));
#801 = CARTESIAN_POINT('',(6.283185021383,2.286376229677E-06));
#802 = ( GEOMETRIC_REPRESENTATION_CONTEXT(2) 
PARAMETRIC_REPRESENTATION_CONTEXT() REPRESENTATION_CONTEXT('2D SPACE',''
  ) );
#803 = ORIENTED_EDGE('',*,*,#804,.T.);
#804 = EDGE_CURVE('',#748,#805,#807,.T.);
#805 = VERTEX_POINT('',#806);
#806 = CARTESIAN_POINT('',(692.21001971917,410.,818.1789543596));
#807 = SURFACE_CURVE('',#808,(#813,#826),.PCURVE_S1.);
#808 = ELLIPSE('',#809,11.313708498985,8.);
#809 = AXIS2_PLACEMENT_3D('',#810,#811,#812);
#810 = CARTESIAN_POINT('',(700.,418.,820.));
#811 = DIRECTION('',(0.688543485235,-0.707106781187,0.160959215147));
#812 = DIRECTION('',(-0.688543485235,-0.707106781187,-0.160959215147));
#813 = PCURVE('',#31,#814);
#814 = DEFINITIONAL_REPRESENTATION('',(#815),#825);
#815 = B_SPLINE_CURVE_WITH_KNOTS('',8,(#816,#817,#818,#819,#820,#821,
    #822,#823,#824),.UNSPECIFIED.,.F.,.F.,(9,9),(4.712388830385,
    6.28318530718),.PIECEWISE_BEZIER_KNOTS.);
#816 = CARTESIAN_POINT('',(1.800439993165,111.9999988));
#817 = CARTESIAN_POINT('',(1.996789552764,113.57079527679));
#818 = CARTESIAN_POINT('',(2.193139112361,115.14159217941));
#819 = CARTESIAN_POINT('',(2.389488671965,116.6201054721));
#820 = CARTESIAN_POINT('',(2.585838231556,117.91406961134));
#821 = CARTESIAN_POINT('',(2.782187791163,118.94254416879));
#822 = CARTESIAN_POINT('',(2.978537350759,119.64751372471));
#823 = CARTESIAN_POINT('',(3.17488691036,120.));
#824 = CARTESIAN_POINT('',(3.37123646996,120.));
#825 = ( GEOMETRIC_REPRESENTATION_CONTEXT(2) 
PARAMETRIC_REPRESENTATION_CONTEXT() REPRESENTATION_CONTEXT('2D SPACE',''
  ) );
#826 = PCURVE('',#779,#827);
#827 = DEFINITIONAL_REPRESENTATION('',(#828),#838);
#828 = B_SPLINE_CURVE_WITH_KNOTS('',8,(#829,#830,#831,#832,#833,#834,
    #835,#836,#837),.UNSPECIFIED.,.F.,.F.,(9,9),(4.712388830385,
    6.28318530718),.PIECEWISE_BEZIER_KNOTS.);
#829 = CARTESIAN_POINT('',(3.14159280359,-1.199999928758E-06));
#830 = CARTESIAN_POINT('',(2.94524324399,1.570795276795));
#831 = CARTESIAN_POINT('',(2.74889368439,3.141592179411));
#832 = CARTESIAN_POINT('',(2.552544124788,4.620105471884));
#833 = CARTESIAN_POINT('',(2.356194565196,5.914069611743));
#834 = CARTESIAN_POINT('',(2.159845005588,6.942544168774));
#835 = CARTESIAN_POINT('',(1.963495445993,7.647513724783));
#836 = CARTESIAN_POINT('',(1.767145886394,8.));
#837 = CARTESIAN_POINT('',(1.570796326795,8.));
#838 = ( GEOMETRIC_REPRESENTATION_CONTEXT(2) 
PARAMETRIC_REPRESENTATION_CONTEXT() REPRESENTATION_CONTEXT('2D SPACE',''
  ) );
#839 = ORIENTED_EDGE('',*,*,#840,.T.);
#840 = EDGE_CURVE('',#805,#750,#841,.T.);
#841 = SURFACE_CURVE('',#842,(#847,#860),.PCURVE_S1.);
#842 = ELLIPSE('',#843,11.313708498985,8.);
#843 = AXIS2_PLACEMENT_3D('',#844,#845,#846);
#844 = CARTESIAN_POINT('',(700.,418.,820.));
#845 = DIRECTION('',(0.688543485235,-0.707106781187,0.160959215147));
#846 = DIRECTION('',(-0.688543485235,-0.707106781187,-0.160959215147));
#847 = PCURVE('',#31,#848);
#848 = DEFINITIONAL_REPRESENTATION('',(#849),#859);
#849 = B_SPLINE_CURVE_WITH_KNOTS('',8,(#850,#851,#852,#853,#854,#855,
    #856,#857,#858),.UNSPECIFIED.,.F.,.F.,(9,9),(0.,1.570796326795),
  .PIECEWISE_BEZIER_KNOTS.);
#850 = CARTESIAN_POINT('',(3.37123646996,120.));
#851 = CARTESIAN_POINT('',(3.567586010809,120.));
#852 = CARTESIAN_POINT('',(3.763935551654,119.64751379213));
#853 = CARTESIAN_POINT('',(3.960285092502,118.94254437042));
#854 = CARTESIAN_POINT('',(4.156634633346,117.91407000494));
#855 = CARTESIAN_POINT('',(4.352984174195,116.62010608922));
#856 = CARTESIAN_POINT('',(4.549333715054,115.1415930266));
#857 = CARTESIAN_POINT('',(4.745683255905,113.57079632679));
#858 = CARTESIAN_POINT('',(4.942032796754,112.));
#859 = ( GEOMETRIC_REPRESENTATION_CONTEXT(2) 
PARAMETRIC_REPRESENTATION_CONTEXT() REPRESENTATION_CONTEXT('2D SPACE',''
  ) );
#860 = PCURVE('',#779,#861);
#861 = DEFINITIONAL_REPRESENTATION('',(#862),#872);
#862 = B_SPLINE_CURVE_WITH_KNOTS('',8,(#863,#864,#865,#866,#867,#868,
    #869,#870,#871),.UNSPECIFIED.,.F.,.F.,(9,9),(0.,1.570796326795),
  .PIECEWISE_BEZIER_KNOTS.);
#863 = CARTESIAN_POINT('',(1.570796326795,8.));
#864 = CARTESIAN_POINT('',(1.374446785946,8.));
#865 = CARTESIAN_POINT('',(1.178097245096,7.647513792102));
#866 = CARTESIAN_POINT('',(0.981747704248,6.942544370731));
#867 = CARTESIAN_POINT('',(0.785398163393,5.914070004597));
#868 = CARTESIAN_POINT('',(0.58904862255,4.620106089715));
#869 = CARTESIAN_POINT('',(0.392699081698,3.141593026539));
#870 = CARTESIAN_POINT('',(0.196349540849,1.570796326795));
#871 = CARTESIAN_POINT('',(0.,-1.136868377216E-13));
#872 = ( GEOMETRIC_REPRESENTATION_CONTEXT(2) 
PARAMETRIC_REPRESENTATION_CONTEXT() REPRESENTATION_CONTEXT('2D SPACE',''
  ) );
#873 = ADVANCED_FACE('',(#874),#43,.F.);
#874 = FACE_BOUND('',#875,.T.);
#875 = EDGE_LOOP('',(#876));
#876 = ORIENTED_EDGE('',*,*,#21,.F.);
#877 = ADVANCED_FACE('',(#878),#112,.T.);
#878 = FACE_BOUND('',#879,.T.);
#879 = EDGE_LOOP('',(#880,#904,#927,#1310,#1311,#1333,#1334,#1335,#1357,
    #1358));
#880 = ORIENTED_EDGE('',*,*,#881,.T.);
#881 = EDGE_CURVE('',#134,#882,#884,.T.);
#882 = VERTEX_POINT('',#883);
#883 = CARTESIAN_POINT('',(708.25363050627,520.,816.41146499727));
#884 = SURFACE_CURVE('',#885,(#890,#897),.PCURVE_S1.);
#885 = CIRCLE('',#886,9.);
#886 = AXIS2_PLACEMENT_3D('',#887,#888,#889);
#887 = CARTESIAN_POINT('',(700.,520.,820.));
#888 = DIRECTION('',(0.398726111414,0.,0.917070056253));
#889 = DIRECTION('',(0.917070056253,0.,-0.398726111414));
#890 = PCURVE('',#112,#891);
#891 = DEFINITIONAL_REPRESENTATION('',(#892),#896);
#892 = LINE('',#893,#894);
#893 = CARTESIAN_POINT('',(0.,0.));
#894 = VECTOR('',#895,1.);
#895 = DIRECTION('',(1.,0.));
#896 = ( GEOMETRIC_REPRESENTATION_CONTEXT(2) 
PARAMETRIC_REPRESENTATION_CONTEXT() REPRESENTATION_CONTEXT('2D SPACE',''
  ) );
#897 = PCURVE('',#148,#898);
#898 = DEFINITIONAL_REPRESENTATION('',(#899),#903);
#899 = CIRCLE('',#900,9.);
#900 = AXIS2_PLACEMENT_2D('',#901,#902);
#901 = CARTESIAN_POINT('',(0.,0.));
#902 = DIRECTION('',(1.,0.));
#903 = ( GEOMETRIC_REPRESENTATION_CONTEXT(2) 
PARAMETRIC_REPRESENTATION_CONTEXT() REPRESENTATION_CONTEXT('2D SPACE',''
  ) );
#904 = ORIENTED_EDGE('',*,*,#905,.T.);
#905 = EDGE_CURVE('',#882,#906,#908,.T.);
#906 = VERTEX_POINT('',#907);
#907 = CARTESIAN_POINT('',(802.97897984612,520.,1.034279768479E+03));
#908 = SEAM_CURVE('',#909,(#913,#920),.PCURVE_S1.);
#909 = LINE('',#910,#911);
#910 = CARTESIAN_POINT('',(708.25363050627,520.,816.41146499727));
#911 = VECTOR('',#912,1.);
#912 = DIRECTION('',(0.398726111414,-1.232595164408E-32,0.917070056253)
  );
#913 = PCURVE('',#112,#914);
#914 = DEFINITIONAL_REPRESENTATION('',(#915),#919);
#915 = LINE('',#916,#917);
#916 = CARTESIAN_POINT('',(0.,-0.));
#917 = VECTOR('',#918,1.);
#918 = DIRECTION('',(0.,1.));
#919 = ( GEOMETRIC_REPRESENTATION_CONTEXT(2) 
PARAMETRIC_REPRESENTATION_CONTEXT() REPRESENTATION_CONTEXT('2D SPACE',''
  ) );
#920 = PCURVE('',#112,#921);
#921 = DEFINITIONAL_REPRESENTATION('',(#922),#926);
#922 = LINE('',#923,#924);
#923 = CARTESIAN_POINT('',(6.28318530718,-0.));
#924 = VECTOR('',#925,1.);
#925 = DIRECTION('',(0.,1.));
#926 = ( GEOMETRIC_REPRESENTATION_CONTEXT(2) 
PARAMETRIC_REPRESENTATION_CONTEXT() REPRESENTATION_CONTEXT('2D SPACE',''
  ) );
#927 = ORIENTED_EDGE('',*,*,#928,.F.);
#928 = EDGE_CURVE('',#906,#906,#929,.T.);
#929 = SURFACE_CURVE('',#930,(#1053,#1179),.PCURVE_S1.);
#930 = B_SPLINE_CURVE_WITH_KNOTS('',7,(#931,#932,#933,#934,#935,#936,
    #937,#938,#939,#940,#941,#942,#943,#944,#945,#946,#947,#948,#949,
    #950,#951,#952,#953,#954,#955,#956,#957,#958,#959,#960,#961,#962,
    #963,#964,#965,#966,#967,#968,#969,#970,#971,#972,#973,#974,#975,
    #976,#977,#978,#979,#980,#981,#982,#983,#984,#985,#986,#987,#988,
    #989,#990,#991,#992,#993,#994,#995,#996,#997,#998,#999,#1000,#1001,
    #1002,#1003,#1004,#1005,#1006,#1007,#1008,#1009,#1010,#1011,#1012,
    #1013,#1014,#1015,#1016,#1017,#1018,#1019,#1020,#1021,#1022,#1023,
    #1024,#1025,#1026,#1027,#1028,#1029,#1030,#1031,#1032,#1033,#1034,
    #1035,#1036,#1037,#1038,#1039,#1040,#1041,#1042,#1043,#1044,#1045,
    #1046,#1047,#1048,#1049,#1050,#1051,#1052),.UNSPECIFIED.,.T.,.F.,(8,
    6,6,6,6,6,6,6,6,6,6,6,6,6,6,6,6,6,6,6,8),(0.,4.894941781448E-02,
    9.52616880385E-02,0.150277792812,0.195009878914,0.250039036865,
    0.305762992687,0.351681280328,0.404908773028,0.451439515405,
    0.500147271303,0.5491118974,0.595438556564,0.669544070968,
    0.715769579858,0.772532362091,0.806199984783,0.851980255099,
    0.905047761079,0.951438645771,1.),.UNSPECIFIED.);
#931 = CARTESIAN_POINT('',(802.97897984612,520.,1.034279768479E+03));
#932 = CARTESIAN_POINT('',(802.97897984612,520.3510667654,
    1.034279768479E+03));
#933 = CARTESIAN_POINT('',(802.95999433071,520.70199313613,
    1.034276170731E+03));
#934 = CARTESIAN_POINT('',(802.92205034445,521.05204679571,
    1.034268980348E+03));
#935 = CARTESIAN_POINT('',(802.8652720304,521.40048750173,
    1.034258370517E+03));
#936 = CARTESIAN_POINT('',(802.78988340028,521.74655323742,
    1.034244681784E+03));
#937 = CARTESIAN_POINT('',(802.69621919699,522.08944663753,
    1.034228406492E+03));
#938 = CARTESIAN_POINT('',(802.47927423104,522.74893986171,
    1.034192893332E+03));
#939 = CARTESIAN_POINT('',(802.35785912516,523.06596677887,
    1.034173861915E+03));
#940 = CARTESIAN_POINT('',(802.2207716704,523.3790483226,
    1.034153564672E+03));
#941 = CARTESIAN_POINT('',(802.06827453861,523.68779075478,
    1.034132585661E+03));
#942 = CARTESIAN_POINT('',(801.90062685522,523.99175355516,
    1.03411158302E+03));
#943 = CARTESIAN_POINT('',(801.71809111953,524.29044226021,
    1.034091279566E+03));
#944 = CARTESIAN_POINT('',(801.28673697059,524.9311996805,
    1.034050089052E+03));
#945 = CARTESIAN_POINT('',(801.03191451267,525.27086239978,
    1.034029810038E+03));
#946 = CARTESIAN_POINT('',(800.75661652133,525.6018289127,
    1.034012891702E+03));
#947 = CARTESIAN_POINT('',(800.4608490682,525.9234312013,
    1.03400073724E+03));
#948 = CARTESIAN_POINT('',(800.14454437693,526.2347309867,
    1.033994908499E+03));
#949 = CARTESIAN_POINT('',(799.80762467367,526.53445693907,
    1.03399715678E+03));
#950 = CARTESIAN_POINT('',(799.15934491576,527.05387494302,
    1.034019451894E+03));
#951 = CARTESIAN_POINT('',(798.85475193985,527.27823676873,
    1.034036100961E+03));
#952 = CARTESIAN_POINT('',(798.53626047932,527.49308655221,
    1.034060478548E+03));
#953 = CARTESIAN_POINT('',(798.20390004605,527.69728450767,
    1.034093761525E+03));
#954 = CARTESIAN_POINT('',(797.85779382644,527.88947448676,
    1.03413723062E+03));
#955 = CARTESIAN_POINT('',(797.49819398825,528.06806223676,
    1.034192264906E+03));
#956 = CARTESIAN_POINT('',(796.66704689791,528.43186729954,
    1.034344054584E+03));
#957 = CARTESIAN_POINT('',(796.18472747336,528.61092341394,
    1.034448238534E+03));
#958 = CARTESIAN_POINT('',(795.68429719965,528.76169907865,
    1.034575205397E+03));
#959 = CARTESIAN_POINT('',(795.17173458651,528.8790772916,
    1.034726547484E+03));
#960 = CARTESIAN_POINT('',(794.65305589937,528.95932130265,
    1.034902841683E+03));
#961 = CARTESIAN_POINT('',(794.13411202094,529.,1.035103518316E+03));
#962 = CARTESIAN_POINT('',(793.1001660639,529.,1.035553060036E+03));
#963 = CARTESIAN_POINT('',(792.59350472641,528.95828761978,
    1.035798932782E+03));
#964 = CARTESIAN_POINT('',(792.10546293956,528.87607382119,
    1.036061551197E+03));
#965 = CARTESIAN_POINT('',(791.64051079914,528.75590939041,
    1.036336899693E+03));
#966 = CARTESIAN_POINT('',(791.20236618624,528.60167452408,
    1.036620039063E+03));
#967 = CARTESIAN_POINT('',(790.79395197673,528.41865876237,
    1.03690535618E+03));
#968 = CARTESIAN_POINT('',(790.10723345899,528.04486458642,
    1.037418933002E+03));
#969 = CARTESIAN_POINT('',(789.81638627335,527.85987048516,
    1.037650114074E+03));
#970 = CARTESIAN_POINT('',(789.54406268457,527.66074082245,
    1.0378790717E+03));
#971 = CARTESIAN_POINT('',(789.28934669444,527.44917232923,
    1.038104611668E+03));
#972 = CARTESIAN_POINT('',(789.05130860881,527.22659625579,
    1.038325718257E+03));
#973 = CARTESIAN_POINT('',(788.82903660633,526.99420300723,
    1.038541527906E+03));
#974 = CARTESIAN_POINT('',(788.38127644675,526.47332010813,
    1.038994448113E+03));
#975 = CARTESIAN_POINT('',(788.16069533978,526.18154215104,
    1.039229696458E+03));
#976 = CARTESIAN_POINT('',(787.95861772064,525.87908737272,
    1.039455858287E+03));
#977 = CARTESIAN_POINT('',(787.77385443071,525.56707774654,
    1.039671911657E+03));
#978 = CARTESIAN_POINT('',(787.60534448665,525.2463503378,
    1.039876936432E+03));
#979 = CARTESIAN_POINT('',(787.4521720875,524.91750989714,
    1.040070058309E+03));
#980 = CARTESIAN_POINT('',(787.19243149049,524.28679291492,
    1.040408038836E+03));
#981 = CARTESIAN_POINT('',(787.08242219185,523.98672402436,
    1.040555915605E+03));
#982 = CARTESIAN_POINT('',(786.98316862322,523.6813384297,
    1.040693282591E+03));
#983 = CARTESIAN_POINT('',(786.89431740736,523.37113772391,
    1.040819445467E+03));
#984 = CARTESIAN_POINT('',(786.81556079959,523.05656872925,
    1.040933757577E+03));
#985 = CARTESIAN_POINT('',(786.74664859491,522.73803078116,
    1.041035621354E+03));
#986 = CARTESIAN_POINT('',(786.62537943878,522.07866305629,
    1.041217515996E+03));
#987 = CARTESIAN_POINT('',(786.57394770567,521.73748573967,
    1.041296302889E+03));
#988 = CARTESIAN_POINT('',(786.5329754066,521.3931838531,
    1.041360106995E+03));
#989 = CARTESIAN_POINT('',(786.50233371205,521.04654273837,
    1.041408359154E+03));
#990 = CARTESIAN_POINT('',(786.48192854643,520.69831326337,
    1.041440671187E+03));
#991 = CARTESIAN_POINT('',(786.47171883356,520.34922505645,
    1.041456838484E+03));
#992 = CARTESIAN_POINT('',(786.47171883356,519.64893323459,
    1.041456838484E+03));
#993 = CARTESIAN_POINT('',(786.48203651556,519.29800686386,
    1.041440500216E+03));
#994 = CARTESIAN_POINT('',(786.50265717412,518.94795320428,
    1.041407846944E+03));
#995 = CARTESIAN_POINT('',(786.5336227931,518.59951249826,
    1.041359087577E+03));
#996 = CARTESIAN_POINT('',(786.5750296375,518.25344676257,
    1.041294618203E+03));
#997 = CARTESIAN_POINT('',(786.62700946056,517.91055336246,
    1.041215019421E+03));
#998 = CARTESIAN_POINT('',(786.74900204717,517.25106013827,
    1.041032142108E+03));
#999 = CARTESIAN_POINT('',(786.81789334823,516.93403322112,
    1.040930368774E+03));
#1000 = CARTESIAN_POINT('',(786.8965480166,516.6209516774,
    1.040816270608E+03));
#1001 = CARTESIAN_POINT('',(786.9852140333,516.31220924523,
    1.040690438055E+03));
#1002 = CARTESIAN_POINT('',(787.08419597536,516.00824644483,
    1.04055350949E+03));
#1003 = CARTESIAN_POINT('',(787.19384341831,515.70955773977,
    1.040406169871E+03));
#1004 = CARTESIAN_POINT('',(787.50760815529,514.94823258546,
    1.039997974691E+03));
#1005 = CARTESIAN_POINT('',(787.72880744421,514.4950249168,
    1.039722211711E+03));
#1006 = CARTESIAN_POINT('',(787.98020718658,514.05791702633,
    1.039424167331E+03));
#1007 = CARTESIAN_POINT('',(788.26453107561,513.63855151308,
    1.039106069318E+03));
#1008 = CARTESIAN_POINT('',(788.5850627202,513.23960382533,
    1.038770374456E+03));
#1009 = CARTESIAN_POINT('',(788.9455464668,512.86506068413,
    1.038420160308E+03));
#1010 = CARTESIAN_POINT('',(789.60219201865,512.30572897215,
    1.037834481475E+03));
#1011 = CARTESIAN_POINT('',(789.87213286635,512.10205064716,
    1.037604877496E+03));
#1012 = CARTESIAN_POINT('',(790.16038784576,511.91145138488,
    1.037372036526E+03));
#1013 = CARTESIAN_POINT('',(790.46751597711,511.735909974,
    1.037137481491E+03));
#1014 = CARTESIAN_POINT('',(790.79398086934,511.57751603799,
    1.036902873522E+03));
#1015 = CARTESIAN_POINT('',(791.14011686877,511.43849490566,
    1.036669997531E+03));
#1016 = CARTESIAN_POINT('',(791.95548854386,511.17724929307,
    1.036159225254E+03));
#1017 = CARTESIAN_POINT('',(792.4363372288,511.06558453248,
    1.035882203485E+03));
#1018 = CARTESIAN_POINT('',(792.94273999442,510.99318384108,
    1.03561735729E+03));
#1019 = CARTESIAN_POINT('',(793.46769899069,510.96400484225,
    1.035371034882E+03));
#1020 = CARTESIAN_POINT('',(794.00314241389,510.97924811273,
    1.0351477712E+03));
#1021 = CARTESIAN_POINT('',(794.54014270917,511.03738920788,
    1.034950103747E+03));
#1022 = CARTESIAN_POINT('',(795.38319866887,511.19132820517,
    1.034677010753E+03));
#1023 = CARTESIAN_POINT('',(795.69381121478,511.26208689582,
    1.034584736575E+03));
#1024 = CARTESIAN_POINT('',(796.00020167651,511.34547031831,
    1.034501627502E+03));
#1025 = CARTESIAN_POINT('',(796.30142936667,511.44058822992,
    1.034427355031E+03));
#1026 = CARTESIAN_POINT('',(796.59658022287,511.54647475513,
    1.034361509695E+03));
#1027 = CARTESIAN_POINT('',(796.88477279394,511.66208117737,
    1.034303614212E+03));
#1028 = CARTESIAN_POINT('',(797.54643247516,511.95513541357,
    1.034184498647E+03));
#1029 = CARTESIAN_POINT('',(797.91386766772,512.14012951482,
    1.03412946999E+03));
#1030 = CARTESIAN_POINT('',(798.26704306865,512.33925917755,
    1.034086471533E+03));
#1031 = CARTESIAN_POINT('',(798.60571007187,512.55082767077,
    1.034054018895E+03));
#1032 = CARTESIAN_POINT('',(798.92975994407,512.7734037442,
    1.034030739415E+03));
#1033 = CARTESIAN_POINT('',(799.23918304084,513.00579699275,
    1.034015377282E+03));
#1034 = CARTESIAN_POINT('',(799.87580053492,513.52667989186,
    1.033996828945E+03));
#1035 = CARTESIAN_POINT('',(800.19828627988,513.81845784895,
    1.033995961267E+03));
#1036 = CARTESIAN_POINT('',(800.50150685176,514.12091262727,
    1.03400242823E+03));
#1037 = CARTESIAN_POINT('',(800.78552593256,514.43292225346,
    1.034014663178E+03));
#1038 = CARTESIAN_POINT('',(801.05039423516,514.75364966219,
    1.034031262628E+03));
#1039 = CARTESIAN_POINT('',(801.2960969738,515.08249010286,
    1.034050960532E+03));
#1040 = CARTESIAN_POINT('',(801.72042091663,515.71320708828,
    1.034091521695E+03));
#1041 = CARTESIAN_POINT('',(801.90359627488,516.01327597225,
    1.034111926872E+03));
#1042 = CARTESIAN_POINT('',(802.07174984309,516.3186615677,
    1.034133029886E+03));
#1043 = CARTESIAN_POINT('',(802.22461486142,516.62886227885,
    1.034154098749E+03));
#1044 = CARTESIAN_POINT('',(802.36192830415,516.94343127408,
    1.034174467358E+03));
#1045 = CARTESIAN_POINT('',(802.48342380714,517.26196921536,
    1.034193545174E+03));
#1046 = CARTESIAN_POINT('',(802.69915672326,517.9213369437,
    1.034228917177E+03));
#1047 = CARTESIAN_POINT('',(802.79185335969,518.26251426032,
    1.034245039561E+03));
#1048 = CARTESIAN_POINT('',(802.86645909077,518.60681614689,
    1.034258592349E+03));
#1049 = CARTESIAN_POINT('',(802.92264554572,518.95345726162,
    1.034269093139E+03));
#1050 = CARTESIAN_POINT('',(802.9601930041,519.30168673662,
    1.034276208379E+03));
#1051 = CARTESIAN_POINT('',(802.97897984612,519.65077494354,
    1.034279768479E+03));
#1052 = CARTESIAN_POINT('',(802.97897984612,520.,1.034279768479E+03));
#1053 = PCURVE('',#112,#1054);
#1054 = DEFINITIONAL_REPRESENTATION('',(#1055),#1178);
#1055 = B_SPLINE_CURVE_WITH_KNOTS('',7,(#1056,#1057,#1058,#1059,#1060,
    #1061,#1062,#1063,#1064,#1065,#1066,#1067,#1068,#1069,#1070,#1071,
    #1072,#1073,#1074,#1075,#1076,#1077,#1078,#1079,#1080,#1081,#1082,
    #1083,#1084,#1085,#1086,#1087,#1088,#1089,#1090,#1091,#1092,#1093,
    #1094,#1095,#1096,#1097,#1098,#1099,#1100,#1101,#1102,#1103,#1104,
    #1105,#1106,#1107,#1108,#1109,#1110,#1111,#1112,#1113,#1114,#1115,
    #1116,#1117,#1118,#1119,#1120,#1121,#1122,#1123,#1124,#1125,#1126,
    #1127,#1128,#1129,#1130,#1131,#1132,#1133,#1134,#1135,#1136,#1137,
    #1138,#1139,#1140,#1141,#1142,#1143,#1144,#1145,#1146,#1147,#1148,
    #1149,#1150,#1151,#1152,#1153,#1154,#1155,#1156,#1157,#1158,#1159,
    #1160,#1161,#1162,#1163,#1164,#1165,#1166,#1167,#1168,#1169,#1170,
    #1171,#1172,#1173,#1174,#1175,#1176,#1177),.UNSPECIFIED.,.F.,.F.,(8,
    6,6,6,6,6,6,6,6,6,6,6,6,6,6,6,6,6,6,6,8),(0.,4.894941781448E-02,
    9.52616880385E-02,0.150277792812,0.195009878914,0.250039036865,
    0.305762992687,0.351681280328,0.404908773028,0.451439515405,
    0.500147271303,0.5491118974,0.595438556564,0.669544070968,
    0.715769579858,0.772532362091,0.806199984783,0.851980255099,
    0.905047761079,0.951438645771,1.),.UNSPECIFIED.);
#1056 = CARTESIAN_POINT('',(0.,237.56996752436));
#1057 = CARTESIAN_POINT('',(3.900741837808E-02,237.56996752436));
#1058 = CARTESIAN_POINT('',(7.799923071537E-02,237.55909811656));
#1059 = CARTESIAN_POINT('',(0.11699104747,237.53737477413));
#1060 = CARTESIAN_POINT('',(0.155997131621,237.50500581918));
#1061 = CARTESIAN_POINT('',(0.195029521953,237.46239287669));
#1062 = CARTESIAN_POINT('',(0.23409635201,237.41012092981));
#1063 = CARTESIAN_POINT('',(0.31019570449,237.29105125188));
#1064 = CARTESIAN_POINT('',(0.347225101542,237.22518673571));
#1065 = CARTESIAN_POINT('',(0.384330807356,237.15191239436));
#1066 = CARTESIAN_POINT('',(0.42155389673,237.07186858326));
#1067 = CARTESIAN_POINT('',(0.458933942008,236.98576218169));
#1068 = CARTESIAN_POINT('',(0.496509687286,236.89436072758));
#1069 = CARTESIAN_POINT('',(0.579235699639,236.68459397806));
#1070 = CARTESIAN_POINT('',(0.624480987894,236.56439233402));
#1071 = CARTESIAN_POINT('',(0.670181517287,236.43910853648));
#1072 = CARTESIAN_POINT('',(0.716461841223,236.310031837));
#1073 = CARTESIAN_POINT('',(0.763447738663,236.17856753355));
#1074 = CARTESIAN_POINT('',(0.811268816184,236.04629068188));
#1075 = CARTESIAN_POINT('',(0.89973278614,235.80825079647));
#1076 = CARTESIAN_POINT('',(0.940077737494,235.70206998477));
#1077 = CARTESIAN_POINT('',(0.981167926331,235.59743507826));
#1078 = CARTESIAN_POINT('',(1.023075663991,235.49543711644));
#1079 = CARTESIAN_POINT('',(1.065874410788,235.39729973415));
#1080 = CARTESIAN_POINT('',(1.10964105945,235.30438818497));
#1081 = CARTESIAN_POINT('',(1.209595341455,235.11218990662));
#1082 = CARTESIAN_POINT('',(1.266810994538,235.01542053867));
#1083 = CARTESIAN_POINT('',(1.325640608037,234.9323234302));
#1084 = CARTESIAN_POINT('',(1.385728281485,234.866742628));
#1085 = CARTESIAN_POINT('',(1.446784262332,234.82160602346));
#1086 = CARTESIAN_POINT('',(1.508553438265,234.79872407968));
#1087 = CARTESIAN_POINT('',(1.63382509372,234.79872407968));
#1088 = CARTESIAN_POINT('',(1.69634503552,234.82218750803));
#1089 = CARTESIAN_POINT('',(1.758118749563,234.86843198801));
#1090 = CARTESIAN_POINT('',(1.818891490879,234.93555728976));
#1091 = CARTESIAN_POINT('',(1.878372153855,235.02051623021));
#1092 = CARTESIAN_POINT('',(1.936200948751,235.11932660529));
#1093 = CARTESIAN_POINT('',(2.03780464765,235.31649992582));
#1094 = CARTESIAN_POINT('',(2.082601369085,235.41254079789));
#1095 = CARTESIAN_POINT('',(2.126385511861,235.51392845451));
#1096 = CARTESIAN_POINT('',(2.169240868279,235.61920248936));
#1097 = CARTESIAN_POINT('',(2.211247697684,235.72706072102));
#1098 = CARTESIAN_POINT('',(2.252485298595,235.83634763726));
#1099 = CARTESIAN_POINT('',(2.340034816559,236.07317352988));
#1100 = CARTESIAN_POINT('',(2.386151380551,236.20096129581));
#1101 = CARTESIAN_POINT('',(2.431504486987,236.32779391328));
#1102 = CARTESIAN_POINT('',(2.476210488307,236.45226004183));
#1103 = CARTESIAN_POINT('',(2.520382393758,236.57309280871));
#1104 = CARTESIAN_POINT('',(2.564132065073,236.68912526414));
#1105 = CARTESIAN_POINT('',(2.645547366372,236.89551172711));
#1106 = CARTESIAN_POINT('',(2.683286491601,236.98726150376));
#1107 = CARTESIAN_POINT('',(2.72082873582,237.07366166383));
#1108 = CARTESIAN_POINT('',(2.758213220235,237.15393456045));
#1109 = CARTESIAN_POINT('',(2.795479924168,237.22736445693));
#1110 = CARTESIAN_POINT('',(2.832670369944,237.29330358113));
#1111 = CARTESIAN_POINT('',(2.908724737808,237.4117605321));
#1112 = CARTESIAN_POINT('',(2.947585763123,237.46350645762));
#1113 = CARTESIAN_POINT('',(2.986413096498,237.50568256678));
#1114 = CARTESIAN_POINT('',(3.025214686309,237.53771553336));
#1115 = CARTESIAN_POINT('',(3.064002297394,237.55921185912));
#1116 = CARTESIAN_POINT('',(3.102789869539,237.56996752436));
#1117 = CARTESIAN_POINT('',(3.180600071968,237.56996752436));
#1118 = CARTESIAN_POINT('',(3.219591884305,237.55909811656));
#1119 = CARTESIAN_POINT('',(3.25858370106,237.53737477413));
#1120 = CARTESIAN_POINT('',(3.297589785211,237.50500581918));
#1121 = CARTESIAN_POINT('',(3.336622175542,237.46239287669));
#1122 = CARTESIAN_POINT('',(3.3756890056,237.41012092981));
#1123 = CARTESIAN_POINT('',(3.451788358082,237.29105125187));
#1124 = CARTESIAN_POINT('',(3.488817755132,237.22518673571));
#1125 = CARTESIAN_POINT('',(3.525923460944,237.15191239437));
#1126 = CARTESIAN_POINT('',(3.563146550318,237.07186858327));
#1127 = CARTESIAN_POINT('',(3.600526595598,236.98576218169));
#1128 = CARTESIAN_POINT('',(3.638102340878,236.89436072757));
#1129 = CARTESIAN_POINT('',(3.736394443514,236.64512334399));
#1130 = CARTESIAN_POINT('',(3.797431906684,236.48042730491));
#1131 = CARTESIAN_POINT('',(3.859361137811,236.30733937074));
#1132 = CARTESIAN_POINT('',(3.922507103757,236.12898856692));
#1133 = CARTESIAN_POINT('',(3.987196799671,235.94893719631));
#1134 = CARTESIAN_POINT('',(4.053763899253,235.77150057111));
#1135 = CARTESIAN_POINT('',(4.165499490048,235.4962137777));
#1136 = CARTESIAN_POINT('',(4.209399218032,235.39328330841));
#1137 = CARTESIAN_POINT('',(4.254289790192,235.2946866141));
#1138 = CARTESIAN_POINT('',(4.30019596353,235.20204322014));
#1139 = CARTESIAN_POINT('',(4.347151713912,235.11706135419));
#1140 = CARTESIAN_POINT('',(4.395201878773,235.04151121711));
#1141 = CARTESIAN_POINT('',(4.504827083457,234.89820723399));
#1142 = CARTESIAN_POINT('',(4.567195120927,234.83588579041));
#1143 = CARTESIAN_POINT('',(4.630759326244,234.79491928113));
#1144 = CARTESIAN_POINT('',(4.694908550246,234.77833923577));
#1145 = CARTESIAN_POINT('',(4.759089201565,234.78708607278));
#1146 = CARTESIAN_POINT('',(4.822730385453,234.81992720981));
#1147 = CARTESIAN_POINT('',(4.92221519055,234.90563022725));
#1148 = CARTESIAN_POINT('',(4.958773171326,234.94485767445));
#1149 = CARTESIAN_POINT('',(4.994831426468,234.99080670948));
#1150 = CARTESIAN_POINT('',(5.030366297876,235.0428009954));
#1151 = CARTESIAN_POINT('',(5.065348175183,235.100100563));
#1152 = CARTESIAN_POINT('',(5.099740109416,235.16191625233));
#1153 = CARTESIAN_POINT('',(5.179397301238,235.31649992582));
#1154 = CARTESIAN_POINT('',(5.224194022674,235.41254079788));
#1155 = CARTESIAN_POINT('',(5.267978165453,235.51392845451));
#1156 = CARTESIAN_POINT('',(5.31083352187,235.61920248936));
#1157 = CARTESIAN_POINT('',(5.352840351274,235.72706072102));
#1158 = CARTESIAN_POINT('',(5.394077952183,235.83634763726));
#1159 = CARTESIAN_POINT('',(5.481627470148,236.07317352988));
#1160 = CARTESIAN_POINT('',(5.527744034141,236.20096129581));
#1161 = CARTESIAN_POINT('',(5.573097140576,236.32779391328));
#1162 = CARTESIAN_POINT('',(5.617803141896,236.45226004183));
#1163 = CARTESIAN_POINT('',(5.661975047348,236.57309280871));
#1164 = CARTESIAN_POINT('',(5.705724718663,236.68912526414));
#1165 = CARTESIAN_POINT('',(5.787140020376,236.89551172816));
#1166 = CARTESIAN_POINT('',(5.824879144784,236.98726150295));
#1167 = CARTESIAN_POINT('',(5.862421389078,237.073661663));
#1168 = CARTESIAN_POINT('',(5.899805874146,237.15393456096));
#1169 = CARTESIAN_POINT('',(5.937072578167,237.2273644578));
#1170 = CARTESIAN_POINT('',(5.974263023133,237.29330358051));
#1171 = CARTESIAN_POINT('',(6.050317391397,237.4117605321));
#1172 = CARTESIAN_POINT('',(6.089178416713,237.46350645762));
#1173 = CARTESIAN_POINT('',(6.128005750087,237.50568256678));
#1174 = CARTESIAN_POINT('',(6.166807339898,237.53771553336));
#1175 = CARTESIAN_POINT('',(6.205594950984,237.55921185912));
#1176 = CARTESIAN_POINT('',(6.244382523129,237.56996752436));
#1177 = CARTESIAN_POINT('',(6.28318530718,237.56996752436));
#1178 = ( GEOMETRIC_REPRESENTATION_CONTEXT(2) 
PARAMETRIC_REPRESENTATION_CONTEXT() REPRESENTATION_CONTEXT('2D SPACE',''
  ) );
#1179 = PCURVE('',#1180,#1185);
#1180 = CYLINDRICAL_SURFACE('',#1181,16.);
#1181 = AXIS2_PLACEMENT_3D('',#1182,#1183,#1184);
#1182 = CARTESIAN_POINT('',(800.,540.,1.05E+03));
#1183 = DIRECTION('',(0.,-1.,2.22044604925E-16));
#1184 = DIRECTION('',(1.,0.,0.));
#1185 = DEFINITIONAL_REPRESENTATION('',(#1186),#1309);
#1186 = B_SPLINE_CURVE_WITH_KNOTS('',7,(#1187,#1188,#1189,#1190,#1191,
    #1192,#1193,#1194,#1195,#1196,#1197,#1198,#1199,#1200,#1201,#1202,
    #1203,#1204,#1205,#1206,#1207,#1208,#1209,#1210,#1211,#1212,#1213,
    #1214,#1215,#1216,#1217,#1218,#1219,#1220,#1221,#1222,#1223,#1224,
    #1225,#1226,#1227,#1228,#1229,#1230,#1231,#1232,#1233,#1234,#1235,
    #1236,#1237,#1238,#1239,#1240,#1241,#1242,#1243,#1244,#1245,#1246,
    #1247,#1248,#1249,#1250,#1251,#1252,#1253,#1254,#1255,#1256,#1257,
    #1258,#1259,#1260,#1261,#1262,#1263,#1264,#1265,#1266,#1267,#1268,
    #1269,#1270,#1271,#1272,#1273,#1274,#1275,#1276,#1277,#1278,#1279,
    #1280,#1281,#1282,#1283,#1284,#1285,#1286,#1287,#1288,#1289,#1290,
    #1291,#1292,#1293,#1294,#1295,#1296,#1297,#1298,#1299,#1300,#1301,
    #1302,#1303,#1304,#1305,#1306,#1307,#1308),.UNSPECIFIED.,.T.,.F.,(8,
    6,6,6,6,6,6,6,6,6,6,6,6,6,6,6,6,6,6,6,8),(0.,4.894941781448E-02,
    9.52616880385E-02,0.150277792812,0.195009878914,0.250039036865,
    0.305762992687,0.351681280328,0.404908773028,0.451439515405,
    0.500147271303,0.5491118974,0.595438556564,0.669544070968,
    0.715769579858,0.772532362091,0.806199984783,0.851980255099,
    0.905047761079,0.951438645771,1.),.UNSPECIFIED.);
#1187 = CARTESIAN_POINT('',(4.899668056489,20.));
#1188 = CARTESIAN_POINT('',(4.899668056489,19.648933234597));
#1189 = CARTESIAN_POINT('',(4.898460345825,19.298006863866));
#1190 = CARTESIAN_POINT('',(4.896046636675,18.947953204281));
#1191 = CARTESIAN_POINT('',(4.892436585212,18.599512498266));
#1192 = CARTESIAN_POINT('',(4.887647892847,18.253446762576));
#1193 = CARTESIAN_POINT('',(4.881706447796,17.910553362463));
#1194 = CARTESIAN_POINT('',(4.867966920142,17.25106013829));
#1195 = CARTESIAN_POINT('',(4.860286000894,16.934033221129));
#1196 = CARTESIAN_POINT('',(4.851625143074,16.620951677394));
#1197 = CARTESIAN_POINT('',(4.842005329518,16.312209245219));
#1198 = CARTESIAN_POINT('',(4.831446925715,16.008246444839));
#1199 = CARTESIAN_POINT('',(4.819969473481,15.709557739787));
#1200 = CARTESIAN_POINT('',(4.792887201528,15.068800319492));
#1201 = CARTESIAN_POINT('',(4.77691250286,14.729137600211));
#1202 = CARTESIAN_POINT('',(4.759678468336,14.398171087298));
#1203 = CARTESIAN_POINT('',(4.741184868372,14.0765687987));
#1204 = CARTESIAN_POINT('',(4.72142190676,13.765269013295));
#1205 = CARTESIAN_POINT('',(4.700371963354,13.465543060927));
#1206 = CARTESIAN_POINT('',(4.659830524454,12.946125056975));
#1207 = CARTESIAN_POINT('',(4.640768947236,12.721763231261));
#1208 = CARTESIAN_POINT('',(4.620812806371,12.506913447785));
#1209 = CARTESIAN_POINT('',(4.599947332534,12.302715492327));
#1210 = CARTESIAN_POINT('',(4.578157872994,12.110525513237));
#1211 = CARTESIAN_POINT('',(4.555430610477,11.931937763232));
#1212 = CARTESIAN_POINT('',(4.502624745794,11.56813270046));
#1213 = CARTESIAN_POINT('',(4.471800381503,11.389076586056));
#1214 = CARTESIAN_POINT('',(4.4395665208,11.238300921349));
#1215 = CARTESIAN_POINT('',(4.406210789461,11.120922708392));
#1216 = CARTESIAN_POINT('',(4.372018491452,11.040678697342));
#1217 = CARTESIAN_POINT('',(4.337273264641,11.));
#1218 = CARTESIAN_POINT('',(4.266807958448,11.));
#1219 = CARTESIAN_POINT('',(4.231640420705,11.041712380214));
#1220 = CARTESIAN_POINT('',(4.197050223035,11.123926178808));
#1221 = CARTESIAN_POINT('',(4.163325498059,11.244090609583));
#1222 = CARTESIAN_POINT('',(4.130756191272,11.398325475918));
#1223 = CARTESIAN_POINT('',(4.099634641432,11.581341237627));
#1224 = CARTESIAN_POINT('',(4.046039534876,11.955135413578));
#1225 = CARTESIAN_POINT('',(4.022828797633,12.140129514832));
#1226 = CARTESIAN_POINT('',(4.000605226103,12.33925917755));
#1227 = CARTESIAN_POINT('',(3.979353136322,12.550827670767));
#1228 = CARTESIAN_POINT('',(3.959055999416,12.773403744209));
#1229 = CARTESIAN_POINT('',(3.939697297659,13.005796992764));
#1230 = CARTESIAN_POINT('',(3.899891819737,13.526679891861));
#1231 = CARTESIAN_POINT('',(3.879743371553,13.818457848952));
#1232 = CARTESIAN_POINT('',(3.860796068259,14.120912627273));
#1233 = CARTESIAN_POINT('',(3.843035042778,14.43292225346));
#1234 = CARTESIAN_POINT('',(3.826452384203,14.753649662191));
#1235 = CARTESIAN_POINT('',(3.811048549489,15.082490102859));
#1236 = CARTESIAN_POINT('',(3.784407414811,15.713207085072));
#1237 = CARTESIAN_POINT('',(3.772889544805,16.013275975632));
#1238 = CARTESIAN_POINT('',(3.762299002994,16.318661570296));
#1239 = CARTESIAN_POINT('',(3.752655652225,16.628862276084));
#1240 = CARTESIAN_POINT('',(3.743980169686,16.943431270746));
#1241 = CARTESIAN_POINT('',(3.736293836283,17.261969218838));
#1242 = CARTESIAN_POINT('',(3.722630491559,17.921336943708));
#1243 = CARTESIAN_POINT('',(3.716750253999,18.262514260327));
#1244 = CARTESIAN_POINT('',(3.712011219192,18.606816146892));
#1245 = CARTESIAN_POINT('',(3.708438780753,18.953457261625));
#1246 = CARTESIAN_POINT('',(3.706050295852,19.301686736627));
#1247 = CARTESIAN_POINT('',(3.704855223198,19.650774943544));
#1248 = CARTESIAN_POINT('',(3.704855223198,20.351066765403));
#1249 = CARTESIAN_POINT('',(3.706062933861,20.701993136134));
#1250 = CARTESIAN_POINT('',(3.708476643011,21.05204679572));
#1251 = CARTESIAN_POINT('',(3.712086694474,21.400487501734));
#1252 = CARTESIAN_POINT('',(3.71687538684,21.746553237423));
#1253 = CARTESIAN_POINT('',(3.722816831891,22.089446637537));
#1254 = CARTESIAN_POINT('',(3.736556359545,22.748939861729));
#1255 = CARTESIAN_POINT('',(3.744237278793,23.065966778872));
#1256 = CARTESIAN_POINT('',(3.752898136612,23.379048322591));
#1257 = CARTESIAN_POINT('',(3.762517950168,23.687790754767));
#1258 = CARTESIAN_POINT('',(3.773076353971,23.991753555164));
#1259 = CARTESIAN_POINT('',(3.784553806206,24.29044226023));
#1260 = CARTESIAN_POINT('',(3.816731997547,25.051767414536));
#1261 = CARTESIAN_POINT('',(3.838822083507,25.504975083195));
#1262 = CARTESIAN_POINT('',(3.863179253545,25.942082973661));
#1263 = CARTESIAN_POINT('',(3.889822771448,26.361448486919));
#1264 = CARTESIAN_POINT('',(3.918802195386,26.760396174663));
#1265 = CARTESIAN_POINT('',(3.950185663252,27.134939315864));
#1266 = CARTESIAN_POINT('',(4.005178669799,27.694271027849));
#1267 = CARTESIAN_POINT('',(4.027321372905,27.897949352831));
#1268 = CARTESIAN_POINT('',(4.050468370413,28.088548615113));
#1269 = CARTESIAN_POINT('',(4.07460442345,28.264090026));
#1270 = CARTESIAN_POINT('',(4.099712175267,28.422483962008));
#1271 = CARTESIAN_POINT('',(4.125772232498,28.561505094337));
#1272 = CARTESIAN_POINT('',(4.185906174373,28.822750706924));
#1273 = CARTESIAN_POINT('',(4.220566290788,28.934415467517));
#1274 = CARTESIAN_POINT('',(4.256234684118,29.00681615892));
#1275 = CARTESIAN_POINT('',(4.292416054875,29.035995157746));
#1276 = CARTESIAN_POINT('',(4.328620828005,29.020751887263));
#1277 = CARTESIAN_POINT('',(4.364357254476,28.962610792116));
#1278 = CARTESIAN_POINT('',(4.419743791591,28.80867179483));
#1279 = CARTESIAN_POINT('',(4.439989496066,28.73791310418));
#1280 = CARTESIAN_POINT('',(4.459822017279,28.654529681685));
#1281 = CARTESIAN_POINT('',(4.479203634672,28.559411770078));
#1282 = CARTESIAN_POINT('',(4.498097042255,28.453525244868));
#1283 = CARTESIAN_POINT('',(4.516465238299,28.337918822625));
#1284 = CARTESIAN_POINT('',(4.558483744809,28.044864586428));
#1285 = CARTESIAN_POINT('',(4.581694482053,27.85987048517));
#1286 = CARTESIAN_POINT('',(4.603918053584,27.660740822445));
#1287 = CARTESIAN_POINT('',(4.625170143365,27.449172329226));
#1288 = CARTESIAN_POINT('',(4.64546728027,27.226596255791));
#1289 = CARTESIAN_POINT('',(4.664825982026,26.994203007246));
#1290 = CARTESIAN_POINT('',(4.704631459949,26.473320108139));
#1291 = CARTESIAN_POINT('',(4.724779908133,26.181542151048));
#1292 = CARTESIAN_POINT('',(4.743727211427,25.879087372727));
#1293 = CARTESIAN_POINT('',(4.761488236909,25.56707774654));
#1294 = CARTESIAN_POINT('',(4.778070895483,25.246350337809));
#1295 = CARTESIAN_POINT('',(4.793474730197,24.91750989714));
#1296 = CARTESIAN_POINT('',(4.820115865011,24.286792911719));
#1297 = CARTESIAN_POINT('',(4.831633734783,23.986724027744));
#1298 = CARTESIAN_POINT('',(4.842224276586,23.681338432292));
#1299 = CARTESIAN_POINT('',(4.851867627521,23.371137721141));
#1300 = CARTESIAN_POINT('',(4.860543110109,23.056568725918));
#1301 = CARTESIAN_POINT('',(4.868229443331,22.738030784632));
#1302 = CARTESIAN_POINT('',(4.881892788127,22.078663056293));
#1303 = CARTESIAN_POINT('',(4.887773025688,21.737485739672));
#1304 = CARTESIAN_POINT('',(4.892512060494,21.393183853107));
#1305 = CARTESIAN_POINT('',(4.896084498934,21.046542738375));
#1306 = CARTESIAN_POINT('',(4.898472983835,20.698313263373));
#1307 = CARTESIAN_POINT('',(4.899668056489,20.349225056456));
#1308 = CARTESIAN_POINT('',(4.899668056489,20.));
#1309 = ( GEOMETRIC_REPRESENTATION_CONTEXT(2) 
PARAMETRIC_REPRESENTATION_CONTEXT() REPRESENTATION_CONTEXT('2D SPACE',''
  ) );
#1310 = ORIENTED_EDGE('',*,*,#905,.F.);
#1311 = ORIENTED_EDGE('',*,*,#1312,.T.);
#1312 = EDGE_CURVE('',#882,#79,#1313,.T.);
#1313 = SURFACE_CURVE('',#1314,(#1319,#1326),.PCURVE_S1.);
#1314 = CIRCLE('',#1315,9.);
#1315 = AXIS2_PLACEMENT_3D('',#1316,#1317,#1318);
#1316 = CARTESIAN_POINT('',(700.,520.,820.));
#1317 = DIRECTION('',(0.398726111414,0.,0.917070056253));
#1318 = DIRECTION('',(0.917070056253,0.,-0.398726111414));
#1319 = PCURVE('',#112,#1320);
#1320 = DEFINITIONAL_REPRESENTATION('',(#1321),#1325);
#1321 = LINE('',#1322,#1323);
#1322 = CARTESIAN_POINT('',(0.,0.));
#1323 = VECTOR('',#1324,1.);
#1324 = DIRECTION('',(1.,0.));
#1325 = ( GEOMETRIC_REPRESENTATION_CONTEXT(2) 
PARAMETRIC_REPRESENTATION_CONTEXT() REPRESENTATION_CONTEXT('2D SPACE',''
  ) );
#1326 = PCURVE('',#148,#1327);
#1327 = DEFINITIONAL_REPRESENTATION('',(#1328),#1332);
#1328 = CIRCLE('',#1329,9.);
#1329 = AXIS2_PLACEMENT_2D('',#1330,#1331);
#1330 = CARTESIAN_POINT('',(0.,0.));
#1331 = DIRECTION('',(1.,0.));
#1332 = ( GEOMETRIC_REPRESENTATION_CONTEXT(2) 
PARAMETRIC_REPRESENTATION_CONTEXT() REPRESENTATION_CONTEXT('2D SPACE',''
  ) );
#1333 = ORIENTED_EDGE('',*,*,#78,.T.);
#1334 = ORIENTED_EDGE('',*,*,#516,.T.);
#1335 = ORIENTED_EDGE('',*,*,#1336,.T.);
#1336 = EDGE_CURVE('',#491,#261,#1337,.T.);
#1337 = SURFACE_CURVE('',#1338,(#1343,#1350),.PCURVE_S1.);
#1338 = CIRCLE('',#1339,9.);
#1339 = AXIS2_PLACEMENT_3D('',#1340,#1341,#1342);
#1340 = CARTESIAN_POINT('',(700.,520.,820.));
#1341 = DIRECTION('',(0.398726111414,0.,0.917070056253));
#1342 = DIRECTION('',(0.917070056253,0.,-0.398726111414));
#1343 = PCURVE('',#112,#1344);
#1344 = DEFINITIONAL_REPRESENTATION('',(#1345),#1349);
#1345 = LINE('',#1346,#1347);
#1346 = CARTESIAN_POINT('',(0.,0.));
#1347 = VECTOR('',#1348,1.);
#1348 = DIRECTION('',(1.,0.));
#1349 = ( GEOMETRIC_REPRESENTATION_CONTEXT(2) 
PARAMETRIC_REPRESENTATION_CONTEXT() REPRESENTATION_CONTEXT('2D SPACE',''
  ) );
#1350 = PCURVE('',#505,#1351);
#1351 = DEFINITIONAL_REPRESENTATION('',(#1352),#1356);
#1352 = CIRCLE('',#1353,9.);
#1353 = AXIS2_PLACEMENT_2D('',#1354,#1355);
#1354 = CARTESIAN_POINT('',(0.,0.));
#1355 = DIRECTION('',(1.,0.));
#1356 = ( GEOMETRIC_REPRESENTATION_CONTEXT(2) 
PARAMETRIC_REPRESENTATION_CONTEXT() REPRESENTATION_CONTEXT('2D SPACE',''
  ) );
#1357 = ORIENTED_EDGE('',*,*,#260,.F.);
#1358 = ORIENTED_EDGE('',*,*,#159,.F.);
#1359 = ADVANCED_FACE('',(#1360),#505,.F.);
#1360 = FACE_BOUND('',#1361,.F.);
#1361 = EDGE_LOOP('',(#1362,#1363));
#1362 = ORIENTED_EDGE('',*,*,#490,.F.);
#1363 = ORIENTED_EDGE('',*,*,#1336,.T.);
#1364 = ADVANCED_FACE('',(#1365),#247,.T.);
#1365 = FACE_BOUND('',#1366,.T.);
#1366 = EDGE_LOOP('',(#1367));
#1367 = ORIENTED_EDGE('',*,*,#232,.T.);
#1368 = ADVANCED_FACE('',(#1369),#148,.F.);
#1369 = FACE_BOUND('',#1370,.F.);
#1370 = EDGE_LOOP('',(#1371,#1372,#1373));
#1371 = ORIENTED_EDGE('',*,*,#881,.T.);
#1372 = ORIENTED_EDGE('',*,*,#1312,.T.);
#1373 = ORIENTED_EDGE('',*,*,#133,.T.);
#1374 = ADVANCED_FACE('',(#1375),#779,.T.);
#1375 = FACE_BOUND('',#1376,.T.);
#1376 = EDGE_LOOP('',(#1377,#1420,#1441,#1442,#1443,#1444,#1445,#1481,
    #1517,#1553));
#1377 = ORIENTED_EDGE('',*,*,#1378,.F.);
#1378 = EDGE_CURVE('',#1379,#1381,#1383,.T.);
#1379 = VERTEX_POINT('',#1380);
#1380 = CARTESIAN_POINT('',(460.8355549552,418.,755.87539993943));
#1381 = VERTEX_POINT('',#1382);
#1382 = CARTESIAN_POINT('',(467.0145093148,410.21001971918,
    763.66538022025));
#1383 = SURFACE_CURVE('',#1384,(#1389,#1402),.PCURVE_S1.);
#1384 = ELLIPSE('',#1385,11.313708498985,8.);
#1385 = AXIS2_PLACEMENT_3D('',#1386,#1387,#1388);
#1386 = CARTESIAN_POINT('',(459.0145093148,418.,763.66538022025));
#1387 = DIRECTION('',(-0.688543485235,-0.707106781187,-0.160959215147));
#1388 = DIRECTION('',(-0.688543485235,0.707106781187,-0.160959215147));
#1389 = PCURVE('',#779,#1390);
#1390 = DEFINITIONAL_REPRESENTATION('',(#1391),#1401);
#1391 = B_SPLINE_CURVE_WITH_KNOTS('',8,(#1392,#1393,#1394,#1395,#1396,
    #1397,#1398,#1399,#1400),.UNSPECIFIED.,.F.,.F.,(9,9),(1.570796326795
    ,2.91194883722),.PIECEWISE_BEZIER_KNOTS.);
#1392 = CARTESIAN_POINT('',(0.,247.48251676938));
#1393 = CARTESIAN_POINT('',(0.167644063803,246.14136425896));
#1394 = CARTESIAN_POINT('',(0.335288127606,244.80021165017));
#1395 = CARTESIAN_POINT('',(0.502932191407,243.51649597892));
#1396 = CARTESIAN_POINT('',(0.670576255212,242.34764943923));
#1397 = CARTESIAN_POINT('',(0.838220319012,241.34595419094));
#1398 = CARTESIAN_POINT('',(1.005864382819,240.55332156506));
#1399 = CARTESIAN_POINT('',(1.173508446622,239.99782398009));
#1400 = CARTESIAN_POINT('',(1.341152510425,239.69253648856));
#1401 = ( GEOMETRIC_REPRESENTATION_CONTEXT(2) 
PARAMETRIC_REPRESENTATION_CONTEXT() REPRESENTATION_CONTEXT('2D SPACE',''
  ) );
#1402 = PCURVE('',#1403,#1408);
#1403 = CYLINDRICAL_SURFACE('',#1404,8.);
#1404 = AXIS2_PLACEMENT_3D('',#1405,#1406,#1407);
#1405 = CARTESIAN_POINT('',(459.0145093148,472.,763.66538022025));
#1406 = DIRECTION('',(0.,-1.,2.22044604925E-16));
#1407 = DIRECTION('',(1.,0.,0.));
#1408 = DEFINITIONAL_REPRESENTATION('',(#1409),#1419);
#1409 = B_SPLINE_CURVE_WITH_KNOTS('',8,(#1410,#1411,#1412,#1413,#1414,
    #1415,#1416,#1417,#1418),.UNSPECIFIED.,.F.,.F.,(9,9),(1.570796326795
    ,2.91194883722),.PIECEWISE_BEZIER_KNOTS.);
#1410 = CARTESIAN_POINT('',(4.942032796754,54.));
#1411 = CARTESIAN_POINT('',(5.109676860558,55.341152510425));
#1412 = CARTESIAN_POINT('',(5.277320924358,56.682305119401));
#1413 = CARTESIAN_POINT('',(5.444964988168,57.966020789958));
#1414 = CARTESIAN_POINT('',(5.61260905195,59.134867331246));
#1415 = CARTESIAN_POINT('',(5.780253115783,60.136562577944));
#1416 = CARTESIAN_POINT('',(5.947897179565,60.929195204539));
#1417 = CARTESIAN_POINT('',(6.115541243376,61.484692789293));
#1418 = CARTESIAN_POINT('',(6.28318530718,61.789980280821));
#1419 = ( GEOMETRIC_REPRESENTATION_CONTEXT(2) 
PARAMETRIC_REPRESENTATION_CONTEXT() REPRESENTATION_CONTEXT('2D SPACE',''
  ) );
#1420 = ORIENTED_EDGE('',*,*,#1421,.F.);
#1421 = EDGE_CURVE('',#750,#1379,#1422,.T.);
#1422 = SEAM_CURVE('',#1423,(#1427,#1434),.PCURVE_S1.);
#1423 = LINE('',#1424,#1425);
#1424 = CARTESIAN_POINT('',(701.82104564039,418.,812.21001971917));
#1425 = VECTOR('',#1426,1.);
#1426 = DIRECTION('',(-0.973747535103,-1.232595164408E-32,-0.22763070505
    ));
#1427 = PCURVE('',#779,#1428);
#1428 = DEFINITIONAL_REPRESENTATION('',(#1429),#1433);
#1429 = LINE('',#1430,#1431);
#1430 = CARTESIAN_POINT('',(6.28318530718,-0.));
#1431 = VECTOR('',#1432,1.);
#1432 = DIRECTION('',(0.,1.));
#1433 = ( GEOMETRIC_REPRESENTATION_CONTEXT(2) 
PARAMETRIC_REPRESENTATION_CONTEXT() REPRESENTATION_CONTEXT('2D SPACE',''
  ) );
#1434 = PCURVE('',#779,#1435);
#1435 = DEFINITIONAL_REPRESENTATION('',(#1436),#1440);
#1436 = LINE('',#1437,#1438);
#1437 = CARTESIAN_POINT('',(0.,-0.));
#1438 = VECTOR('',#1439,1.);
#1439 = DIRECTION('',(0.,1.));
#1440 = ( GEOMETRIC_REPRESENTATION_CONTEXT(2) 
PARAMETRIC_REPRESENTATION_CONTEXT() REPRESENTATION_CONTEXT('2D SPACE',''
  ) );
#1441 = ORIENTED_EDGE('',*,*,#840,.F.);
#1442 = ORIENTED_EDGE('',*,*,#804,.F.);
#1443 = ORIENTED_EDGE('',*,*,#747,.T.);
#1444 = ORIENTED_EDGE('',*,*,#1421,.T.);
#1445 = ORIENTED_EDGE('',*,*,#1446,.F.);
#1446 = EDGE_CURVE('',#1447,#1379,#1449,.T.);
#1447 = VERTEX_POINT('',#1448);
#1448 = CARTESIAN_POINT('',(467.0145093148,425.78998028081,
    763.66538022025));
#1449 = SURFACE_CURVE('',#1450,(#1455,#1468),.PCURVE_S1.);
#1450 = ELLIPSE('',#1451,11.313708498985,8.);
#1451 = AXIS2_PLACEMENT_3D('',#1452,#1453,#1454);
#1452 = CARTESIAN_POINT('',(459.0145093148,418.,763.66538022025));
#1453 = DIRECTION('',(-0.688543485235,0.707106781187,-0.160959215147));
#1454 = DIRECTION('',(-0.688543485235,-0.707106781187,-0.160959215147));
#1455 = PCURVE('',#779,#1456);
#1456 = DEFINITIONAL_REPRESENTATION('',(#1457),#1467);
#1457 = B_SPLINE_CURVE_WITH_KNOTS('',8,(#1458,#1459,#1460,#1461,#1462,
    #1463,#1464,#1465,#1466),.UNSPECIFIED.,.F.,.F.,(9,9),(3.37123646996,
    4.712388980385),.PIECEWISE_BEZIER_KNOTS.);
#1458 = CARTESIAN_POINT('',(4.942032796755,239.69253648856));
#1459 = CARTESIAN_POINT('',(5.109676860558,239.99782398009));
#1460 = CARTESIAN_POINT('',(5.27732092436,240.55332156451));
#1461 = CARTESIAN_POINT('',(5.444964988168,241.34595419198));
#1462 = CARTESIAN_POINT('',(5.612609051967,242.34764943691));
#1463 = CARTESIAN_POINT('',(5.780253115772,243.51649597985));
#1464 = CARTESIAN_POINT('',(5.947897179573,244.8002116495));
#1465 = CARTESIAN_POINT('',(6.115541243376,246.14136425896));
#1466 = CARTESIAN_POINT('',(6.28318530718,247.48251676938));
#1467 = ( GEOMETRIC_REPRESENTATION_CONTEXT(2) 
PARAMETRIC_REPRESENTATION_CONTEXT() REPRESENTATION_CONTEXT('2D SPACE',''
  ) );
#1468 = PCURVE('',#1403,#1469);
#1469 = DEFINITIONAL_REPRESENTATION('',(#1470),#1480);
#1470 = B_SPLINE_CURVE_WITH_KNOTS('',8,(#1471,#1472,#1473,#1474,#1475,
    #1476,#1477,#1478,#1479),.UNSPECIFIED.,.F.,.F.,(9,9),(3.37123646996,
    4.712388980385),.PIECEWISE_BEZIER_KNOTS.);
#1471 = CARTESIAN_POINT('',(6.28318530718,46.210019719179));
#1472 = CARTESIAN_POINT('',(6.115541243376,46.515307210707));
#1473 = CARTESIAN_POINT('',(5.94789717957,47.070804795389));
#1474 = CARTESIAN_POINT('',(5.780253115779,47.86343742194));
#1475 = CARTESIAN_POINT('',(5.612609051925,48.865132668871));
#1476 = CARTESIAN_POINT('',(5.444964988168,50.033979209751));
#1477 = CARTESIAN_POINT('',(5.277320924356,51.317694880505));
#1478 = CARTESIAN_POINT('',(5.109676860558,52.658847489575));
#1479 = CARTESIAN_POINT('',(4.942032796754,54.));
#1480 = ( GEOMETRIC_REPRESENTATION_CONTEXT(2) 
PARAMETRIC_REPRESENTATION_CONTEXT() REPRESENTATION_CONTEXT('2D SPACE',''
  ) );
#1481 = ORIENTED_EDGE('',*,*,#1482,.F.);
#1482 = EDGE_CURVE('',#1483,#1447,#1485,.T.);
#1483 = VERTEX_POINT('',#1484);
#1484 = CARTESIAN_POINT('',(457.19346367441,417.99999892711,
    771.45536050107));
#1485 = SURFACE_CURVE('',#1486,(#1491,#1504),.PCURVE_S1.);
#1486 = ELLIPSE('',#1487,11.313708498985,8.);
#1487 = AXIS2_PLACEMENT_3D('',#1488,#1489,#1490);
#1488 = CARTESIAN_POINT('',(459.0145093148,418.,763.66538022025));
#1489 = DIRECTION('',(-0.688543485235,0.707106781187,-0.160959215147));
#1490 = DIRECTION('',(-0.688543485235,-0.707106781187,-0.160959215147));
#1491 = PCURVE('',#779,#1492);
#1492 = DEFINITIONAL_REPRESENTATION('',(#1493),#1503);
#1493 = B_SPLINE_CURVE_WITH_KNOTS('',8,(#1494,#1495,#1496,#1497,#1498,
    #1499,#1500,#1501,#1502),.UNSPECIFIED.,.F.,.F.,(9,9),(1.570796326795
    ,3.37123646996),.PIECEWISE_BEZIER_KNOTS.);
#1494 = CARTESIAN_POINT('',(3.14159265359,247.48251676938));
#1495 = CARTESIAN_POINT('',(3.366647671485,245.68207662622));
#1496 = CARTESIAN_POINT('',(3.591702689379,243.88163534647));
#1497 = CARTESIAN_POINT('',(3.816757707289,242.22016245173));
#1498 = CARTESIAN_POINT('',(4.041812725158,240.83657039608));
#1499 = CARTESIAN_POINT('',(4.266867743079,239.84743508882));
#1500 = CARTESIAN_POINT('',(4.49192276096,239.32379299437));
#1501 = CARTESIAN_POINT('',(4.716977778859,239.28270102937));
#1502 = CARTESIAN_POINT('',(4.942032796755,239.69253648856));
#1503 = ( GEOMETRIC_REPRESENTATION_CONTEXT(2) 
PARAMETRIC_REPRESENTATION_CONTEXT() REPRESENTATION_CONTEXT('2D SPACE',''
  ) );
#1504 = PCURVE('',#1403,#1505);
#1505 = DEFINITIONAL_REPRESENTATION('',(#1506),#1516);
#1506 = B_SPLINE_CURVE_WITH_KNOTS('',8,(#1507,#1508,#1509,#1510,#1511,
    #1512,#1513,#1514,#1515),.UNSPECIFIED.,.F.,.F.,(9,9),(1.570796326795
    ,3.37123646996),.PIECEWISE_BEZIER_KNOTS.);
#1507 = CARTESIAN_POINT('',(1.800440143165,54.));
#1508 = CARTESIAN_POINT('',(1.575385125269,52.199559856835));
#1509 = CARTESIAN_POINT('',(1.350330107373,50.399118577428));
#1510 = CARTESIAN_POINT('',(1.12527508948,48.737645681569));
#1511 = CARTESIAN_POINT('',(0.900220071582,47.354053629126));
#1512 = CARTESIAN_POINT('',(0.675165053687,46.364918318781));
#1513 = CARTESIAN_POINT('',(0.45011003579,45.841276225401));
#1514 = CARTESIAN_POINT('',(0.225055017896,45.80018425999));
#1515 = CARTESIAN_POINT('',(-8.526512829121E-14,46.210019719179));
#1516 = ( GEOMETRIC_REPRESENTATION_CONTEXT(2) 
PARAMETRIC_REPRESENTATION_CONTEXT() REPRESENTATION_CONTEXT('2D SPACE',''
  ) );
#1517 = ORIENTED_EDGE('',*,*,#1518,.F.);
#1518 = EDGE_CURVE('',#1519,#1483,#1521,.T.);
#1519 = VERTEX_POINT('',#1520);
#1520 = CARTESIAN_POINT('',(466.80448959563,410.,765.48642586065));
#1521 = SURFACE_CURVE('',#1522,(#1527,#1540),.PCURVE_S1.);
#1522 = ELLIPSE('',#1523,11.313708498985,8.);
#1523 = AXIS2_PLACEMENT_3D('',#1524,#1525,#1526);
#1524 = CARTESIAN_POINT('',(459.0145093148,418.,763.66538022025));
#1525 = DIRECTION('',(-0.688543485235,-0.707106781187,-0.160959215147));
#1526 = DIRECTION('',(-0.688543485235,0.707106781187,-0.160959215147));
#1527 = PCURVE('',#779,#1528);
#1528 = DEFINITIONAL_REPRESENTATION('',(#1529),#1539);
#1529 = B_SPLINE_CURVE_WITH_KNOTS('',8,(#1530,#1531,#1532,#1533,#1534,
    #1535,#1536,#1537,#1538),.UNSPECIFIED.,.F.,.F.,(9,9),(2.91194883722,
    4.712388980385),.PIECEWISE_BEZIER_KNOTS.);
#1530 = CARTESIAN_POINT('',(1.341152510425,239.69253648856));
#1531 = CARTESIAN_POINT('',(1.566207528321,239.28270102937));
#1532 = CARTESIAN_POINT('',(1.791262546218,239.32379299454));
#1533 = CARTESIAN_POINT('',(2.016317564104,239.84743508871));
#1534 = CARTESIAN_POINT('',(2.241372582017,240.83657039608));
#1535 = CARTESIAN_POINT('',(2.466427599892,242.22016245126));
#1536 = CARTESIAN_POINT('',(2.691482617801,243.88163534656));
#1537 = CARTESIAN_POINT('',(2.916537635694,245.68207662622));
#1538 = CARTESIAN_POINT('',(3.14159265359,247.48251676938));
#1539 = ( GEOMETRIC_REPRESENTATION_CONTEXT(2) 
PARAMETRIC_REPRESENTATION_CONTEXT() REPRESENTATION_CONTEXT('2D SPACE',''
  ) );
#1540 = PCURVE('',#1403,#1541);
#1541 = DEFINITIONAL_REPRESENTATION('',(#1542),#1552);
#1542 = B_SPLINE_CURVE_WITH_KNOTS('',8,(#1543,#1544,#1545,#1546,#1547,
    #1548,#1549,#1550,#1551),.UNSPECIFIED.,.F.,.F.,(9,9),(2.91194883722,
    4.712388980385),.PIECEWISE_BEZIER_KNOTS.);
#1543 = CARTESIAN_POINT('',(-8.526512829121E-14,61.789980280821));
#1544 = CARTESIAN_POINT('',(0.225055017896,62.19981574001));
#1545 = CARTESIAN_POINT('',(0.450110035791,62.158723774672));
#1546 = CARTESIAN_POINT('',(0.675165053683,61.635081680724));
#1547 = CARTESIAN_POINT('',(0.900220071584,60.645946371194));
#1548 = CARTESIAN_POINT('',(1.125275089474,59.262354318111));
#1549 = CARTESIAN_POINT('',(1.350330107373,57.600881422681));
#1550 = CARTESIAN_POINT('',(1.575385125269,55.800440143165));
#1551 = CARTESIAN_POINT('',(1.800440143165,54.));
#1552 = ( GEOMETRIC_REPRESENTATION_CONTEXT(2) 
PARAMETRIC_REPRESENTATION_CONTEXT() REPRESENTATION_CONTEXT('2D SPACE',''
  ) );
#1553 = ORIENTED_EDGE('',*,*,#1554,.F.);
#1554 = EDGE_CURVE('',#1381,#1519,#1555,.T.);
#1555 = SURFACE_CURVE('',#1556,(#1561,#1574),.PCURVE_S1.);
#1556 = ELLIPSE('',#1557,11.313708498985,8.);
#1557 = AXIS2_PLACEMENT_3D('',#1558,#1559,#1560);
#1558 = CARTESIAN_POINT('',(459.0145093148,418.,763.66538022025));
#1559 = DIRECTION('',(-0.688543485235,-0.707106781187,-0.160959215147));
#1560 = DIRECTION('',(-0.688543485235,0.707106781187,-0.160959215147));
#1561 = PCURVE('',#779,#1562);
#1562 = DEFINITIONAL_REPRESENTATION('',(#1563),#1573);
#1563 = B_SPLINE_CURVE_WITH_KNOTS('',8,(#1564,#1565,#1566,#1567,#1568,
    #1569,#1570,#1571,#1572),.UNSPECIFIED.,.F.,.F.,(9,9),(2.91194883722,
    4.712388980385),.PIECEWISE_BEZIER_KNOTS.);
#1564 = CARTESIAN_POINT('',(1.341152510425,239.69253648856));
#1565 = CARTESIAN_POINT('',(1.566207528321,239.28270102937));
#1566 = CARTESIAN_POINT('',(1.791262546218,239.32379299454));
#1567 = CARTESIAN_POINT('',(2.016317564104,239.84743508871));
#1568 = CARTESIAN_POINT('',(2.241372582017,240.83657039608));
#1569 = CARTESIAN_POINT('',(2.466427599892,242.22016245126));
#1570 = CARTESIAN_POINT('',(2.691482617801,243.88163534656));
#1571 = CARTESIAN_POINT('',(2.916537635694,245.68207662622));
#1572 = CARTESIAN_POINT('',(3.14159265359,247.48251676938));
#1573 = ( GEOMETRIC_REPRESENTATION_CONTEXT(2) 
PARAMETRIC_REPRESENTATION_CONTEXT() REPRESENTATION_CONTEXT('2D SPACE',''
  ) );
#1574 = PCURVE('',#1575,#1580);
#1575 = CYLINDRICAL_SURFACE('',#1576,8.);
#1576 = AXIS2_PLACEMENT_3D('',#1577,#1578,#1579);
#1577 = CARTESIAN_POINT('',(459.0145093148,472.,763.66538022025));
#1578 = DIRECTION('',(0.,-1.,2.22044604925E-16));
#1579 = DIRECTION('',(1.,0.,0.));
#1580 = DEFINITIONAL_REPRESENTATION('',(#1581),#1591);
#1581 = B_SPLINE_CURVE_WITH_KNOTS('',8,(#1582,#1583,#1584,#1585,#1586,
    #1587,#1588,#1589,#1590),.UNSPECIFIED.,.F.,.F.,(9,9),(2.91194883722,
    4.712388980385),.PIECEWISE_BEZIER_KNOTS.);
#1582 = CARTESIAN_POINT('',(-8.526512829121E-14,61.789980280821));
#1583 = CARTESIAN_POINT('',(0.225055017896,62.19981574001));
#1584 = CARTESIAN_POINT('',(0.450110035791,62.158723774672));
#1585 = CARTESIAN_POINT('',(0.675165053683,61.635081680724));
#1586 = CARTESIAN_POINT('',(0.900220071584,60.645946371194));
#1587 = CARTESIAN_POINT('',(1.125275089474,59.262354318111));
#1588 = CARTESIAN_POINT('',(1.350330107373,57.600881422681));
#1589 = CARTESIAN_POINT('',(1.575385125269,55.800440143165));
#1590 = CARTESIAN_POINT('',(1.800440143165,54.));
#1591 = ( GEOMETRIC_REPRESENTATION_CONTEXT(2) 
PARAMETRIC_REPRESENTATION_CONTEXT() REPRESENTATION_CONTEXT('2D SPACE',''
  ) );
#1592 = ADVANCED_FACE('',(#1593,#1675),#1180,.T.);
#1593 = FACE_BOUND('',#1594,.T.);
#1594 = EDGE_LOOP('',(#1595,#1620,#1647,#1648));
#1595 = ORIENTED_EDGE('',*,*,#1596,.T.);
#1596 = EDGE_CURVE('',#1597,#1599,#1601,.T.);
#1597 = VERTEX_POINT('',#1598);
#1598 = CARTESIAN_POINT('',(816.,540.,1.05E+03));
#1599 = VERTEX_POINT('',#1600);
#1600 = CARTESIAN_POINT('',(816.,505.,1.05E+03));
#1601 = SEAM_CURVE('',#1602,(#1606,#1613),.PCURVE_S1.);
#1602 = LINE('',#1603,#1604);
#1603 = CARTESIAN_POINT('',(816.,540.,1.05E+03));
#1604 = VECTOR('',#1605,1.);
#1605 = DIRECTION('',(0.,-1.,2.22044604925E-16));
#1606 = PCURVE('',#1180,#1607);
#1607 = DEFINITIONAL_REPRESENTATION('',(#1608),#1612);
#1608 = LINE('',#1609,#1610);
#1609 = CARTESIAN_POINT('',(6.28318530718,-0.));
#1610 = VECTOR('',#1611,1.);
#1611 = DIRECTION('',(0.,1.));
#1612 = ( GEOMETRIC_REPRESENTATION_CONTEXT(2) 
PARAMETRIC_REPRESENTATION_CONTEXT() REPRESENTATION_CONTEXT('2D SPACE',''
  ) );
#1613 = PCURVE('',#1180,#1614);
#1614 = DEFINITIONAL_REPRESENTATION('',(#1615),#1619);
#1615 = LINE('',#1616,#1617);
#1616 = CARTESIAN_POINT('',(0.,-0.));
#1617 = VECTOR('',#1618,1.);
#1618 = DIRECTION('',(0.,1.));
#1619 = ( GEOMETRIC_REPRESENTATION_CONTEXT(2) 
PARAMETRIC_REPRESENTATION_CONTEXT() REPRESENTATION_CONTEXT('2D SPACE',''
  ) );
#1620 = ORIENTED_EDGE('',*,*,#1621,.F.);
#1621 = EDGE_CURVE('',#1599,#1599,#1622,.T.);
#1622 = SURFACE_CURVE('',#1623,(#1628,#1635),.PCURVE_S1.);
#1623 = CIRCLE('',#1624,16.);
#1624 = AXIS2_PLACEMENT_3D('',#1625,#1626,#1627);
#1625 = CARTESIAN_POINT('',(800.,505.,1.05E+03));
#1626 = DIRECTION('',(0.,-1.,2.22044604925E-16));
#1627 = DIRECTION('',(1.,0.,0.));
#1628 = PCURVE('',#1180,#1629);
#1629 = DEFINITIONAL_REPRESENTATION('',(#1630),#1634);
#1630 = LINE('',#1631,#1632);
#1631 = CARTESIAN_POINT('',(0.,35.));
#1632 = VECTOR('',#1633,1.);
#1633 = DIRECTION('',(1.,0.));
#1634 = ( GEOMETRIC_REPRESENTATION_CONTEXT(2) 
PARAMETRIC_REPRESENTATION_CONTEXT() REPRESENTATION_CONTEXT('2D SPACE',''
  ) );
#1635 = PCURVE('',#1636,#1641);
#1636 = PLANE('',#1637);
#1637 = AXIS2_PLACEMENT_3D('',#1638,#1639,#1640);
#1638 = CARTESIAN_POINT('',(800.,505.,1.05E+03));
#1639 = DIRECTION('',(0.,-1.,2.22044604925E-16));
#1640 = DIRECTION('',(1.,0.,0.));
#1641 = DEFINITIONAL_REPRESENTATION('',(#1642),#1646);
#1642 = CIRCLE('',#1643,16.);
#1643 = AXIS2_PLACEMENT_2D('',#1644,#1645);
#1644 = CARTESIAN_POINT('',(0.,0.));
#1645 = DIRECTION('',(1.,0.));
#1646 = ( GEOMETRIC_REPRESENTATION_CONTEXT(2) 
PARAMETRIC_REPRESENTATION_CONTEXT() REPRESENTATION_CONTEXT('2D SPACE',''
  ) );
#1647 = ORIENTED_EDGE('',*,*,#1596,.F.);
#1648 = ORIENTED_EDGE('',*,*,#1649,.T.);
#1649 = EDGE_CURVE('',#1597,#1597,#1650,.T.);
#1650 = SURFACE_CURVE('',#1651,(#1656,#1663),.PCURVE_S1.);
#1651 = CIRCLE('',#1652,16.);
#1652 = AXIS2_PLACEMENT_3D('',#1653,#1654,#1655);
#1653 = CARTESIAN_POINT('',(800.,540.,1.05E+03));
#1654 = DIRECTION('',(0.,-1.,2.22044604925E-16));
#1655 = DIRECTION('',(1.,0.,0.));
#1656 = PCURVE('',#1180,#1657);
#1657 = DEFINITIONAL_REPRESENTATION('',(#1658),#1662);
#1658 = LINE('',#1659,#1660);
#1659 = CARTESIAN_POINT('',(0.,0.));
#1660 = VECTOR('',#1661,1.);
#1661 = DIRECTION('',(1.,0.));
#1662 = ( GEOMETRIC_REPRESENTATION_CONTEXT(2) 
PARAMETRIC_REPRESENTATION_CONTEXT() REPRESENTATION_CONTEXT('2D SPACE',''
  ) );
#1663 = PCURVE('',#1664,#1669);
#1664 = PLANE('',#1665);
#1665 = AXIS2_PLACEMENT_3D('',#1666,#1667,#1668);
#1666 = CARTESIAN_POINT('',(800.,540.,1.05E+03));
#1667 = DIRECTION('',(0.,-1.,2.22044604925E-16));
#1668 = DIRECTION('',(1.,0.,0.));
#1669 = DEFINITIONAL_REPRESENTATION('',(#1670),#1674);
#1670 = CIRCLE('',#1671,16.);
#1671 = AXIS2_PLACEMENT_2D('',#1672,#1673);
#1672 = CARTESIAN_POINT('',(0.,0.));
#1673 = DIRECTION('',(1.,0.));
#1674 = ( GEOMETRIC_REPRESENTATION_CONTEXT(2) 
PARAMETRIC_REPRESENTATION_CONTEXT() REPRESENTATION_CONTEXT('2D SPACE',''
  ) );
#1675 = FACE_BOUND('',#1676,.T.);
#1676 = EDGE_LOOP('',(#1677));
#1677 = ORIENTED_EDGE('',*,*,#928,.T.);
#1678 = ADVANCED_FACE('',(#1679),#1403,.T.);
#1679 = FACE_BOUND('',#1680,.T.);
#1680 = EDGE_LOOP('',(#1681,#1682,#1705,#1732,#1733,#1734,#1757,#1784,
    #1785));
#1681 = ORIENTED_EDGE('',*,*,#1378,.T.);
#1682 = ORIENTED_EDGE('',*,*,#1683,.T.);
#1683 = EDGE_CURVE('',#1381,#1684,#1686,.T.);
#1684 = VERTEX_POINT('',#1685);
#1685 = CARTESIAN_POINT('',(467.0145093148,410.,763.66538022025));
#1686 = SURFACE_CURVE('',#1687,(#1691,#1698),.PCURVE_S1.);
#1687 = LINE('',#1688,#1689);
#1688 = CARTESIAN_POINT('',(467.0145093148,472.,763.66538022025));
#1689 = VECTOR('',#1690,1.);
#1690 = DIRECTION('',(0.,-1.,2.22044604925E-16));
#1691 = PCURVE('',#1403,#1692);
#1692 = DEFINITIONAL_REPRESENTATION('',(#1693),#1697);
#1693 = LINE('',#1694,#1695);
#1694 = CARTESIAN_POINT('',(6.28318530718,-0.));
#1695 = VECTOR('',#1696,1.);
#1696 = DIRECTION('',(0.,1.));
#1697 = ( GEOMETRIC_REPRESENTATION_CONTEXT(2) 
PARAMETRIC_REPRESENTATION_CONTEXT() REPRESENTATION_CONTEXT('2D SPACE',''
  ) );
#1698 = PCURVE('',#1575,#1699);
#1699 = DEFINITIONAL_REPRESENTATION('',(#1700),#1704);
#1700 = LINE('',#1701,#1702);
#1701 = CARTESIAN_POINT('',(0.,-0.));
#1702 = VECTOR('',#1703,1.);
#1703 = DIRECTION('',(0.,1.));
#1704 = ( GEOMETRIC_REPRESENTATION_CONTEXT(2) 
PARAMETRIC_REPRESENTATION_CONTEXT() REPRESENTATION_CONTEXT('2D SPACE',''
  ) );
#1705 = ORIENTED_EDGE('',*,*,#1706,.F.);
#1706 = EDGE_CURVE('',#1519,#1684,#1707,.T.);
#1707 = SURFACE_CURVE('',#1708,(#1713,#1720),.PCURVE_S1.);
#1708 = CIRCLE('',#1709,8.);
#1709 = AXIS2_PLACEMENT_3D('',#1710,#1711,#1712);
#1710 = CARTESIAN_POINT('',(459.0145093148,410.,763.66538022025));
#1711 = DIRECTION('',(0.,-1.,2.22044604925E-16));
#1712 = DIRECTION('',(1.,0.,0.));
#1713 = PCURVE('',#1403,#1714);
#1714 = DEFINITIONAL_REPRESENTATION('',(#1715),#1719);
#1715 = LINE('',#1716,#1717);
#1716 = CARTESIAN_POINT('',(0.,62.));
#1717 = VECTOR('',#1718,1.);
#1718 = DIRECTION('',(1.,0.));
#1719 = ( GEOMETRIC_REPRESENTATION_CONTEXT(2) 
PARAMETRIC_REPRESENTATION_CONTEXT() REPRESENTATION_CONTEXT('2D SPACE',''
  ) );
#1720 = PCURVE('',#1721,#1726);
#1721 = PLANE('',#1722);
#1722 = AXIS2_PLACEMENT_3D('',#1723,#1724,#1725);
#1723 = CARTESIAN_POINT('',(459.0145093148,410.,763.66538022025));
#1724 = DIRECTION('',(0.,-1.,2.22044604925E-16));
#1725 = DIRECTION('',(1.,0.,0.));
#1726 = DEFINITIONAL_REPRESENTATION('',(#1727),#1731);
#1727 = CIRCLE('',#1728,8.);
#1728 = AXIS2_PLACEMENT_2D('',#1729,#1730);
#1729 = CARTESIAN_POINT('',(0.,0.));
#1730 = DIRECTION('',(1.,0.));
#1731 = ( GEOMETRIC_REPRESENTATION_CONTEXT(2) 
PARAMETRIC_REPRESENTATION_CONTEXT() REPRESENTATION_CONTEXT('2D SPACE',''
  ) );
#1732 = ORIENTED_EDGE('',*,*,#1518,.T.);
#1733 = ORIENTED_EDGE('',*,*,#1482,.T.);
#1734 = ORIENTED_EDGE('',*,*,#1735,.F.);
#1735 = EDGE_CURVE('',#1736,#1447,#1738,.T.);
#1736 = VERTEX_POINT('',#1737);
#1737 = CARTESIAN_POINT('',(467.0145093148,472.,763.66538022025));
#1738 = SEAM_CURVE('',#1739,(#1743,#1750),.PCURVE_S1.);
#1739 = LINE('',#1740,#1741);
#1740 = CARTESIAN_POINT('',(467.0145093148,472.,763.66538022025));
#1741 = VECTOR('',#1742,1.);
#1742 = DIRECTION('',(0.,-1.,2.22044604925E-16));
#1743 = PCURVE('',#1403,#1744);
#1744 = DEFINITIONAL_REPRESENTATION('',(#1745),#1749);
#1745 = LINE('',#1746,#1747);
#1746 = CARTESIAN_POINT('',(0.,-0.));
#1747 = VECTOR('',#1748,1.);
#1748 = DIRECTION('',(0.,1.));
#1749 = ( GEOMETRIC_REPRESENTATION_CONTEXT(2) 
PARAMETRIC_REPRESENTATION_CONTEXT() REPRESENTATION_CONTEXT('2D SPACE',''
  ) );
#1750 = PCURVE('',#1403,#1751);
#1751 = DEFINITIONAL_REPRESENTATION('',(#1752),#1756);
#1752 = LINE('',#1753,#1754);
#1753 = CARTESIAN_POINT('',(6.28318530718,-0.));
#1754 = VECTOR('',#1755,1.);
#1755 = DIRECTION('',(0.,1.));
#1756 = ( GEOMETRIC_REPRESENTATION_CONTEXT(2) 
PARAMETRIC_REPRESENTATION_CONTEXT() REPRESENTATION_CONTEXT('2D SPACE',''
  ) );
#1757 = ORIENTED_EDGE('',*,*,#1758,.T.);
#1758 = EDGE_CURVE('',#1736,#1736,#1759,.T.);
#1759 = SURFACE_CURVE('',#1760,(#1765,#1772),.PCURVE_S1.);
#1760 = CIRCLE('',#1761,8.);
#1761 = AXIS2_PLACEMENT_3D('',#1762,#1763,#1764);
#1762 = CARTESIAN_POINT('',(459.0145093148,472.,763.66538022025));
#1763 = DIRECTION('',(0.,-1.,2.22044604925E-16));
#1764 = DIRECTION('',(1.,0.,0.));
#1765 = PCURVE('',#1403,#1766);
#1766 = DEFINITIONAL_REPRESENTATION('',(#1767),#1771);
#1767 = LINE('',#1768,#1769);
#1768 = CARTESIAN_POINT('',(0.,0.));
#1769 = VECTOR('',#1770,1.);
#1770 = DIRECTION('',(1.,0.));
#1771 = ( GEOMETRIC_REPRESENTATION_CONTEXT(2) 
PARAMETRIC_REPRESENTATION_CONTEXT() REPRESENTATION_CONTEXT('2D SPACE',''
  ) );
#1772 = PCURVE('',#1773,#1778);
#1773 = PLANE('',#1774);
#1774 = AXIS2_PLACEMENT_3D('',#1775,#1776,#1777);
#1775 = CARTESIAN_POINT('',(459.0145093148,472.,763.66538022025));
#1776 = DIRECTION('',(0.,-1.,2.22044604925E-16));
#1777 = DIRECTION('',(1.,0.,0.));
#1778 = DEFINITIONAL_REPRESENTATION('',(#1779),#1783);
#1779 = CIRCLE('',#1780,8.);
#1780 = AXIS2_PLACEMENT_2D('',#1781,#1782);
#1781 = CARTESIAN_POINT('',(0.,0.));
#1782 = DIRECTION('',(1.,0.));
#1783 = ( GEOMETRIC_REPRESENTATION_CONTEXT(2) 
PARAMETRIC_REPRESENTATION_CONTEXT() REPRESENTATION_CONTEXT('2D SPACE',''
  ) );
#1784 = ORIENTED_EDGE('',*,*,#1735,.T.);
#1785 = ORIENTED_EDGE('',*,*,#1446,.T.);
#1786 = ADVANCED_FACE('',(#1787),#1575,.T.);
#1787 = FACE_BOUND('',#1788,.T.);
#1788 = EDGE_LOOP('',(#1789,#1811,#1812));
#1789 = ORIENTED_EDGE('',*,*,#1790,.F.);
#1790 = EDGE_CURVE('',#1684,#1519,#1791,.T.);
#1791 = SURFACE_CURVE('',#1792,(#1797,#1804),.PCURVE_S1.);
#1792 = CIRCLE('',#1793,8.);
#1793 = AXIS2_PLACEMENT_3D('',#1794,#1795,#1796);
#1794 = CARTESIAN_POINT('',(459.0145093148,410.,763.66538022025));
#1795 = DIRECTION('',(0.,-1.,2.22044604925E-16));
#1796 = DIRECTION('',(1.,0.,0.));
#1797 = PCURVE('',#1575,#1798);
#1798 = DEFINITIONAL_REPRESENTATION('',(#1799),#1803);
#1799 = LINE('',#1800,#1801);
#1800 = CARTESIAN_POINT('',(0.,62.));
#1801 = VECTOR('',#1802,1.);
#1802 = DIRECTION('',(1.,0.));
#1803 = ( GEOMETRIC_REPRESENTATION_CONTEXT(2) 
PARAMETRIC_REPRESENTATION_CONTEXT() REPRESENTATION_CONTEXT('2D SPACE',''
  ) );
#1804 = PCURVE('',#1721,#1805);
#1805 = DEFINITIONAL_REPRESENTATION('',(#1806),#1810);
#1806 = CIRCLE('',#1807,8.);
#1807 = AXIS2_PLACEMENT_2D('',#1808,#1809);
#1808 = CARTESIAN_POINT('',(0.,0.));
#1809 = DIRECTION('',(1.,0.));
#1810 = ( GEOMETRIC_REPRESENTATION_CONTEXT(2) 
PARAMETRIC_REPRESENTATION_CONTEXT() REPRESENTATION_CONTEXT('2D SPACE',''
  ) );
#1811 = ORIENTED_EDGE('',*,*,#1683,.F.);
#1812 = ORIENTED_EDGE('',*,*,#1554,.T.);
#1813 = ADVANCED_FACE('',(#1814),#1664,.F.);
#1814 = FACE_BOUND('',#1815,.T.);
#1815 = EDGE_LOOP('',(#1816));
#1816 = ORIENTED_EDGE('',*,*,#1649,.F.);
#1817 = ADVANCED_FACE('',(#1818),#1636,.T.);
#1818 = FACE_BOUND('',#1819,.T.);
#1819 = EDGE_LOOP('',(#1820));
#1820 = ORIENTED_EDGE('',*,*,#1621,.T.);
#1821 = ADVANCED_FACE('',(#1822),#1721,.T.);
#1822 = FACE_BOUND('',#1823,.T.);
#1823 = EDGE_LOOP('',(#1824,#1825));
#1824 = ORIENTED_EDGE('',*,*,#1790,.T.);
#1825 = ORIENTED_EDGE('',*,*,#1706,.T.);
#1826 = ADVANCED_FACE('',(#1827),#1773,.F.);
#1827 = FACE_BOUND('',#1828,.T.);
#1828 = EDGE_LOOP('',(#1829));
#1829 = ORIENTED_EDGE('',*,*,#1758,.F.);
#1830 = ( GEOMETRIC_REPRESENTATION_CONTEXT(3) 
GLOBAL_UNCERTAINTY_ASSIGNED_CONTEXT((#1834)) 
GLOBAL_UNIT_ASSIGNED_CONTEXT((#1831,#1832,#1833)) REPRESENTATION_CONTEXT
('Context #1','3D Context with UNIT and UNCERTAINTY') );
#1831 = ( LENGTH_UNIT() NAMED_UNIT(*) SI_UNIT(.MILLI.,.METRE.) );
#1832 = ( NAMED_UNIT(*) PLANE_ANGLE_UNIT() SI_UNIT($,.RADIAN.) );
#1833 = ( NAMED_UNIT(*) SI_UNIT($,.STERADIAN.) SOLID_ANGLE_UNIT() );
#1834 = UNCERTAINTY_MEASURE_WITH_UNIT(LENGTH_MEASURE(1.E-05),#1831,
  'distance_accuracy_value','confusion accuracy');
#1835 = PRODUCT_RELATED_PRODUCT_CATEGORY('part',$,(#7));
ENDSEC;
END-ISO-10303-21;
